published_date,open,high,low,close,per_change,traded_quantity,traded_amount,status
1997-07-20,173.26,173.26,173.26,173.26,0.00,,0.00,A
1997-07-21,173.25,173.25,173.25,173.25,0.00,,0.00,A
1997-07-22,173.03,173.03,173.03,173.03,0.00,,0.00,A
1997-07-23,172.68,173.03,173.03,173.03,0.00,,0.00,A
1997-07-24,172.66,172.66,172.66,172.66,0.00,,0.00,A
1997-07-27,173.15,173.15,173.15,173.15,0.00,,0.00,A
1997-07-29,172.88,172.88,172.88,172.88,0.00,,0.00,A
1997-07-30,172.12,172.12,172.12,172.12,0.00,,0.00,A
1997-07-31,171.70,171.70,171.70,171.70,0.00,,0.00,A
1997-08-03,171.52,171.52,171.52,171.52,0.00,,0.00,A
1997-08-04,171.36,171.36,171.36,171.36,0.00,,0.00,A
1997-08-05,171.16,171.16,171.16,171.16,0.00,,0.00,A
1997-08-06,171.10,171.10,171.10,171.10,0.00,,0.00,A
1997-08-07,171.24,171.24,171.24,171.24,0.00,,0.00,A
1997-08-10,170.39,170.39,170.39,170.39,0.00,,0.00,A
1997-08-11,169.38,169.38,169.38,169.38,0.00,,0.00,A
1997-08-12,169.28,169.28,169.28,169.28,0.00,,0.00,A
1997-08-13,169.28,169.28,169.28,169.28,0.00,,0.00,A
1997-08-14,169.52,169.52,169.52,169.52,0.00,,0.00,A
1997-08-17,169.57,169.57,169.57,169.57,0.00,,0.00,A
1997-08-20,169.76,169.76,169.76,169.76,0.00,,0.00,A
1997-08-21,169.57,169.57,169.57,169.57,0.00,,0.00,A
1997-08-24,169.91,169.91,169.91,169.91,0.00,,0.00,A
1997-08-26,169.57,169.57,169.57,169.57,0.00,,0.00,A
1997-08-27,169.87,169.87,169.87,169.87,0.00,,0.00,A
1997-08-28,169.98,169.98,169.98,169.98,0.00,,0.00,A
1997-08-31,169.64,169.64,169.64,169.64,0.00,,0.00,A
1997-09-01,170.13,170.13,170.13,170.13,0.00,,0.00,A
1997-09-02,170.20,170.20,170.20,170.20,0.00,,0.00,A
1997-09-03,168.74,168.74,168.74,168.74,0.00,,0.00,A
1997-09-04,168.63,168.63,168.63,168.63,0.00,,0.00,A
1997-09-07,168.49,168.49,168.49,168.49,0.00,,0.00,A
1997-09-08,168.84,168.84,168.84,168.84,0.00,,0.00,A
1997-09-09,169.18,169.18,169.18,169.18,0.00,,0.00,A
1997-09-10,169.17,169.17,169.17,169.17,0.00,,0.00,A
1997-09-11,169.99,169.99,169.99,169.99,0.00,,0.00,A
1997-09-14,170.10,170.10,170.10,170.10,0.00,,0.00,A
1997-09-16,170.45,170.45,170.45,170.45,0.00,,0.00,A
1997-09-17,170.60,170.60,170.60,170.60,0.00,,0.00,A
1997-09-18,169.67,169.67,169.67,169.67,0.00,,0.00,A
1997-09-21,170.31,170.31,170.31,170.31,0.00,,0.00,A
1997-09-22,170.06,170.06,170.06,170.06,0.00,,0.00,A
1997-09-23,170.43,170.43,170.43,170.43,0.00,,0.00,A
1997-09-24,169.96,169.96,169.96,169.96,0.00,,0.00,A
1997-09-25,169.97,169.97,169.97,169.97,0.00,,0.00,A
1997-09-28,170.71,170.71,170.71,170.71,0.00,,0.00,A
1997-09-29,170.64,170.64,170.64,170.64,0.00,,0.00,A
1997-09-30,171.23,171.23,171.23,171.23,0.00,,0.00,A
1997-10-01,170.20,170.20,170.20,170.20,0.00,,0.00,A
1997-10-05,169.80,169.80,169.80,169.80,0.00,,0.00,A
1997-10-06,169.70,169.70,169.70,169.70,0.00,,0.00,A
1997-10-07,169.68,169.68,169.68,169.68,0.00,,0.00,A
1997-10-16,169.43,169.43,169.43,169.43,0.00,,0.00,A
1997-10-19,169.51,169.51,169.51,169.51,0.00,,0.00,A
1997-10-20,169.55,169.55,169.55,169.55,0.00,,0.00,A
1997-10-21,169.29,169.29,169.29,169.29,0.00,,0.00,A
1997-10-22,170.33,170.33,170.33,170.33,0.00,,0.00,A
1997-10-23,171.04,171.04,171.04,171.04,0.00,,0.00,A
1997-10-26,170.61,170.61,170.61,170.61,0.00,,0.00,A
1997-10-27,172.96,172.96,172.96,172.96,0.00,,0.00,A
1997-10-28,172.00,172.00,172.00,172.00,0.00,,0.00,A
1997-10-29,173.43,173.43,173.43,173.43,0.00,,0.00,A
1997-11-03,173.44,173.44,173.44,173.44,0.00,,0.00,A
1997-11-04,172.68,172.68,172.68,172.68,0.00,,0.00,A
1997-11-05,173.03,173.03,173.03,173.03,0.00,,0.00,A
1997-11-06,172.07,172.07,172.07,172.07,0.00,,0.00,A
1997-11-09,173.02,173.02,173.02,173.02,0.00,,0.00,A
1997-11-10,172.46,172.46,172.46,172.46,0.00,,0.00,A
1997-11-11,172.08,172.08,172.08,172.08,0.00,,0.00,A
1997-11-12,171.96,171.96,171.96,171.96,0.00,,0.00,A
1997-11-13,172.02,172.02,172.02,172.02,0.00,,0.00,A
1997-11-16,172.02,172.02,172.02,172.02,0.00,,0.00,A
1997-11-17,172.80,172.80,172.80,172.80,0.00,,0.00,A
1997-11-18,172.68,172.68,172.68,172.68,0.00,,0.00,A
1997-11-19,172.35,172.35,172.35,172.35,0.00,,0.00,A
1997-11-20,173.01,173.01,173.01,173.01,0.00,,0.00,A
1997-11-23,173.28,173.28,173.28,173.28,0.00,,0.00,A
1997-11-24,173.10,173.10,173.10,173.10,0.00,,0.00,A
1997-11-25,173.28,173.28,173.28,173.28,0.00,,0.00,A
1997-11-26,172.39,172.39,172.39,172.39,0.00,,0.00,A
1997-11-27,172.14,172.14,172.14,172.14,0.00,,0.00,A
1997-11-30,171.64,171.64,171.64,171.64,0.00,,0.00,A
1997-12-01,171.77,171.77,171.77,171.77,0.00,,0.00,A
1997-12-02,171.19,171.19,171.19,171.19,0.00,,0.00,A
1997-12-03,170.08,170.08,170.08,170.08,0.00,,0.00,A
1997-12-04,170.22,170.22,170.22,170.22,0.00,,0.00,A
1997-12-07,170.68,170.68,170.68,170.68,0.00,,0.00,A
1997-12-08,170.54,170.54,170.54,170.54,0.00,,0.00,A
1997-12-09,170.24,170.24,170.24,170.24,0.00,,0.00,A
1997-12-10,171.14,171.14,171.14,171.14,0.00,,0.00,A
1997-12-11,171.19,171.19,171.19,171.19,0.00,,0.00,A
1997-12-14,170.56,170.56,170.56,170.56,0.00,,0.00,A
1997-12-15,170.16,170.16,170.16,170.16,0.00,,0.00,A
1997-12-16,170.11,170.11,170.11,170.11,0.00,,0.00,A
1997-12-17,170.90,170.90,170.90,170.90,0.00,,0.00,A
1997-12-18,171.70,171.70,171.70,171.70,0.00,,0.00,A
1997-12-21,170.83,170.83,170.83,170.83,0.00,,0.00,A
1997-12-22,170.57,170.57,170.57,170.57,0.00,,0.00,A
1997-12-23,170.52,170.52,170.52,170.52,0.00,,0.00,A
1997-12-24,170.94,170.94,170.94,170.94,0.00,,0.00,A
1997-12-25,170.74,170.74,170.74,170.74,0.00,,0.00,A
1997-12-28,170.83,170.83,170.83,170.83,0.00,,0.00,A
1997-12-30,170.70,170.70,170.70,170.70,0.00,,0.00,A
1997-12-31,170.93,170.93,170.93,170.93,0.00,,0.00,A
1998-01-04,170.21,170.21,170.21,170.21,0.00,,0.00,A
1998-01-05,170.23,170.23,170.23,170.23,0.00,,0.00,A
1998-01-06,170.39,170.39,170.39,170.39,0.00,,0.00,A
1998-01-07,170.32,170.32,170.32,170.32,0.00,,0.00,A
1998-01-08,170.69,170.69,170.69,170.69,0.00,,0.00,A
1998-01-12,170.73,170.73,170.73,170.73,0.00,,0.00,A
1998-01-13,170.60,170.60,170.60,170.60,0.00,,0.00,A
1998-02-15,176.60,176.60,176.60,176.60,0.00,,0.00,A
1998-02-16,176.62,176.62,176.62,176.62,0.00,,0.00,A
1998-02-17,176.11,176.11,176.11,176.11,0.00,,0.00,A
1998-02-18,176.12,176.12,176.12,176.12,0.00,,0.00,A
1998-02-22,176.50,176.50,176.50,176.50,0.00,,0.00,A
1998-02-23,176.57,176.57,176.57,176.57,0.00,,0.00,A
1998-02-26,178.68,178.68,178.68,178.68,0.00,,0.00,A
1998-03-01,177.58,177.58,177.58,177.58,0.00,,0.00,A
1998-03-02,177.86,177.86,177.86,177.86,0.00,,0.00,A
1998-03-03,178.04,178.04,178.04,178.04,0.00,,0.00,A
1998-03-04,178.56,178.56,178.56,178.56,0.00,,0.00,A
1998-03-05,179.42,179.42,179.42,179.42,0.00,,0.00,A
1998-03-08,180.31,180.31,180.31,180.31,0.00,,0.00,A
1998-03-09,180.29,180.29,180.29,180.29,0.00,,0.00,A
1998-03-10,180.22,180.22,180.22,180.22,0.00,,0.00,A
1998-03-11,180.36,180.36,180.36,180.36,0.00,,0.00,A
1998-03-15,180.84,180.84,180.84,180.84,0.00,,0.00,A
1998-03-16,169.71,169.71,169.71,169.71,0.00,,0.00,A
1998-03-17,168.91,168.91,168.91,168.91,0.00,,0.00,A
1998-03-18,169.49,169.49,169.49,169.49,0.00,,0.00,A
1998-03-19,170.23,170.23,170.23,170.23,0.00,,0.00,A
1998-03-22,165.87,165.87,165.87,165.87,0.00,,0.00,A
1998-03-23,166.06,166.06,166.06,166.06,0.00,,0.00,A
1998-03-24,166.34,166.34,166.34,166.34,0.00,,0.00,A
1998-03-25,166.62,166.62,166.62,166.62,0.00,,0.00,A
1998-03-26,167.40,167.40,167.40,167.40,0.00,,0.00,A
1998-03-29,167.83,167.83,167.83,167.83,0.00,,0.00,A
1998-03-30,167.06,167.06,167.06,167.06,0.00,,0.00,A
1998-03-31,166.62,166.62,166.62,166.62,0.00,,0.00,A
1998-04-01,166.37,166.37,166.37,166.37,0.00,,0.00,A
1998-04-02,165.87,165.87,165.87,165.87,0.00,,0.00,A
1998-04-06,166.47,166.47,166.47,166.47,0.00,,0.00,A
1998-04-07,166.64,166.64,166.64,166.64,0.00,,0.00,A
1998-04-08,166.06,166.06,166.06,166.06,0.00,,0.00,A
1998-04-09,165.82,165.82,165.82,165.82,0.00,,0.00,A
1998-04-12,159.38,159.38,159.38,159.38,0.00,,0.00,A
1998-04-13,158.86,158.86,158.86,158.86,0.00,,0.00,A
1998-05-14,157.97,157.97,157.97,157.97,0.00,,0.00,A
1998-05-17,158.01,158.01,158.01,158.01,0.00,,0.00,A
1998-05-18,157.69,157.69,157.69,157.69,0.00,,0.00,A
1998-05-19,157.57,157.57,157.57,157.57,0.00,,0.00,A
1998-05-20,157.29,157.29,157.29,157.29,0.00,,0.00,A
1998-05-21,157.57,157.57,157.57,157.57,0.00,,0.00,A
1998-05-24,157.68,157.68,157.68,157.68,0.00,,0.00,A
1998-05-25,156.84,156.84,156.84,156.84,0.00,,0.00,A
1998-05-26,157.05,157.05,157.05,157.05,0.00,,0.00,A
1998-05-27,157.56,157.56,157.56,157.56,0.00,,0.00,A
1998-05-28,156.86,156.86,156.86,156.86,0.00,,0.00,A
1998-06-01,156.86,156.86,156.86,156.86,0.00,,0.00,A
1998-06-02,156.43,156.43,156.43,156.43,0.00,,0.00,A
1998-06-03,156.91,156.91,156.91,156.91,0.00,,0.00,A
1998-06-04,156.77,156.77,156.77,156.77,0.00,,0.00,A
1998-06-07,156.78,156.78,156.78,156.78,0.00,,0.00,A
1998-06-08,158.05,158.05,158.05,158.05,0.00,,0.00,A
1998-06-09,158.32,158.32,158.32,158.32,0.00,,0.00,A
1998-06-10,159.56,159.56,159.56,159.56,0.00,,0.00,A
1998-06-11,160.16,160.16,160.16,160.16,0.00,,0.00,A
1998-06-14,159.95,159.95,159.95,159.95,0.00,,0.00,A
1998-06-15,160.23,160.23,160.23,160.23,0.00,,0.00,A
1998-06-16,160.38,160.38,160.38,160.38,0.00,,0.00,A
1998-06-17,161.13,161.13,161.13,161.13,0.00,,0.00,A
1998-06-18,160.72,160.72,160.72,160.72,0.00,,0.00,A
1998-06-21,161.02,161.02,161.02,161.02,0.00,,0.00,A
1998-06-22,161.34,161.34,161.34,161.34,0.00,,0.00,A
1998-06-23,163.01,163.01,163.01,163.01,0.00,,0.00,A
1998-06-24,164.07,164.07,164.07,164.07,0.00,,0.00,A
1998-06-25,164.68,164.68,164.68,164.68,0.00,,0.00,A
1998-06-28,165.92,165.92,165.92,165.92,0.00,,0.00,A
1998-06-29,165.65,165.65,165.65,165.65,0.00,,0.00,A
1998-06-30,165.87,165.87,165.87,165.87,0.00,,0.00,A
1998-07-01,166.03,166.03,166.03,166.03,0.00,,0.00,A
1998-07-02,166.05,166.05,166.05,166.05,0.00,,0.00,A
1998-07-05,165.41,165.41,165.41,165.41,0.00,,0.00,A
1998-07-06,164.33,164.33,164.33,164.33,0.00,,0.00,A
1998-07-07,163.73,163.73,163.73,163.73,0.00,,0.00,A
1998-07-08,163.44,163.44,163.44,163.44,0.00,,0.00,A
1998-07-09,162.59,162.59,162.59,162.59,0.00,,0.00,A
1998-07-13,162.49,162.49,162.49,162.49,0.00,,0.00,A
1998-07-14,162.85,162.85,162.85,162.85,0.00,,0.00,A
1998-07-15,163.77,163.77,163.77,163.77,0.00,,0.00,A
1998-07-16,163.35,163.35,163.35,163.35,0.00,,0.00,A
1998-07-19,164.01,164.01,164.01,164.01,0.00,,0.00,A
1998-07-20,164.04,164.04,164.04,164.04,0.00,,0.00,A
1998-07-21,162.41,162.41,162.41,162.41,0.00,,0.00,A
1998-07-22,161.57,161.57,161.57,161.57,0.00,,0.00,A
1998-07-23,161.52,161.52,161.52,161.52,0.00,,0.00,A
1998-07-26,160.14,160.14,160.14,160.14,0.00,,0.00,A
1998-07-27,160.96,160.96,160.96,160.96,0.00,,0.00,A
1998-07-28,161.21,161.21,161.21,161.21,0.00,,0.00,A
1998-07-29,160.97,160.97,160.97,160.97,0.00,,0.00,A
1998-07-30,161.29,161.29,161.29,161.29,0.00,,0.00,A
1998-08-02,161.85,161.85,161.85,161.85,0.00,,0.00,A
1998-08-03,162.07,162.07,162.07,162.07,0.00,,0.00,A
1998-08-04,162.16,162.16,162.16,162.16,0.00,,0.00,A
1998-08-05,162.37,162.37,162.37,162.37,0.00,,0.00,A
1998-08-06,163.76,163.76,163.76,163.76,0.00,,0.00,A
1998-08-10,164.25,164.25,164.25,164.25,0.00,,0.00,A
1998-08-11,164.77,164.77,164.77,164.77,0.00,,0.00,A
1998-08-12,165.43,165.43,165.43,165.43,0.00,,0.00,A
1998-08-13,166.02,166.02,166.02,166.02,0.00,,0.00,A
1998-08-17,166.28,166.28,166.28,166.28,0.00,,0.00,A
1998-08-18,165.75,165.75,165.75,165.75,0.00,,0.00,A
1998-08-19,166.47,166.47,166.47,166.47,0.00,,0.00,A
1998-08-20,166.08,166.08,166.08,166.08,0.00,,0.00,A
1998-08-23,166.83,166.83,166.83,166.83,0.00,,0.00,A
1998-08-24,166.19,166.19,166.19,166.19,0.00,,0.00,A
1998-08-25,166.82,166.82,166.82,166.82,0.00,,0.00,A
1998-08-26,166.66,166.66,166.66,166.66,0.00,,0.00,A
1998-08-27,166.21,166.21,166.21,166.21,0.00,,0.00,A
1998-08-30,166.59,166.59,166.59,166.59,0.00,,0.00,A
1998-08-31,166.54,166.54,166.54,166.54,0.00,,0.00,A
1998-09-01,166.56,166.56,166.56,166.56,0.00,,0.00,A
1998-09-02,166.17,166.17,166.17,166.17,0.00,,0.00,A
1998-09-03,166.36,166.36,166.36,166.36,0.00,,0.00,A
1998-09-06,166.37,166.37,166.37,166.37,0.00,,0.00,A
1998-09-07,166.21,166.21,166.21,166.21,0.00,,0.00,A
1998-09-08,167.30,167.30,167.30,167.30,0.00,,0.00,A
1998-09-09,167.49,167.49,167.49,167.49,0.00,,0.00,A
1998-09-10,167.74,167.74,167.74,167.74,0.00,,0.00,A
1998-09-13,168.06,168.06,168.06,168.06,0.00,,0.00,A
1998-09-14,168.21,168.21,168.21,168.21,0.00,,0.00,A
1998-09-15,168.51,168.51,168.51,168.51,0.00,,0.00,A
1998-09-16,168.42,168.42,168.42,168.42,0.00,,0.00,A
1998-09-17,168.53,168.53,168.53,168.53,0.00,,0.00,A
1998-09-20,169.01,169.01,169.01,169.01,0.00,,0.00,A
1998-09-22,168.18,168.18,168.18,168.18,0.00,,0.00,A
1998-09-23,168.28,168.28,168.28,168.28,0.00,,0.00,A
1998-09-24,166.72,166.72,166.72,166.72,0.00,,0.00,A
1998-09-27,166.22,166.22,166.22,166.22,0.00,,0.00,A
1998-10-06,165.75,165.75,165.75,165.75,0.00,,0.00,A
1998-10-07,167.35,167.35,167.35,167.35,0.00,,0.00,A
1998-10-08,167.48,167.48,167.48,167.48,0.00,,0.00,A
1998-10-11,167.95,167.95,167.95,167.95,0.00,,0.00,A
1998-10-12,167.95,167.95,167.95,167.95,0.00,,0.00,A
1998-10-13,168.42,168.42,168.42,168.42,0.00,,0.00,A
1998-10-14,168.69,168.69,168.69,168.69,0.00,,0.00,A
1998-10-15,168.75,168.75,168.75,168.75,0.00,,0.00,A
1998-10-18,169.61,169.61,169.61,169.61,0.00,,0.00,A
1998-10-25,170.07,170.07,170.07,170.07,0.00,,0.00,A
1998-10-26,169.71,169.71,169.71,169.71,0.00,,0.00,A
1998-10-27,170.60,170.60,170.60,170.60,0.00,,0.00,A
1998-10-28,171.39,171.39,171.39,171.39,0.00,,0.00,A
1998-10-29,172.00,172.00,172.00,172.00,0.00,,0.00,A
1998-11-01,172.41,172.41,172.41,172.41,0.00,,0.00,A
1998-11-03,174.98,174.98,174.98,174.98,0.00,,0.00,A
1998-11-04,176.81,176.81,176.81,176.81,0.00,,0.00,A
1998-11-05,179.29,179.29,179.29,179.29,0.00,,0.00,A
1998-11-08,182.06,182.06,182.06,182.06,0.00,,0.00,A
1998-11-10,181.67,181.67,181.67,181.67,0.00,,0.00,A
1998-11-11,183.58,183.58,183.58,183.58,0.00,,0.00,A
1998-11-12,183.77,183.77,183.77,183.77,0.00,,0.00,A
1998-11-15,183.78,183.78,183.78,183.78,0.00,,0.00,A
1998-11-16,184.17,184.17,184.17,184.17,0.00,,0.00,A
1998-11-17,183.61,183.61,183.61,183.61,0.00,,0.00,A
1998-11-18,185.56,185.56,185.56,185.56,0.00,,0.00,A
1998-11-19,187.30,187.30,187.30,187.30,0.00,,0.00,A
1998-11-22,188.34,188.34,188.34,188.34,0.00,,0.00,A
1998-11-23,189.46,189.46,189.46,189.46,0.00,,0.00,A
1998-11-24,190.74,190.74,190.74,190.74,0.00,,0.00,A
1998-11-25,190.75,190.75,190.75,190.75,0.00,,0.00,A
1998-11-26,192.90,192.90,192.90,192.90,0.00,,0.00,A
1998-11-29,193.45,193.45,193.45,193.45,0.00,,0.00,A
1998-11-30,192.93,192.93,192.93,192.93,0.00,,0.00,A
1998-12-01,192.66,192.66,192.66,192.66,0.00,,0.00,A
1998-12-02,192.85,192.85,192.85,192.85,0.00,,0.00,A
1998-12-03,190.55,190.55,190.55,190.55,0.00,,0.00,A
1998-12-06,190.47,190.47,190.47,190.47,0.00,,0.00,A
1998-12-07,190.52,190.52,190.52,190.52,0.00,,0.00,A
1998-12-08,190.68,190.68,190.68,190.68,0.00,,0.00,A
1998-12-09,190.47,190.47,190.47,190.47,0.00,,0.00,A
1998-12-13,188.87,188.87,188.87,188.87,0.00,,0.00,A
1998-12-14,187.67,187.67,187.67,187.67,0.00,,0.00,A
1998-12-15,187.16,187.16,187.16,187.16,0.00,,0.00,A
1998-12-16,187.45,187.45,187.45,187.45,0.00,,0.00,A
1998-12-17,187.55,187.55,187.55,187.55,0.00,,0.00,A
1998-12-20,187.82,187.82,187.82,187.82,0.00,,0.00,A
1998-12-21,188.35,188.35,188.35,188.35,0.00,,0.00,A
1998-12-22,188.41,188.41,188.41,188.41,0.00,,0.00,A
1998-12-23,188.85,188.85,188.85,188.85,0.00,,0.00,A
1998-12-24,188.44,188.44,188.44,188.44,0.00,,0.00,A
1998-12-27,189.72,189.72,189.72,189.72,0.00,,0.00,A
1998-12-28,189.57,189.57,189.57,189.57,0.00,,0.00,A
1998-12-30,174.97,174.97,174.97,174.97,0.00,,0.00,A
1998-12-31,175.46,175.46,175.46,175.46,0.00,,0.00,A
1999-01-03,176.49,176.49,176.49,176.49,0.00,,0.00,A
1999-01-04,176.74,176.74,176.74,176.74,0.00,,0.00,A
1999-01-05,177.78,177.78,177.78,177.78,0.00,,0.00,A
1999-01-06,178.80,178.80,178.80,178.80,0.00,,0.00,A
1999-01-07,179.22,179.22,179.22,179.22,0.00,,0.00,A
1999-01-10,180.80,180.80,180.80,180.80,0.00,,0.00,A
1999-01-12,181.35,181.35,181.35,181.35,0.00,,0.00,A
1999-01-13,181.70,181.70,181.70,181.70,0.00,,0.00,A
1999-01-14,181.67,181.67,181.67,181.67,0.00,,0.00,A
1999-01-17,181.05,181.05,181.05,181.05,0.00,,0.00,A
1999-01-18,181.23,181.23,181.23,181.23,0.00,,0.00,A
1999-01-19,181.68,181.68,181.68,181.68,0.00,,0.00,A
1999-01-20,182.31,182.31,182.31,182.31,0.00,,0.00,A
1999-01-21,182.68,182.68,182.68,182.68,0.00,,0.00,A
1999-01-25,182.89,182.89,182.89,182.89,0.00,,0.00,A
1999-01-26,181.76,181.76,181.76,181.76,0.00,,0.00,A
1999-01-27,180.59,180.59,180.59,180.59,0.00,,0.00,A
1999-01-28,180.03,180.03,180.03,180.03,0.00,,0.00,A
1999-01-31,179.60,179.60,179.60,179.60,0.00,,0.00,A
1999-02-01,179.16,179.16,179.16,179.16,0.00,,0.00,A
1999-02-02,178.61,178.61,178.61,178.61,0.00,,0.00,A
1999-02-03,178.46,178.46,178.46,178.46,0.00,,0.00,A
1999-02-04,179.10,179.10,179.10,179.10,0.00,,0.00,A
1999-02-07,179.36,179.36,179.36,179.36,0.00,,0.00,A
1999-02-08,178.66,178.66,178.66,178.66,0.00,,0.00,A
1999-02-10,177.61,177.61,177.61,177.61,0.00,,0.00,A
1999-02-11,178.48,178.48,178.48,178.48,0.00,,0.00,A
1999-02-15,179.38,179.38,179.38,179.38,0.00,,0.00,A
1999-02-16,178.94,178.94,178.94,178.94,0.00,,0.00,A
1999-02-17,179.38,179.38,179.38,179.38,0.00,,0.00,A
1999-02-18,178.94,178.94,178.94,178.94,0.00,,0.00,A
1999-02-21,179.89,179.89,179.89,179.89,0.00,,0.00,A
1999-02-22,179.65,179.65,179.65,179.65,0.00,,0.00,A
1999-02-23,180.03,180.03,180.03,180.03,0.00,,0.00,A
1999-02-24,179.88,179.88,179.88,179.88,0.00,,0.00,A
1999-02-25,179.18,179.18,179.18,179.18,0.00,,0.00,A
1999-02-28,178.94,178.94,178.94,178.94,0.00,,0.00,A
1999-03-02,178.81,178.81,178.81,178.81,0.00,,0.00,A
1999-03-03,178.17,178.17,178.17,178.17,0.00,,0.00,A
1999-03-04,177.83,177.83,177.83,177.83,0.00,,0.00,A
1999-03-07,178.34,178.34,178.34,178.34,0.00,,0.00,A
1999-03-08,178.30,178.30,178.30,178.30,0.00,,0.00,A
1999-03-09,178.37,178.37,178.37,178.37,0.00,,0.00,A
1999-03-10,179.02,179.02,179.02,179.02,0.00,,0.00,A
1999-03-11,179.36,179.36,179.36,179.36,0.00,,0.00,A
1999-03-14,180.17,180.17,180.17,180.17,0.00,,0.00,A
1999-03-15,181.40,181.40,181.40,181.40,0.00,,0.00,A
1999-03-16,182.40,182.40,182.40,182.40,0.00,,0.00,A
1999-03-18,184.24,184.24,184.24,184.24,0.00,,0.00,A
1999-03-21,183.96,183.96,183.96,183.96,0.00,,0.00,A
1999-03-22,184.49,184.49,184.49,184.49,0.00,,0.00,A
1999-03-23,184.27,184.27,184.27,184.27,0.00,,0.00,A
1999-03-24,185.07,185.07,185.07,185.07,0.00,,0.00,A
1999-03-28,184.58,184.58,184.58,184.58,0.00,,0.00,A
1999-03-29,185.55,185.55,185.55,185.55,0.00,,0.00,A
1999-03-30,186.76,186.76,186.76,186.76,0.00,,0.00,A
1999-03-31,187.37,187.37,187.37,187.37,0.00,,0.00,A
1999-04-01,183.30,183.30,183.30,183.30,0.00,,0.00,A
1999-04-04,184.97,184.97,184.97,184.97,0.00,,0.00,A
1999-04-05,185.64,185.64,185.64,185.64,0.00,,0.00,A
1999-04-06,186.04,186.04,186.04,186.04,0.00,,0.00,A
1999-04-07,186.80,186.80,186.80,186.80,0.00,,0.00,A
1999-04-08,186.05,186.05,186.05,186.05,0.00,,0.00,A
1999-04-11,186.74,186.74,186.74,186.74,0.00,,0.00,A
1999-04-12,188.10,188.10,188.10,188.10,0.00,,0.00,A
1999-04-13,188.38,188.38,188.38,188.38,0.00,,0.00,A
1999-04-15,189.01,189.01,189.01,189.01,0.00,,0.00,A
1999-04-18,190.88,190.88,190.88,190.88,0.00,,0.00,A
1999-04-19,192.59,192.59,192.59,192.59,0.00,,0.00,A
1999-04-20,193.55,193.55,193.55,193.55,0.00,,0.00,A
1999-04-21,194.07,194.07,194.07,194.07,0.00,,0.00,A
1999-04-22,192.60,192.60,192.60,192.60,0.00,,0.00,A
1999-04-25,191.83,191.83,191.83,191.83,0.00,,0.00,A
1999-04-26,192.88,192.88,192.88,192.88,0.00,,0.00,A
1999-04-28,192.17,192.17,192.17,192.17,0.00,,0.00,A
1999-04-29,191.82,191.82,191.82,191.82,0.00,,0.00,A
1999-05-02,193.27,193.27,193.27,193.27,0.00,,0.00,A
1999-05-04,194.07,194.07,194.07,194.07,0.00,,0.00,A
1999-05-05,195.53,195.53,195.53,195.53,0.00,,0.00,A
1999-05-06,196.07,196.07,196.07,196.07,0.00,,0.00,A
1999-05-09,196.10,196.10,196.10,196.10,0.00,,0.00,A
1999-05-10,195.90,195.90,195.90,195.90,0.00,,0.00,A
1999-05-11,195.65,195.65,195.65,195.65,0.00,,0.00,A
1999-05-12,196.95,196.95,196.95,196.95,0.00,,0.00,A
1999-05-13,196.98,196.98,196.98,196.98,0.00,,0.00,A
1999-05-17,198.36,198.36,198.36,198.36,0.00,,0.00,A
1999-05-18,197.72,197.72,197.72,197.72,0.00,,0.00,A
1999-05-19,198.58,198.58,198.58,198.58,0.00,,0.00,A
1999-05-20,199.70,199.70,199.70,199.70,0.00,,0.00,A
1999-05-23,200.36,200.36,200.36,200.36,0.00,,0.00,A
1999-05-24,200.88,200.88,200.88,200.88,0.00,,0.00,A
1999-05-25,201.52,201.52,201.52,201.52,0.00,,0.00,A
1999-05-26,203.20,203.20,203.20,203.20,0.00,,0.00,A
1999-05-27,205.32,205.32,205.32,205.32,0.00,,0.00,A
1999-05-30,206.18,206.18,206.18,206.18,0.00,,0.00,A
1999-05-31,207.77,207.77,207.77,207.77,0.00,,0.00,A
1999-06-01,208.30,208.30,208.30,208.30,0.00,,0.00,A
1999-06-02,209.14,209.14,209.14,209.14,0.00,,0.00,A
1999-06-03,210.00,210.00,210.00,210.00,0.00,,0.00,A
1999-06-06,210.96,210.96,210.96,210.96,0.00,,0.00,A
1999-06-07,211.94,211.94,211.94,211.94,0.00,,0.00,A
1999-06-09,211.85,211.85,211.85,211.85,0.00,,0.00,A
1999-06-10,212.30,212.30,212.30,212.30,0.00,,0.00,A
1999-06-13,212.51,212.51,212.51,212.51,0.00,,0.00,A
1999-06-14,212.39,212.39,212.39,212.39,0.00,,0.00,A
1999-06-15,212.14,212.14,212.14,212.14,0.00,,0.00,A
1999-06-16,214.14,214.14,214.14,214.14,0.00,,0.00,A
1999-06-17,217.99,217.99,217.99,217.99,0.00,,0.00,A
1999-06-20,223.30,223.30,223.30,223.30,0.00,,0.00,A
1999-06-21,226.19,226.19,226.19,226.19,0.00,,0.00,A
1999-06-22,229.08,229.08,229.08,229.08,0.00,,0.00,A
1999-06-23,232.64,232.64,232.64,232.64,0.00,,0.00,A
1999-06-24,233.13,233.13,233.13,233.13,0.00,,0.00,A
1999-06-27,231.32,231.32,231.32,231.32,0.00,,0.00,A
1999-06-28,227.37,227.37,227.37,227.37,0.00,,0.00,A
1999-06-29,220.78,220.78,220.78,220.78,0.00,,0.00,A
1999-06-30,215.15,215.15,215.15,215.15,0.00,,0.00,A
1999-07-01,212.15,212.15,212.15,212.15,0.00,,0.00,A
1999-07-04,212.54,212.54,212.54,212.54,0.00,,0.00,A
1999-07-05,212.93,212.93,212.93,212.93,0.00,,0.00,A
1999-07-06,213.20,213.20,213.20,213.20,0.00,,0.00,A
1999-07-07,211.95,211.95,211.95,211.95,0.00,,0.00,A
1999-07-08,212.16,212.16,212.16,212.16,0.00,,0.00,A
1999-07-11,212.72,212.72,212.72,212.72,0.00,,0.00,A
1999-07-12,213.72,213.72,213.72,213.72,0.00,,0.00,A
1999-07-13,213.17,213.17,213.17,213.17,0.00,,0.00,A
1999-07-14,216.23,216.23,216.23,216.23,0.00,,0.00,A
1999-07-15,216.92,216.92,216.92,216.92,0.00,,0.00,A
1999-07-18,218.32,218.32,218.32,218.32,0.00,,0.00,A
1999-07-19,220.03,220.03,220.03,220.03,0.00,,0.00,A
1999-07-20,221.92,221.92,221.92,221.92,0.00,,0.00,A
1999-07-21,225.06,225.06,225.06,225.06,0.00,,0.00,A
1999-07-22,226.15,226.15,226.15,226.15,0.00,,0.00,A
1999-07-25,228.41,228.41,228.41,228.41,0.00,,0.00,A
1999-07-26,228.34,228.34,228.34,228.34,0.00,,0.00,A
1999-07-27,227.27,227.27,227.27,227.27,0.00,,0.00,A
1999-07-28,226.31,226.31,226.31,226.31,0.00,,0.00,A
1999-07-29,226.31,226.31,226.31,226.31,0.00,,0.00,A
1999-08-01,223.09,223.09,223.09,223.09,0.00,,0.00,A
1999-08-02,224.79,224.79,224.79,224.79,0.00,,0.00,A
1999-08-03,225.26,225.26,225.26,225.26,0.00,,0.00,A
1999-08-04,225.57,225.57,225.57,225.57,0.00,,0.00,A
1999-08-05,226.20,226.20,226.20,226.20,0.00,,0.00,A
1999-08-09,227.41,227.41,227.41,227.41,0.00,,0.00,A
1999-08-10,227.26,227.26,227.26,227.26,0.00,,0.00,A
1999-08-12,227.10,227.10,227.10,227.10,0.00,,0.00,A
1999-08-15,227.62,227.62,227.62,227.62,0.00,,0.00,A
1999-08-16,227.79,227.79,227.79,227.79,0.00,,0.00,A
1999-08-17,228.19,228.19,228.19,228.19,0.00,,0.00,A
1999-08-18,228.19,228.19,228.19,228.19,0.00,,0.00,A
1999-08-19,229.12,229.12,229.12,229.12,0.00,,0.00,A
1999-08-22,228.17,228.17,228.17,228.17,0.00,,0.00,A
1999-08-23,228.40,228.40,228.40,228.40,0.00,,0.00,A
1999-08-24,228.93,228.93,228.93,228.93,0.00,,0.00,A
1999-08-25,228.94,228.94,228.94,228.94,0.00,,0.00,A
1999-08-30,229.33,229.33,229.33,229.33,0.00,,0.00,A
1999-08-31,229.62,229.62,229.62,229.62,0.00,,0.00,A
1999-09-01,230.41,230.41,230.41,230.41,0.00,,0.00,A
1999-09-03,230.99,230.99,230.99,230.99,0.00,,0.00,A
1999-09-06,231.39,231.39,231.39,231.39,0.00,,0.00,A
1999-09-07,232.01,232.01,232.01,232.01,0.00,,0.00,A
1999-09-08,231.62,231.62,231.62,231.62,0.00,,0.00,A
1999-09-09,231.08,231.08,231.08,231.08,0.00,,0.00,A
1999-09-10,232.40,232.40,232.40,232.40,0.00,,0.00,A
1999-09-13,233.39,233.39,233.39,233.39,0.00,,0.00,A
1999-09-14,234.73,234.73,234.73,234.73,0.00,,0.00,A
1999-09-15,236.45,236.45,236.45,236.45,0.00,,0.00,A
1999-09-16,237.50,237.50,237.50,237.50,0.00,,0.00,A
1999-09-17,239.35,239.35,239.35,239.35,0.00,,0.00,A
1999-09-20,238.55,238.55,238.55,238.55,0.00,,0.00,A
1999-09-21,239.95,239.95,239.95,239.95,0.00,,0.00,A
1999-09-22,241.09,241.09,241.09,241.09,0.00,,0.00,A
1999-09-23,242.72,242.72,242.72,242.72,0.00,,0.00,A
1999-09-27,243.18,243.18,243.18,243.18,0.00,,0.00,A
1999-09-28,244.50,244.50,244.50,244.50,0.00,,0.00,A
1999-09-29,245.75,245.75,245.75,245.75,0.00,,0.00,A
1999-09-30,245.75,245.75,245.75,245.75,0.00,,0.00,A
1999-10-01,247.45,247.45,247.45,247.45,0.00,,0.00,A
1999-10-04,246.09,246.09,246.09,246.09,0.00,,0.00,A
1999-10-05,246.02,246.02,246.02,246.02,0.00,,0.00,A
1999-10-06,245.32,245.32,245.32,245.32,0.00,,0.00,A
1999-10-07,243.64,243.64,243.64,243.64,0.00,,0.00,A
1999-10-08,244.87,244.87,244.87,244.87,0.00,,0.00,A
1999-10-11,244.87,244.87,244.87,244.87,0.00,,0.00,A
1999-10-12,245.64,245.64,245.64,245.64,0.00,,0.00,A
1999-10-13,246.20,246.20,246.20,246.20,0.00,,0.00,A
1999-10-14,244.16,244.16,244.16,244.16,0.00,,0.00,A
1999-10-15,245.41,245.41,245.41,245.41,0.00,,0.00,A
1999-10-25,246.65,246.65,246.65,246.65,0.00,,0.00,A
1999-10-26,245.85,245.85,245.85,245.85,0.00,,0.00,A
1999-10-27,247.61,247.61,247.61,247.61,0.00,,0.00,A
1999-10-28,248.35,248.35,248.35,248.35,0.00,,0.00,A
1999-10-29,249.72,249.72,249.72,249.72,0.00,,0.00,A
1999-11-01,251.27,251.27,251.27,251.27,0.00,,0.00,A
1999-11-02,253.93,253.93,253.93,253.93,0.00,,0.00,A
1999-11-03,255.01,255.01,255.01,255.01,0.00,,0.00,A
1999-11-04,254.05,254.05,254.05,254.05,0.00,,0.00,A
1999-11-05,255.44,255.44,255.44,255.44,0.00,,0.00,A
1999-11-11,255.64,255.64,255.64,255.64,0.00,,0.00,A
1999-11-12,255.44,255.44,255.44,255.44,0.00,,0.00,A
1999-11-15,255.02,255.02,255.02,255.02,0.00,,0.00,A
1999-11-16,254.58,254.58,254.58,254.58,0.00,,0.00,A
1999-11-17,256.15,256.15,256.15,256.15,0.00,,0.00,A
1999-11-18,256.88,256.88,256.88,256.88,0.00,,0.00,A
1999-11-19,257.55,257.55,257.55,257.55,0.00,,0.00,A
1999-11-22,259.97,259.97,259.97,259.97,0.00,,0.00,A
1999-11-23,259.18,259.18,259.18,259.18,0.00,,0.00,A
1999-11-24,259.06,259.06,259.06,259.06,0.00,,0.00,A
1999-11-25,260.74,260.74,260.74,260.74,0.00,,0.00,A
1999-11-26,261.38,261.38,261.38,261.38,0.00,,0.00,A
1999-11-29,260.89,260.89,260.89,260.89,0.00,,0.00,A
1999-11-30,260.56,260.56,260.56,260.56,0.00,,0.00,A
1999-12-01,257.99,257.99,257.99,257.99,0.00,,0.00,A
1999-12-02,257.10,257.10,257.10,257.10,0.00,,0.00,A
1999-12-03,257.91,257.91,257.91,257.91,0.00,,0.00,A
1999-12-06,257.24,257.24,257.24,257.24,0.00,,0.00,A
1999-12-07,256.09,256.09,256.09,256.09,0.00,,0.00,A
1999-12-08,255.94,255.94,255.94,255.94,0.00,,0.00,A
1999-12-09,255.53,255.53,255.53,255.53,0.00,,0.00,A
1999-12-10,255.49,255.49,255.49,255.49,0.00,,0.00,A
1999-12-13,252.07,252.07,252.07,252.07,0.00,,0.00,A
1999-12-14,253.19,253.19,253.19,253.19,0.00,,0.00,A
1999-12-15,254.30,254.30,254.30,254.30,0.00,,0.00,A
1999-12-16,256.40,256.40,256.40,256.40,0.00,,0.00,A
1999-12-17,256.90,256.90,256.90,256.90,0.00,,0.00,A
1999-12-20,257.74,257.74,257.74,257.74,0.00,,0.00,A
1999-12-21,258.58,258.58,258.58,258.58,0.00,,0.00,A
1999-12-22,259.71,259.71,259.71,259.71,0.00,,0.00,A
1999-12-23,260.23,260.23,260.23,260.23,0.00,,0.00,A
1999-12-24,259.46,259.46,259.46,259.46,0.00,,0.00,A
1999-12-27,260.61,260.61,260.61,260.61,0.00,,0.00,A
1999-12-28,261.21,261.21,261.21,261.21,0.00,,0.00,A
1999-12-30,261.82,261.82,261.82,261.82,0.00,,0.00,A
1999-12-31,262.52,262.52,262.52,262.52,0.00,,0.00,A
2000-01-03,262.50,262.50,262.50,262.50,0.00,,0.00,A
2000-01-04,262.94,262.94,262.94,262.94,0.00,,0.00,A
2000-01-05,264.52,264.52,264.52,264.52,0.00,,0.00,A
2000-01-06,265.76,265.76,265.76,265.76,0.00,,0.00,A
2000-01-07,267.88,267.88,267.88,267.88,0.00,,0.00,A
2000-01-10,268.65,268.65,268.65,268.65,0.00,,0.00,A
2000-01-13,269.92,269.92,269.92,269.92,0.00,,0.00,A
2000-01-14,269.88,269.88,269.88,269.88,0.00,,0.00,A
2000-01-17,272.55,272.55,272.55,272.55,0.00,,0.00,A
2000-01-18,273.94,273.94,273.94,273.94,0.00,,0.00,A
2000-01-19,276.67,276.67,276.67,276.67,0.00,,0.00,A
2000-01-20,276.95,276.95,276.95,276.95,0.00,,0.00,A
2000-01-21,278.33,278.33,278.33,278.33,0.00,,0.00,A
2000-01-24,276.49,276.49,276.49,276.49,0.00,,0.00,A
2000-01-25,275.78,275.78,275.78,275.78,0.00,,0.00,A
2000-01-26,276.39,276.39,276.39,276.39,0.00,,0.00,A
2000-01-27,277.16,277.16,277.16,277.16,0.00,,0.00,A
2000-01-28,273.76,273.76,273.76,273.76,0.00,,0.00,A
2000-01-31,275.78,275.78,275.78,275.78,0.00,,0.00,A
2000-02-01,276.15,276.15,276.15,276.15,0.00,,0.00,A
2000-02-02,277.21,277.21,277.21,277.21,0.00,,0.00,A
2000-02-03,278.16,278.16,278.16,278.16,0.00,,0.00,A
2000-02-04,278.96,278.96,278.96,278.96,0.00,,0.00,A
2000-02-07,278.74,278.74,278.74,278.74,0.00,,0.00,A
2000-02-08,282.37,282.37,282.37,282.37,0.00,,0.00,A
2000-02-09,294.36,294.36,294.36,294.36,0.00,,0.00,A
2000-02-11,285.30,285.30,285.30,285.30,0.00,,0.00,A
2000-02-14,288.53,288.53,288.53,288.53,0.00,,0.00,A
2000-02-15,301.88,301.88,301.88,301.88,0.00,,0.00,A
2000-02-16,291.77,291.77,291.77,291.77,0.00,,0.00,A
2000-02-17,295.06,295.06,295.06,295.06,0.00,,0.00,A
2000-02-18,296.35,296.35,296.35,296.35,0.00,,0.00,A
2000-02-21,296.43,296.43,296.43,296.43,0.00,,0.00,A
2000-02-22,297.62,297.62,297.62,297.62,0.00,,0.00,A
2000-02-23,311.42,311.42,311.42,311.42,0.00,,0.00,A
2000-02-24,303.61,303.61,303.61,303.61,0.00,,0.00,A
2000-02-25,304.55,304.55,304.55,304.55,0.00,,0.00,A
2000-02-28,306.79,306.79,306.79,306.79,0.00,,0.00,A
2000-02-29,308.19,308.19,308.19,308.19,0.00,,0.00,A
2000-03-01,312.56,312.56,312.56,312.56,0.00,,0.00,A
2000-03-02,315.97,315.97,315.97,315.97,0.00,,0.00,A
2000-03-03,335.07,335.07,335.07,335.07,0.00,,0.00,A
2000-03-06,323.78,323.78,323.78,323.78,0.00,,0.00,A
2000-03-07,327.01,327.01,327.01,327.01,0.00,,0.00,A
2000-03-08,327.30,327.30,327.30,327.30,0.00,,0.00,A
2000-03-09,329.81,329.81,329.81,329.81,0.00,,0.00,A
2000-03-10,330.90,330.90,330.90,330.90,0.00,,0.00,A
2000-03-13,329.20,329.20,329.20,329.20,0.00,,0.00,A
2000-03-14,328.15,328.15,328.15,328.15,0.00,,0.00,A
2000-03-15,326.70,326.70,326.70,326.70,0.00,,0.00,A
2000-03-16,324.95,324.95,324.95,324.95,0.00,,0.00,A
2000-03-17,318.93,318.93,318.93,318.93,0.00,,0.00,A
2000-03-20,318.54,318.54,318.54,318.54,0.00,,0.00,A
2000-03-21,316.53,316.53,316.53,316.53,0.00,,0.00,A
2000-03-22,316.33,316.33,316.33,316.33,0.00,,0.00,A
2000-03-23,318.31,318.31,318.31,318.31,0.00,,0.00,A
2000-03-24,321.67,321.67,321.67,321.67,0.00,,0.00,A
2000-03-27,325.14,325.14,325.14,325.14,0.00,,0.00,A
2000-03-28,326.80,326.80,326.80,326.80,0.00,,0.00,A
2000-03-29,326.78,326.78,326.78,326.78,0.00,,0.00,A
2000-03-30,328.75,328.75,328.75,328.75,0.00,,0.00,A
2000-03-31,330.06,330.06,330.06,330.06,0.00,,0.00,A
2000-04-03,328.36,328.36,328.36,328.36,0.00,,0.00,A
2000-04-05,332.20,332.20,332.20,332.20,0.00,,0.00,A
2000-04-06,346.78,346.78,346.78,346.78,0.00,,0.00,A
2000-04-07,331.88,331.88,331.88,331.88,0.00,,0.00,A
2000-04-10,332.93,332.93,332.93,332.93,0.00,,0.00,A
2000-04-11,331.76,331.76,331.76,331.76,0.00,,0.00,A
2000-04-14,333.61,333.61,333.61,333.61,0.00,,0.00,A
2000-04-17,333.40,333.40,333.40,333.40,0.00,,0.00,A
2000-04-18,338.41,338.41,338.41,338.41,0.00,,0.00,A
2000-04-19,341.58,341.58,341.58,341.58,0.00,,0.00,A
2000-04-20,346.67,346.67,346.67,346.67,0.00,,0.00,A
2000-04-21,349.71,349.71,349.71,349.71,0.00,,0.00,A
2000-04-24,354.37,354.37,354.37,354.37,0.00,,0.00,A
2000-04-25,368.91,368.91,368.91,368.91,0.00,,0.00,A
2000-04-26,354.60,354.60,354.60,354.60,0.00,,0.00,A
2000-04-27,350.88,350.88,350.88,350.88,0.00,,0.00,A
2000-04-28,350.70,350.70,350.70,350.70,0.00,,0.00,A
2000-05-01,349.54,349.54,349.54,349.54,0.00,,0.00,A
2000-05-02,348.79,348.79,348.79,348.79,0.00,,0.00,A
2000-05-03,361.28,361.28,361.28,361.28,0.00,,0.00,A
2000-05-04,346.64,346.64,346.64,346.64,0.00,,0.00,A
2000-05-05,347.22,347.22,347.22,347.22,0.00,,0.00,A
2000-05-08,349.20,349.20,349.20,349.20,0.00,,0.00,A
2000-05-09,349.80,349.80,349.80,349.80,0.00,,0.00,A
2000-05-10,364.46,364.46,364.46,364.46,0.00,,0.00,A
2000-05-11,364.81,364.81,364.81,364.81,0.00,,0.00,A
2000-05-12,364.22,364.22,364.22,364.22,0.00,,0.00,A
2000-05-15,347.70,347.70,347.70,347.70,0.00,,0.00,A
2000-05-16,347.20,347.20,347.20,347.20,0.00,,0.00,A
2000-05-17,347.15,347.15,347.15,347.15,0.00,,0.00,A
2000-05-19,347.73,347.73,347.73,347.73,0.00,,0.00,A
2000-05-22,345.09,345.09,345.09,345.09,0.00,,0.00,A
2000-05-23,345.10,345.10,345.10,345.10,0.00,,0.00,A
2000-05-24,345.07,345.07,345.07,345.07,0.00,,0.00,A
2000-05-25,343.98,343.98,343.98,343.98,0.00,,0.00,A
2000-05-26,343.88,343.88,343.88,343.88,0.00,,0.00,A
2000-05-29,344.09,344.09,344.09,344.09,0.00,,0.00,A
2000-05-30,343.99,343.99,343.99,343.99,0.00,,0.00,A
2000-05-31,343.49,343.49,343.49,343.49,0.00,,0.00,A
2000-06-01,343.41,343.41,343.41,343.41,0.00,,0.00,A
2000-06-02,342.73,342.73,342.73,342.73,0.00,,0.00,A
2000-06-05,342.20,342.20,342.20,342.20,0.00,,0.00,A
2000-06-06,341.48,341.48,341.48,341.48,0.00,,0.00,A
2000-06-07,340.86,340.86,340.86,340.86,0.00,,0.00,A
2000-06-08,340.54,340.54,340.54,340.54,0.00,,0.00,A
2000-06-09,340.07,340.07,340.07,340.07,0.00,,0.00,A
2000-06-12,339.20,339.20,339.20,339.20,0.00,,0.00,A
2000-06-13,339.40,339.40,339.40,339.40,0.00,,0.00,A
2000-06-14,338.76,338.76,338.76,338.76,0.00,,0.00,A
2000-06-15,339.24,339.24,339.24,339.24,0.00,,0.00,A
2000-06-16,340.38,340.38,340.38,340.38,0.00,,0.00,A
2000-06-19,338.46,338.46,338.46,338.46,0.00,,0.00,A
2000-06-20,339.02,339.02,339.02,339.02,0.00,,0.00,A
2000-06-21,338.48,338.48,338.48,338.48,0.00,,0.00,A
2000-06-22,338.21,338.21,338.21,338.21,0.00,,0.00,A
2000-06-23,338.10,338.10,338.10,338.10,0.00,,0.00,A
2000-06-26,338.05,338.05,338.05,338.05,0.00,,0.00,A
2000-06-27,337.78,337.78,337.78,337.78,0.00,,0.00,A
2000-06-28,338.16,338.16,338.16,338.16,0.00,,0.00,A
2000-06-29,337.82,337.82,337.82,337.82,0.00,,0.00,A
2000-06-30,373.46,373.46,373.46,373.46,0.00,,0.00,A
2000-07-03,338.90,338.90,338.90,338.90,0.00,,0.00,A
2000-07-04,340.47,340.47,340.47,340.47,0.00,,0.00,A
2000-07-05,340.76,340.76,340.76,340.76,0.00,,0.00,A
2000-07-06,342.47,342.47,342.47,342.47,0.00,,0.00,A
2000-07-07,345.12,345.12,345.12,345.12,0.00,,0.00,A
2000-07-10,349.26,349.26,349.26,349.26,0.00,,0.00,A
2000-07-11,351.62,351.62,351.62,351.62,0.00,,0.00,A
2000-07-12,353.85,353.85,353.85,353.85,0.00,,0.00,A
2000-07-13,359.11,359.11,359.11,359.11,0.00,,0.00,A
2000-07-14,360.70,360.70,360.70,360.70,0.00,,0.00,A
2000-07-17,358.06,358.06,358.06,358.06,0.00,,0.00,A
2000-07-18,355.91,355.91,355.91,355.91,0.00,,0.00,A
2000-07-19,356.47,356.47,356.47,356.47,0.00,,0.00,A
2000-07-20,356.67,356.67,356.67,356.67,0.00,,0.00,A
2000-07-21,356.11,356.11,356.11,356.11,0.00,,0.00,A
2000-07-24,354.81,354.81,354.81,354.81,0.00,,0.00,A
2000-07-25,354.84,354.84,354.84,354.84,0.00,,0.00,A
2000-07-26,354.39,354.39,354.39,354.39,0.00,,0.00,A
2000-07-27,356.03,356.03,356.03,356.03,0.00,,0.00,A
2000-07-28,356.44,356.44,356.44,356.44,0.00,,0.00,A
2000-07-31,355.56,355.56,355.56,355.56,0.00,,0.00,A
2000-08-01,355.49,355.49,355.49,355.49,0.00,,0.00,A
2000-08-02,355.41,355.41,355.41,355.41,0.00,,0.00,A
2000-08-03,325.26,325.26,325.26,325.26,0.00,,0.00,A
2000-08-04,356.07,356.07,356.07,356.07,0.00,,0.00,A
2000-08-07,356.81,356.81,356.81,356.81,0.00,,0.00,A
2000-08-08,357.35,357.35,357.35,357.35,0.00,,0.00,A
2000-08-09,358.66,358.66,358.66,358.66,0.00,,0.00,A
2000-08-10,358.98,358.98,358.98,358.98,0.00,,0.00,A
2000-08-11,362.67,362.67,362.67,362.67,0.00,,0.00,A
2000-08-14,364.24,364.24,364.24,364.24,0.00,,0.00,A
2000-08-17,369.29,369.29,369.29,369.29,0.00,,0.00,A
2000-08-18,373.99,373.99,373.99,373.99,0.00,,0.00,A
2000-08-21,389.03,389.03,389.03,389.03,0.00,,0.00,A
2000-08-23,400.09,400.09,400.09,400.09,0.00,,0.00,A
2000-08-24,406.06,406.06,406.06,406.06,0.00,,0.00,A
2000-08-25,416.94,416.94,416.94,416.94,0.00,,0.00,A
2000-08-28,421.11,421.11,421.11,421.11,0.00,,0.00,A
2000-08-29,425.27,425.27,425.27,425.27,0.00,,0.00,A
2000-08-30,422.74,422.74,422.74,422.74,0.00,,0.00,A
2000-08-31,423.63,423.63,423.63,423.63,0.00,,0.00,A
2000-09-01,419.86,419.86,419.86,419.86,0.00,,0.00,A
2000-09-04,417.92,417.92,417.92,417.92,0.00,,0.00,A
2000-09-05,410.60,410.60,410.60,410.60,0.00,,0.00,A
2000-09-06,401.43,401.43,401.43,401.43,0.00,,0.00,A
2000-09-07,404.65,404.65,404.65,404.65,0.00,,0.00,A
2000-09-08,395.27,395.27,395.27,395.27,0.00,,0.00,A
2000-09-11,408.91,408.91,408.91,408.91,0.00,,0.00,A
2000-09-13,417.24,417.24,417.24,417.24,0.00,,0.00,A
2000-09-14,419.74,419.74,419.74,419.74,0.00,,0.00,A
2000-09-15,421.18,421.18,421.18,421.18,0.00,,0.00,A
2000-09-18,417.35,417.35,417.35,417.35,0.00,,0.00,A
2000-09-19,419.60,419.60,419.60,419.60,0.00,,0.00,A
2000-09-20,421.60,421.60,421.60,421.60,0.00,,0.00,A
2000-09-21,421.70,421.70,421.70,421.70,0.00,,0.00,A
2000-09-22,422.01,422.01,422.01,422.01,0.00,,0.00,A
2000-09-25,421.38,421.38,421.38,421.38,0.00,,0.00,A
2000-09-26,421.56,421.56,421.56,421.56,0.00,,0.00,A
2000-09-27,423.70,423.70,423.70,423.70,0.00,,0.00,A
2000-09-29,423.90,423.90,423.90,423.90,0.00,,0.00,A
2000-10-02,427.76,427.76,427.76,427.76,0.00,,0.00,A
2000-10-03,430.22,430.22,430.22,430.22,0.00,,0.00,A
2000-10-13,429.46,429.46,429.46,429.46,0.00,,0.00,A
2000-10-16,433.92,433.92,433.92,433.92,0.00,,0.00,A
2000-10-17,440.97,440.97,440.97,440.97,0.00,,0.00,A
2000-10-18,453.46,453.46,453.46,453.46,0.00,,0.00,A
2000-10-19,463.71,463.71,463.71,463.71,0.00,,0.00,A
2000-10-20,471.12,471.12,471.12,471.12,0.00,,0.00,A
2000-10-23,475.38,475.38,475.38,475.38,0.00,,0.00,A
2000-10-24,479.66,479.66,479.66,479.66,0.00,,0.00,A
2000-10-25,476.90,476.90,476.90,476.90,0.00,,0.00,A
2000-10-30,471.55,471.55,471.55,471.55,0.00,,0.00,A
2000-10-31,468.76,468.76,468.76,468.76,0.00,,0.00,A
2000-11-01,472.02,472.02,472.02,472.02,0.00,,0.00,A
2000-11-02,472.48,472.48,472.48,472.48,0.00,,0.00,A
2000-11-03,475.43,475.43,475.43,475.43,0.00,,0.00,A
2000-11-06,482.93,482.93,482.93,482.93,0.00,,0.00,A
2000-11-07,493.94,493.94,493.94,493.94,0.00,,0.00,A
2000-11-09,499.11,499.11,499.11,499.11,0.00,,0.00,A
2000-11-10,505.91,505.91,505.91,505.91,0.00,,0.00,A
2000-11-13,507.51,507.51,507.51,507.51,0.00,,0.00,A
2000-11-14,513.70,513.70,513.70,513.70,0.00,,0.00,A
2000-11-15,519.33,519.33,519.33,519.33,0.00,,0.00,A
2000-11-16,526.90,526.90,526.90,526.90,0.00,,0.00,A
2000-11-17,540.28,540.28,540.28,540.28,0.00,,0.00,A
2000-11-20,543.44,543.44,543.44,543.44,0.00,,0.00,A
2000-11-21,544.14,544.14,544.14,544.14,0.00,,0.00,A
2000-11-22,544.94,544.94,544.94,544.94,0.00,,0.00,A
2000-11-23,545.82,545.82,545.82,545.82,0.00,,0.00,A
2000-11-24,543.85,543.85,543.85,543.85,0.00,,0.00,A
2000-11-27,533.96,533.96,533.96,533.96,0.00,,0.00,A
2000-11-28,510.86,510.86,510.86,510.86,0.00,,0.00,A
2000-11-29,489.32,489.32,489.32,489.32,0.00,,0.00,A
2000-11-30,502.85,502.85,502.85,502.85,0.00,,0.00,A
2000-12-01,508.58,508.58,508.58,508.58,0.00,,0.00,A
2000-12-04,508.98,508.98,508.98,508.98,0.00,,0.00,A
2000-12-05,502.75,502.75,502.75,502.75,0.00,,0.00,A
2000-12-06,500.48,500.48,500.48,500.48,0.00,,0.00,A
2000-12-07,497.24,497.24,497.24,497.24,0.00,,0.00,A
2000-12-08,494.22,494.22,494.22,494.22,0.00,,0.00,A
2000-12-11,495.65,495.65,495.65,495.65,0.00,,0.00,A
2000-12-12,489.74,489.74,489.74,489.74,0.00,,0.00,A
2000-12-13,488.01,488.01,488.01,488.01,0.00,,0.00,A
2000-12-14,484.53,484.53,484.53,484.53,0.00,,0.00,A
2000-12-15,486.05,486.05,486.05,486.05,0.00,,0.00,A
2000-12-18,487.40,487.40,487.40,487.40,0.00,,0.00,A
2000-12-19,488.50,488.50,488.50,488.50,0.00,,0.00,A
2000-12-20,488.50,488.50,488.50,488.50,0.00,,0.00,A
2000-12-21,489.74,489.74,489.74,489.74,0.00,,0.00,A
2000-12-22,489.07,489.07,489.07,489.07,0.00,,0.00,A
2000-12-25,494.71,494.71,494.71,494.71,0.00,,0.00,A
2000-12-26,493.40,493.40,493.40,493.40,0.00,,0.00,A
2000-12-27,489.03,489.03,489.03,489.03,0.00,,0.00,A
2000-12-31,488.01,488.01,488.01,488.01,0.00,,0.00,A
2001-01-01,487.26,487.26,487.26,487.26,0.00,,0.00,A
2001-01-02,486.09,486.09,486.09,486.09,0.00,,0.00,A
2001-01-03,486.58,486.58,486.58,486.58,0.00,,0.00,A
2001-01-04,486.56,486.56,486.56,486.56,0.00,,0.00,A
2001-01-05,482.20,482.20,482.20,482.20,0.00,,0.00,A
2001-01-08,479.23,479.23,479.23,479.23,0.00,,0.00,A
2001-01-09,474.52,474.52,474.52,474.52,0.00,,0.00,A
2001-01-10,468.40,468.40,468.40,468.40,0.00,,0.00,A
2001-01-12,464.76,464.76,464.76,464.76,0.00,,0.00,A
2001-01-15,462.59,462.59,462.59,462.59,0.00,,0.00,A
2001-01-16,460.86,460.86,460.86,460.86,0.00,,0.00,A
2001-01-17,460.29,460.29,460.29,460.29,0.00,,0.00,A
2001-01-18,458.82,458.82,458.82,458.82,0.00,,0.00,A
2001-01-19,458.37,458.37,458.37,458.37,0.00,,0.00,A
2001-01-22,459.28,459.28,459.28,459.28,0.00,,0.00,A
2001-01-23,460.79,460.79,460.79,460.79,0.00,,0.00,A
2001-01-24,460.50,460.50,460.50,460.50,0.00,,0.00,A
2001-01-25,465.37,465.37,465.37,465.37,0.00,,0.00,A
2001-01-26,467.35,467.35,467.35,467.35,0.00,,0.00,A
2001-01-30,468.41,468.41,468.41,468.41,0.00,,0.00,A
2001-01-31,468.07,468.07,468.07,468.07,0.00,,0.00,A
2001-02-01,467.02,467.02,467.02,467.02,0.00,,0.00,A
2001-02-02,465.39,465.39,465.39,465.39,0.00,,0.00,A
2001-02-05,462.52,462.52,462.52,462.52,0.00,,0.00,A
2001-02-06,464.01,464.01,464.01,464.01,0.00,,0.00,A
2001-02-07,460.85,460.85,460.85,460.85,0.00,,0.00,A
2001-02-08,458.73,458.73,458.73,458.73,0.00,,0.00,A
2001-02-09,455.34,455.34,455.34,455.34,0.00,,0.00,A
2001-02-12,451.57,451.57,451.57,451.57,0.00,,0.00,A
2001-02-13,452.53,452.53,452.53,452.53,0.00,,0.00,A
2001-02-14,443.35,443.35,443.35,443.35,0.00,,0.00,A
2001-02-15,439.41,439.41,439.41,439.41,0.00,,0.00,A
2001-02-16,431.45,431.45,431.45,431.45,0.00,,0.00,A
2001-02-19,430.77,430.77,430.77,430.77,0.00,,0.00,A
2001-02-20,424.92,424.92,424.92,424.92,0.00,,0.00,A
2001-02-22,415.10,415.10,415.10,415.10,0.00,,0.00,A
2001-02-23,402.55,402.55,402.55,402.55,0.00,,0.00,A
2001-02-27,398.00,398.00,398.00,398.00,0.00,,0.00,A
2001-02-28,375.29,375.29,375.29,375.29,0.00,,0.00,A
2001-03-01,375.17,375.17,375.17,375.17,0.00,,0.00,A
2001-03-02,377.20,377.20,377.20,377.20,0.00,,0.00,A
2001-03-05,391.59,391.59,391.59,391.59,0.00,,0.00,A
2001-03-06,393.60,393.60,393.60,393.60,0.00,,0.00,A
2001-03-07,393.24,393.24,393.24,393.24,0.00,,0.00,A
2001-03-08,396.26,396.26,396.26,396.26,0.00,,0.00,A
2001-03-12,397.61,397.61,397.61,397.61,0.00,,0.00,A
2001-03-13,395.85,395.85,395.85,395.85,0.00,,0.00,A
2001-03-14,391.88,391.88,391.88,391.88,0.00,,0.00,A
2001-03-15,390.88,390.88,390.88,390.88,0.00,,0.00,A
2001-03-16,390.20,390.20,390.20,390.20,0.00,,0.00,A
2001-03-19,388.40,388.40,388.40,388.40,0.00,,0.00,A
2001-03-20,385.45,385.45,385.45,385.45,0.00,,0.00,A
2001-03-21,378.49,378.49,378.49,378.49,0.00,,0.00,A
2001-03-22,377.48,377.48,377.48,377.48,0.00,,0.00,A
2001-03-23,376.98,376.98,376.98,376.98,0.00,,0.00,A
2001-03-26,382.58,382.58,382.58,382.58,0.00,,0.00,A
2001-03-27,373.97,373.97,373.97,373.97,0.00,,0.00,A
2001-03-28,375.07,375.07,375.07,375.07,0.00,,0.00,A
2001-03-29,378.01,378.01,378.01,378.01,0.00,,0.00,A
2001-03-30,386.87,386.87,386.87,386.87,0.00,,0.00,A
2001-04-03,375.95,375.95,375.95,375.95,0.00,,0.00,A
2001-04-04,376.97,376.97,376.97,376.97,0.00,,0.00,A
2001-04-05,372.86,372.86,372.86,372.86,0.00,,0.00,A
2001-04-06,374.58,374.58,374.58,374.58,0.00,,0.00,A
2001-04-09,409.56,409.56,409.56,409.56,0.00,,0.00,A
2001-04-10,372.62,372.62,372.62,372.62,0.00,,0.00,A
2001-04-11,369.99,369.99,369.99,369.99,0.00,,0.00,A
2001-04-12,370.31,370.31,370.31,370.31,0.00,,0.00,A
2001-04-13,369.05,369.05,369.05,369.05,0.00,,0.00,A
2001-04-16,366.60,366.60,366.60,366.60,0.00,,0.00,A
2001-04-17,366.21,366.21,366.21,366.21,0.00,,0.00,A
2001-04-18,367.37,367.37,367.37,367.37,0.00,,0.00,A
2001-04-19,366.39,366.39,366.39,366.39,0.00,,0.00,A
2001-04-20,366.78,366.78,366.78,366.78,0.00,,0.00,A
2001-04-23,365.58,365.58,365.58,365.58,0.00,,0.00,A
2001-04-24,366.13,366.13,366.13,366.13,0.00,,0.00,A
2001-04-25,365.84,365.84,365.84,365.84,0.00,,0.00,A
2001-04-26,366.52,366.52,366.52,366.52,0.00,,0.00,A
2001-04-27,367.98,367.98,367.98,367.98,0.00,,0.00,A
2001-04-30,368.38,368.38,368.38,368.38,0.00,,0.00,A
2001-05-01,366.73,366.73,366.73,366.73,0.00,,0.00,A
2001-05-02,366.98,366.98,366.98,366.98,0.00,,0.00,A
2001-05-03,365.20,365.20,365.20,365.20,0.00,,0.00,A
2001-05-04,365.25,365.25,365.25,365.25,0.00,,0.00,A
2001-05-08,364.63,364.63,364.63,364.63,0.00,,0.00,A
2001-05-09,360.81,360.81,360.81,360.81,0.00,,0.00,A
2001-05-10,358.28,358.28,358.28,358.28,0.00,,0.00,A
2001-05-11,355.60,355.60,355.60,355.60,0.00,,0.00,A
2001-05-14,351.08,351.08,351.08,351.08,0.00,,0.00,A
2001-05-15,344.02,344.02,344.02,344.02,0.00,,0.00,A
2001-05-16,332.84,332.84,332.84,332.84,0.00,,0.00,A
2001-05-17,329.80,329.80,329.80,329.80,0.00,,0.00,A
2001-05-18,364.19,364.19,364.19,364.19,0.00,,0.00,A
2001-05-21,334.26,334.26,334.26,334.26,0.00,,0.00,A
2001-05-22,334.26,334.26,334.26,334.26,0.00,,0.00,A
2001-05-23,336.98,336.98,336.98,336.98,0.00,,0.00,A
2001-05-24,337.46,337.46,337.46,337.46,0.00,,0.00,A
2001-05-25,339.24,339.24,339.24,339.24,0.00,,0.00,A
2001-05-28,338.99,338.99,338.99,338.99,0.00,,0.00,A
2001-05-29,338.73,338.73,338.73,338.73,0.00,,0.00,A
2001-05-30,339.49,339.49,339.49,339.49,0.00,,0.00,A
2001-05-31,340.43,340.43,340.43,340.43,0.00,,0.00,A
2001-06-01,342.25,342.25,342.25,342.25,0.00,,0.00,A
2001-06-12,338.05,338.05,338.05,338.05,0.00,,0.00,A
2001-06-13,333.18,333.18,333.18,333.18,0.00,,0.00,A
2001-06-15,331.30,331.30,331.30,331.30,0.00,,0.00,A
2001-06-18,332.81,332.81,332.81,332.81,0.00,,0.00,A
2001-06-19,334.50,334.50,334.50,334.50,0.00,,0.00,A
2001-06-20,336.22,336.22,336.22,336.22,0.00,,0.00,A
2001-06-21,336.87,336.87,336.87,336.87,0.00,,0.00,A
2001-06-25,336.34,336.34,336.34,336.34,0.00,,0.00,A
2001-06-26,335.17,335.17,335.17,335.17,0.00,,0.00,A
2001-06-27,334.39,334.39,334.39,334.39,0.00,,0.00,A
2001-06-28,333.80,333.80,333.80,333.80,0.00,,0.00,A
2001-06-29,332.69,332.69,332.69,332.69,0.00,,0.00,A
2001-07-02,331.05,331.05,331.05,331.05,0.00,,0.00,A
2001-07-03,327.94,327.94,327.94,327.94,0.00,,0.00,A
2001-07-04,325.94,325.94,325.94,325.94,0.00,,0.00,A
2001-07-05,324.75,324.75,324.75,324.75,0.00,,0.00,A
2001-07-06,327.28,327.28,327.28,327.28,0.00,,0.00,A
2001-07-09,322.94,322.94,322.94,322.94,0.00,,0.00,A
2001-07-10,322.74,322.74,322.74,322.74,0.00,,0.00,A
2001-07-11,326.14,326.14,326.14,326.14,0.00,,0.00,A
2001-07-12,334.75,334.75,334.75,334.75,0.00,,0.00,A
2001-07-13,348.43,348.43,348.43,348.43,0.00,,0.00,A
2001-07-16,352.25,352.25,352.25,352.25,0.00,,0.00,A
2001-07-17,346.80,346.80,346.80,346.80,0.00,,0.00,A
2001-07-18,343.13,343.13,343.13,343.13,0.00,,0.00,A
2001-07-19,337.88,337.88,337.88,337.88,0.00,,0.00,A
2001-07-20,334.64,334.64,334.64,334.64,0.00,,0.00,A
2001-07-23,329.77,329.77,329.77,329.77,0.00,,0.00,A
2001-07-24,329.89,329.89,329.89,329.89,0.00,,0.00,A
2001-07-25,321.16,321.16,321.16,321.16,0.00,,0.00,A
2001-07-26,321.16,321.16,321.16,321.16,0.00,,0.00,A
2001-07-27,321.96,321.96,321.96,321.96,0.00,,0.00,A
2001-07-30,322.45,322.45,322.45,322.45,0.00,,0.00,A
2001-07-31,323.64,323.64,323.64,323.64,0.00,,0.00,A
2001-08-01,325.21,325.21,325.21,325.21,0.00,,0.00,A
2001-08-02,325.60,325.60,325.60,325.60,0.00,,0.00,A
2001-08-03,316.92,316.92,316.92,316.92,0.00,,0.00,A
2001-08-06,321.12,321.12,321.12,321.12,0.00,,0.00,A
2001-08-07,329.51,329.51,329.51,329.51,0.00,,0.00,A
2001-08-08,329.09,329.09,329.09,329.09,0.00,,0.00,A
2001-08-09,319.90,319.90,319.90,319.90,0.00,,0.00,A
2001-08-10,319.49,319.49,319.49,319.49,0.00,,0.00,A
2001-08-13,316.39,316.39,316.39,316.39,0.00,,0.00,A
2001-08-14,314.04,314.04,314.04,314.04,0.00,,0.00,A
2001-08-15,314.95,314.95,314.95,314.95,0.00,,0.00,A
2001-08-16,322.13,322.13,322.13,322.13,0.00,,0.00,A
2001-08-17,320.32,320.32,320.32,320.32,0.00,,0.00,A
2001-08-20,312.41,312.41,312.41,312.41,0.00,,0.00,A
2001-08-21,317.34,317.34,317.34,317.34,0.00,,0.00,A
2001-08-22,309.91,309.91,309.91,309.91,0.00,,0.00,A
2001-08-23,299.34,299.34,299.34,299.34,0.00,,0.00,A
2001-08-24,298.85,298.85,298.85,298.85,0.00,,0.00,A
2001-08-27,295.17,295.17,295.17,295.17,0.00,,0.00,A
2001-08-28,292.53,292.53,292.53,292.53,0.00,,0.00,A
2001-08-29,281.13,281.13,281.13,281.13,0.00,,0.00,A
2001-08-30,280.37,280.37,280.37,280.37,0.00,,0.00,A
2001-08-31,281.04,281.04,281.04,281.04,0.00,,0.00,A
2001-09-03,281.83,281.83,281.83,281.83,0.00,,0.00,A
2001-09-04,282.95,282.95,282.95,282.95,0.00,,0.00,A
2001-09-05,282.78,282.78,282.78,282.78,0.00,,0.00,A
2001-09-06,280.93,280.93,280.93,280.93,0.00,,0.00,A
2001-09-07,280.93,280.93,280.93,280.93,0.00,,0.00,A
2001-09-10,276.91,276.91,276.91,276.91,0.00,,0.00,A
2001-09-11,274.34,274.34,274.34,274.34,0.00,,0.00,A
2001-09-12,269.17,269.17,269.17,269.17,0.00,,0.00,A
2001-09-13,261.37,261.37,261.37,261.37,0.00,,0.00,A
2001-09-14,265.22,265.22,265.22,265.22,0.00,,0.00,A
2001-09-17,273.01,273.01,273.01,273.01,0.00,,0.00,A
2001-09-18,275.13,275.13,275.13,275.13,0.00,,0.00,A
2001-09-19,279.92,279.92,279.92,279.92,0.00,,0.00,A
2001-09-20,282.96,282.96,282.96,282.96,0.00,,0.00,A
2001-09-21,283.38,283.38,283.38,283.38,0.00,,0.00,A
2001-09-24,279.65,279.65,279.65,279.65,0.00,,0.00,A
2001-09-25,277.79,277.79,277.79,277.79,0.00,,0.00,A
2001-09-26,275.23,275.23,275.23,275.23,0.00,,0.00,A
2001-09-27,275.09,275.09,275.09,275.09,0.00,,0.00,A
2001-09-28,276.07,276.07,276.07,276.07,0.00,,0.00,A
2001-10-01,276.46,276.46,276.46,276.46,0.00,,0.00,A
2001-10-02,278.01,278.01,278.01,278.01,0.00,,0.00,A
2001-10-03,281.39,281.39,281.39,281.39,0.00,,0.00,A
2001-10-04,282.11,282.11,282.11,282.11,0.00,,0.00,A
2001-10-05,282.34,282.34,282.34,282.34,0.00,,0.00,A
2001-10-08,282.68,282.68,282.68,282.68,0.00,,0.00,A
2001-10-09,282.16,282.16,282.16,282.16,0.00,,0.00,A
2001-10-10,282.83,282.83,282.83,282.83,0.00,,0.00,A
2001-10-11,281.89,281.89,281.89,281.89,0.00,,0.00,A
2001-10-12,282.05,282.05,282.05,282.05,0.00,,0.00,A
2001-10-15,282.79,282.79,282.79,282.79,0.00,,0.00,A
2001-10-16,281.21,281.21,281.21,281.21,0.00,,0.00,A
2001-10-17,281.50,281.50,281.50,281.50,0.00,,0.00,A
2001-10-18,281.80,281.80,281.80,281.80,0.00,,0.00,A
2001-10-19,282.75,282.75,282.75,282.75,0.00,,0.00,A
2001-10-22,283.06,283.06,283.06,283.06,0.00,,0.00,A
2001-10-30,285.25,285.25,285.25,285.25,0.00,,0.00,A
2001-10-31,287.17,287.17,287.17,287.17,0.00,,0.00,A
2001-11-01,287.79,287.79,287.79,287.79,0.00,,0.00,A
2001-11-02,289.98,289.98,289.98,289.98,0.00,,0.00,A
2001-11-05,290.97,290.97,290.97,290.97,0.00,,0.00,A
2001-11-06,296.35,296.35,296.35,296.35,0.00,,0.00,A
2001-11-07,297.52,297.52,297.52,297.52,0.00,,0.00,A
2001-11-09,297.19,297.19,297.19,297.19,0.00,,0.00,A
2001-11-12,298.19,298.19,298.19,298.19,0.00,,0.00,A
2001-11-13,300.15,300.15,300.15,300.15,0.00,,0.00,A
2001-11-19,301.15,301.15,301.15,301.15,0.00,,0.00,A
2001-11-20,300.34,300.34,300.34,300.34,0.00,,0.00,A
2001-11-21,299.38,299.38,299.38,299.38,0.00,,0.00,A
2001-11-22,297.51,297.51,297.51,297.51,0.00,,0.00,A
2001-11-23,296.01,296.01,296.01,296.01,0.00,,0.00,A
2001-11-26,290.07,290.07,290.07,290.07,0.00,,0.00,A
2001-11-27,283.98,283.98,283.98,283.98,0.00,,0.00,A
2001-11-28,288.83,288.83,288.83,288.83,0.00,,0.00,A
2001-11-29,287.63,287.63,287.63,287.63,0.00,,0.00,A
2001-11-30,287.70,287.70,287.70,287.70,0.00,,0.00,A
2001-12-03,288.72,288.72,288.72,288.72,0.00,,0.00,A
2001-12-04,287.26,287.26,287.26,287.26,0.00,,0.00,A
2001-12-05,287.78,287.78,287.78,287.78,0.00,,0.00,A
2001-12-06,288.97,288.97,288.97,288.97,0.00,,0.00,A
2001-12-07,290.57,290.57,290.57,290.57,0.00,,0.00,A
2001-12-10,290.49,290.49,290.49,290.49,0.00,,0.00,A
2001-12-11,287.42,287.42,287.42,287.42,0.00,,0.00,A
2001-12-12,287.42,287.42,287.42,287.42,0.00,,0.00,A
2001-12-13,286.90,286.90,286.90,286.90,0.00,,0.00,A
2001-12-14,284.48,284.48,284.48,284.48,0.00,,0.00,A
2001-12-17,283.33,283.33,283.33,283.33,0.00,,0.00,A
2001-12-18,283.75,283.75,283.75,283.75,0.00,,0.00,A
2001-12-19,282.80,282.80,282.80,282.80,0.00,,0.00,A
2001-12-20,280.62,280.62,280.62,280.62,0.00,,0.00,A
2001-12-21,280.05,280.05,280.05,280.05,0.00,,0.00,A
2001-12-24,277.84,277.84,277.84,277.84,0.00,,0.00,A
2001-12-25,278.21,278.21,278.21,278.21,0.00,,0.00,A
2001-12-26,274.36,274.36,274.36,274.36,0.00,,0.00,A
2001-12-27,273.20,273.20,273.20,273.20,0.00,,0.00,A
2001-12-28,271.43,271.43,271.43,271.43,0.00,,0.00,A
2001-12-31,269.75,269.75,269.75,269.75,0.00,,0.00,A
2002-01-01,266.28,266.28,266.28,266.28,0.00,,0.00,A
2002-01-02,263.09,263.09,263.09,263.09,0.00,,0.00,A
2002-01-03,261.08,261.08,261.08,261.08,0.00,,0.00,A
2002-01-07,260.67,260.67,260.67,260.67,0.00,,0.00,A
2002-01-08,261.56,261.56,261.56,261.56,0.00,,0.00,A
2002-01-09,262.20,262.20,262.20,262.20,0.00,,0.00,A
2002-01-10,255.92,255.92,255.92,255.92,0.00,,0.00,A
2002-01-14,258.91,258.91,258.91,258.91,0.00,,0.00,A
2002-01-15,261.44,261.44,261.44,261.44,0.00,,0.00,A
2002-01-16,262.88,262.88,262.88,262.88,0.00,,0.00,A
2002-01-17,260.65,260.65,260.65,260.65,0.00,,0.00,A
2002-01-18,259.75,259.75,259.75,259.75,0.00,,0.00,A
2002-01-21,257.73,257.73,257.73,257.73,0.00,,0.00,A
2002-01-22,255.91,255.91,255.91,255.91,0.00,,0.00,A
2002-01-23,255.04,255.04,255.04,255.04,0.00,,0.00,A
2002-01-24,253.20,253.20,253.20,253.20,0.00,,0.00,A
2002-01-25,256.96,256.96,256.96,256.96,0.00,,0.00,A
2002-01-28,252.83,252.83,252.83,252.83,0.00,,0.00,A
2002-01-30,252.73,252.73,252.73,252.73,0.00,,0.00,A
2002-01-31,251.96,251.96,251.96,251.96,0.00,,0.00,A
2002-02-01,251.41,251.41,251.41,251.41,0.00,,0.00,A
2002-02-04,248.72,248.72,248.72,248.72,0.00,,0.00,A
2002-02-05,247.15,247.15,247.15,247.15,0.00,,0.00,A
2002-02-06,245.40,245.40,245.40,245.40,0.00,,0.00,A
2002-02-07,240.41,240.41,240.41,240.41,0.00,,0.00,A
2002-02-08,236.42,236.42,236.42,236.42,0.00,,0.00,A
2002-02-11,236.06,236.06,236.06,236.06,0.00,,0.00,A
2002-02-12,236.01,236.01,236.01,236.01,0.00,,0.00,A
2002-02-13,236.60,236.60,236.60,236.60,0.00,,0.00,A
2002-02-14,234.82,234.82,234.82,234.82,0.00,,0.00,A
2002-02-15,234.97,234.97,234.97,234.97,0.00,,0.00,A
2002-02-18,233.75,233.75,233.75,233.75,0.00,,0.00,A
2002-02-20,230.50,230.50,230.50,230.50,0.00,,0.00,A
2002-02-21,228.75,228.75,228.75,228.75,0.00,,0.00,A
2002-02-22,226.03,226.03,226.03,226.03,0.00,,0.00,A
2002-02-25,225.11,225.11,225.11,225.11,0.00,,0.00,A
2002-02-26,223.46,223.46,223.46,223.46,0.00,,0.00,A
2002-02-27,222.45,222.45,222.45,222.45,0.00,,0.00,A
2002-02-28,220.28,220.28,220.28,220.28,0.00,,0.00,A
2002-03-01,218.59,218.59,218.59,218.59,0.00,,0.00,A
2002-03-04,215.89,215.89,215.89,215.89,0.00,,0.00,A
2002-03-05,211.76,211.76,211.76,211.76,0.00,,0.00,A
2002-03-06,208.53,208.53,208.53,208.53,0.00,,0.00,A
2002-03-07,204.79,204.79,204.79,204.79,0.00,,0.00,A
2002-03-08,198.37,198.37,198.37,198.37,0.00,,0.00,A
2002-03-11,195.46,195.46,195.46,195.46,0.00,,0.00,A
2002-03-13,193.83,193.83,193.83,193.83,0.00,,0.00,A
2002-03-14,187.88,187.88,187.88,187.88,0.00,,0.00,A
2002-03-15,186.22,186.22,186.22,186.22,0.00,,0.00,A
2002-03-18,186.94,186.94,186.94,186.94,0.00,,0.00,A
2002-03-19,192.71,192.71,192.71,192.71,0.00,,0.00,A
2002-03-20,200.18,200.18,200.18,200.18,0.00,,0.00,A
2002-03-21,204.28,204.28,204.28,204.28,0.00,,0.00,A
2002-03-22,209.67,209.67,209.67,209.67,0.00,,0.00,A
2002-03-25,213.74,213.74,213.74,213.74,0.00,,0.00,A
2002-03-26,213.71,213.71,213.71,213.71,0.00,,0.00,A
2002-03-27,205.52,205.52,205.52,205.52,0.00,,0.00,A
2002-03-29,198.81,198.81,198.81,198.81,0.00,,0.00,A
2002-04-01,201.06,201.06,201.06,201.06,0.00,,0.00,A
2002-04-02,209.70,209.70,209.70,209.70,0.00,,0.00,A
2002-04-03,211.11,211.11,211.11,211.11,0.00,,0.00,A
2002-04-04,208.93,208.93,208.93,208.93,0.00,,0.00,A
2002-04-05,208.92,208.92,208.92,208.92,0.00,,0.00,A
2002-04-08,212.66,212.66,212.66,212.66,0.00,,0.00,A
2002-04-09,214.55,214.55,214.55,214.55,0.00,,0.00,A
2002-04-10,217.45,217.45,217.45,217.45,0.00,,0.00,A
2002-04-11,219.14,219.14,219.14,219.14,0.00,,0.00,A
2002-04-12,216.21,216.21,216.21,216.21,0.00,,0.00,A
2002-04-15,214.94,214.94,214.94,214.94,0.00,,0.00,A
2002-04-16,215.15,215.15,215.15,215.15,0.00,,0.00,A
2002-04-17,216.36,216.36,216.36,216.36,0.00,,0.00,A
2002-04-18,216.94,216.94,216.94,216.94,0.00,,0.00,A
2002-04-19,217.14,217.14,217.14,217.14,0.00,,0.00,A
2002-04-22,215.10,215.10,215.10,215.10,0.00,,0.00,A
2002-04-23,215.45,215.45,215.45,215.45,0.00,,0.00,A
2002-04-24,216.83,216.83,216.83,216.83,0.00,,0.00,A
2002-04-25,218.09,218.09,218.09,218.09,0.00,,0.00,A
2002-04-26,218.55,218.55,218.55,218.55,0.00,,0.00,A
2002-04-29,219.51,219.51,219.51,219.51,0.00,,0.00,A
2002-04-30,220.17,220.17,220.17,220.17,0.00,,0.00,A
2002-05-01,221.43,221.43,221.43,221.43,0.00,,0.00,A
2002-05-02,221.73,221.73,221.73,221.73,0.00,,0.00,A
2002-05-03,224.69,224.69,224.69,224.69,0.00,,0.00,A
2002-05-06,230.77,230.77,230.77,230.77,0.00,,0.00,A
2002-05-07,240.04,240.04,240.04,240.04,0.00,,0.00,A
2002-05-08,243.63,243.63,243.63,243.63,0.00,,0.00,A
2002-05-09,234.72,234.72,234.72,234.72,0.00,,0.00,A
2002-05-10,240.46,240.46,240.46,240.46,0.00,,0.00,A
2002-05-13,238.65,238.65,238.65,238.65,0.00,,0.00,A
2002-05-14,239.09,239.09,239.09,239.09,0.00,,0.00,A
2002-05-15,238.42,238.42,238.42,238.42,0.00,,0.00,A
2002-05-16,237.62,237.62,237.62,237.62,0.00,,0.00,A
2002-05-17,239.54,239.54,239.54,239.54,0.00,,0.00,A
2002-05-20,239.90,239.90,239.90,239.90,0.00,,0.00,A
2002-05-21,241.08,241.08,241.08,241.08,0.00,,0.00,A
2002-05-22,241.45,241.45,241.45,241.45,0.00,,0.00,A
2002-05-23,235.88,235.88,235.88,235.88,0.00,,0.00,A
2002-05-24,238.19,238.19,238.19,238.19,0.00,,0.00,A
2002-05-27,234.05,234.05,234.05,234.05,0.00,,0.00,A
2002-05-28,233.47,233.47,233.47,233.47,0.00,,0.00,A
2002-05-29,234.25,234.25,234.25,234.25,0.00,,0.00,A
2002-05-30,233.89,233.89,233.89,233.89,0.00,,0.00,A
2002-05-31,233.28,233.28,233.28,233.28,0.00,,0.00,A
2002-06-03,232.31,232.31,232.31,232.31,0.00,,0.00,A
2002-06-04,232.59,232.59,232.59,232.59,0.00,,0.00,A
2002-06-05,232.79,232.79,232.79,232.79,0.00,,0.00,A
2002-06-06,231.83,231.83,231.83,231.83,0.00,,0.00,A
2002-06-07,231.17,231.17,231.17,231.17,0.00,,0.00,A
2002-06-10,231.45,231.45,231.45,231.45,0.00,,0.00,A
2002-06-11,231.34,231.34,231.34,231.34,0.00,,0.00,A
2002-06-12,230.69,230.69,230.69,230.69,0.00,,0.00,A
2002-06-13,228.26,228.26,228.26,228.26,0.00,,0.00,A
2002-06-14,226.04,226.04,226.04,226.04,0.00,,0.00,A
2002-06-17,225.29,225.29,225.29,225.29,0.00,,0.00,A
2002-06-18,226.83,226.83,226.83,226.83,0.00,,0.00,A
2002-06-19,227.24,227.24,227.24,227.24,0.00,,0.00,A
2002-06-21,227.67,227.67,227.67,227.67,0.00,,0.00,A
2002-06-24,229.10,229.10,229.10,229.10,0.00,,0.00,A
2002-06-25,229.33,229.33,229.33,229.33,0.00,,0.00,A
2002-06-26,229.36,229.36,229.36,229.36,0.00,,0.00,A
2002-06-27,229.17,229.17,229.17,229.17,0.00,,0.00,A
2002-07-01,229.20,229.20,229.20,229.20,0.00,,0.00,A
2002-07-02,219.18,219.18,219.18,219.18,0.00,,0.00,A
2002-07-03,228.27,228.27,228.27,228.27,0.00,,0.00,A
2002-07-04,227.16,227.16,227.16,227.16,0.00,,0.00,A
2002-07-05,226.48,226.48,226.48,226.48,0.00,,0.00,A
2002-07-08,226.23,226.23,226.23,226.23,0.00,,0.00,A
2002-07-10,224.84,224.84,224.84,224.84,0.00,,0.00,A
2002-07-11,223.67,223.67,223.67,223.67,0.00,,0.00,A
2002-07-12,222.86,222.86,222.86,222.86,0.00,,0.00,A
2002-07-15,223.76,223.76,223.76,223.76,0.00,,0.00,A
2002-07-16,227.54,227.54,227.54,227.54,0.00,,0.00,A
2002-07-17,222.06,222.06,222.06,222.06,0.00,,0.00,A
2002-07-19,222.00,222.00,222.00,222.00,0.00,,0.00,A
2002-07-22,221.65,221.65,221.65,221.65,0.00,,0.00,A
2002-07-23,221.49,221.49,221.49,221.49,0.00,,0.00,A
2002-07-24,221.75,221.75,221.75,221.75,0.00,,0.00,A
2002-07-25,224.17,224.17,224.17,224.17,0.00,,0.00,A
2002-07-26,224.47,224.47,224.47,224.47,0.00,,0.00,A
2002-07-29,224.65,224.65,224.65,224.65,0.00,,0.00,A
2002-07-30,224.57,224.57,224.57,224.57,0.00,,0.00,A
2002-08-01,223.86,223.86,223.86,223.86,0.00,,0.00,A
2002-08-02,224.52,224.52,224.52,224.52,0.00,,0.00,A
2002-08-05,223.84,223.84,223.84,223.84,0.00,,0.00,A
2002-08-06,223.84,223.84,223.84,223.84,0.00,,0.00,A
2002-08-07,223.63,223.63,223.63,223.63,0.00,,0.00,A
2002-08-08,223.68,223.68,223.68,223.68,0.00,,0.00,A
2002-08-09,224.03,224.03,224.03,224.03,0.00,,0.00,A
2002-08-12,223.77,223.77,223.77,223.77,0.00,,0.00,A
2002-08-13,224.32,224.32,224.32,224.32,0.00,,0.00,A
2002-08-14,225.39,225.39,225.39,225.39,0.00,,0.00,A
2002-08-15,226.02,226.02,226.02,226.02,0.00,,0.00,A
2002-08-16,226.59,226.59,226.59,226.59,0.00,,0.00,A
2002-08-19,226.37,226.37,226.37,226.37,0.00,,0.00,A
2002-08-20,227.58,227.58,227.58,227.58,0.00,,0.00,A
2002-08-21,228.40,228.40,228.40,228.40,0.00,,0.00,A
2002-08-22,229.02,229.02,229.02,229.02,0.00,,0.00,A
2002-08-23,229.88,229.88,229.88,229.88,0.00,,0.00,A
2002-08-26,230.01,230.01,230.01,230.01,0.00,,0.00,A
2002-08-27,228.96,228.96,228.96,228.96,0.00,,0.00,A
2002-08-28,228.54,228.54,228.54,228.54,0.00,,0.00,A
2002-08-29,227.36,227.36,227.36,227.36,0.00,,0.00,A
2002-09-02,225.38,225.38,225.38,225.38,0.00,,0.00,A
2002-09-03,225.30,225.30,225.30,225.30,0.00,,0.00,A
2002-09-04,225.59,225.59,225.59,225.59,0.00,,0.00,A
2002-09-05,224.86,224.86,224.86,224.86,0.00,,0.00,A
2002-09-06,224.54,224.54,224.54,224.54,0.00,,0.00,A
2002-09-09,223.92,223.92,223.92,223.92,0.00,,0.00,A
2002-09-10,223.71,223.71,223.71,223.71,0.00,,0.00,A
2002-09-11,223.87,223.87,223.87,223.87,0.00,,0.00,A
2002-09-12,223.79,223.79,223.79,223.79,0.00,,0.00,A
2002-09-13,223.03,223.03,223.03,223.03,0.00,,0.00,A
2002-09-16,222.98,222.98,222.98,222.98,0.00,,0.00,A
2002-09-17,222.87,222.87,222.87,222.87,0.00,,0.00,A
2002-09-18,222.77,222.77,222.77,222.77,0.00,,0.00,A
2002-09-19,223.14,223.14,223.14,223.14,0.00,,0.00,A
2002-09-23,222.12,222.12,222.12,222.12,0.00,,0.00,A
2002-09-24,219.97,219.97,219.97,219.97,0.00,,0.00,A
2002-09-25,218.48,218.48,218.48,218.48,0.00,,0.00,A
2002-09-26,218.22,218.22,218.22,218.22,0.00,,0.00,A
2002-09-27,218.19,218.19,218.19,218.19,0.00,,0.00,A
2002-09-30,217.53,217.53,217.53,217.53,0.00,,0.00,A
2002-10-01,217.13,217.13,217.13,217.13,0.00,,0.00,A
2002-10-02,217.11,217.11,217.11,217.11,0.00,,0.00,A
2002-10-03,218.03,218.03,218.03,218.03,0.00,,0.00,A
2002-10-04,217.90,217.90,217.90,217.90,0.00,,0.00,A
2002-10-08,218.76,218.76,218.76,218.76,0.00,,0.00,A
2002-10-09,218.88,218.88,218.88,218.88,0.00,,0.00,A
2002-10-10,219.33,219.33,219.33,219.33,0.00,,0.00,A
2002-10-11,219.26,219.26,219.26,219.26,0.00,,0.00,A
2002-10-21,219.16,219.16,219.16,219.16,0.00,,0.00,A
2002-10-22,219.69,219.69,219.69,219.69,0.00,,0.00,A
2002-10-23,220.03,220.03,220.03,220.03,0.00,,0.00,A
2002-10-24,221.08,221.08,221.08,221.08,0.00,,0.00,A
2002-10-25,220.78,220.78,220.78,220.78,0.00,,0.00,A
2002-10-28,220.97,220.97,220.97,220.97,0.00,,0.00,A
2002-10-29,223.11,223.11,223.11,223.11,0.00,,0.00,A
2002-10-30,224.33,224.33,224.33,224.33,0.00,,0.00,A
2002-10-31,225.40,225.40,225.40,225.40,0.00,,0.00,A
2002-11-01,225.65,225.65,225.65,225.65,0.00,,0.00,A
2002-11-07,224.29,224.29,224.29,224.29,0.00,,0.00,A
2002-11-08,223.94,223.94,223.94,223.94,0.00,,0.00,A
2002-11-11,222.97,222.97,222.97,222.97,0.00,,0.00,A
2002-11-12,222.67,222.67,222.67,222.67,0.00,,0.00,A
2002-11-13,222.49,222.49,222.49,222.49,0.00,,0.00,A
2002-11-14,221.57,221.57,221.57,221.57,0.00,,0.00,A
2002-11-15,220.73,220.73,220.73,220.73,0.00,,0.00,A
2002-11-18,220.59,220.59,220.59,220.59,0.00,,0.00,A
2002-11-19,220.37,220.37,220.37,220.37,0.00,,0.00,A
2002-11-20,220.43,220.43,220.43,220.43,0.00,,0.00,A
2002-11-21,219.25,219.25,219.25,219.25,0.00,,0.00,A
2002-11-22,217.36,217.36,217.36,217.36,0.00,,0.00,A
2002-11-25,217.10,217.10,217.10,217.10,0.00,,0.00,A
2002-11-26,217.11,217.11,217.11,217.11,0.00,,0.00,A
2002-11-27,217.31,217.31,217.31,217.31,0.00,,0.00,A
2002-11-28,217.44,217.44,217.44,217.44,0.00,,0.00,A
2002-12-02,216.98,216.98,216.98,216.98,0.00,,0.00,A
2002-12-03,216.26,216.26,216.26,216.26,0.00,,0.00,A
2002-12-04,216.75,216.75,216.75,216.75,0.00,,0.00,A
2002-12-05,217.20,217.20,217.20,217.20,0.00,,0.00,A
2002-12-06,216.79,216.79,216.79,216.79,0.00,,0.00,A
2002-12-09,216.29,216.29,216.29,216.29,0.00,,0.00,A
2002-12-10,215.97,215.97,215.97,215.97,0.00,,0.00,A
2002-12-11,215.87,215.87,215.87,215.87,0.00,,0.00,A
2002-12-12,214.97,214.97,214.97,214.97,0.00,,0.00,A
2002-12-13,214.57,214.57,214.57,214.57,0.00,,0.00,A
2002-12-16,214.27,214.27,214.27,214.27,0.00,,0.00,A
2002-12-17,214.34,214.34,214.34,214.34,0.00,,0.00,A
2002-12-18,208.08,208.08,208.08,208.08,0.00,,0.00,A
2002-12-19,207.35,207.35,207.35,207.35,0.00,,0.00,A
2002-12-20,206.57,206.57,206.57,206.57,0.00,,0.00,A
2002-12-23,206.43,206.43,206.43,206.43,0.00,,0.00,A
2002-12-24,206.80,206.80,206.80,206.80,0.00,,0.00,A
2002-12-25,206.62,206.62,206.62,206.62,0.00,,0.00,A
2002-12-26,204.34,204.34,204.34,204.34,0.00,,0.00,A
2002-12-27,204.53,204.53,204.53,204.53,0.00,,0.00,A
2002-12-30,204.77,204.77,204.77,204.77,0.00,,0.00,A
2003-01-01,204.10,204.10,204.10,204.10,0.00,,0.00,A
2003-01-02,203.61,203.61,203.61,203.61,0.00,,0.00,A
2003-01-03,203.81,203.81,203.81,203.81,0.00,,0.00,A
2003-01-06,203.03,203.03,203.03,203.03,0.00,,0.00,A
2003-01-07,202.37,202.37,202.37,202.37,0.00,,0.00,A
2003-01-08,202.35,202.35,202.35,202.35,0.00,,0.00,A
2003-01-10,200.98,200.98,200.98,200.98,0.00,,0.00,A
2003-01-13,200.82,200.82,200.82,200.82,0.00,,0.00,A
2003-01-14,200.80,200.80,200.80,200.80,0.00,,0.00,A
2003-01-15,201.44,201.44,201.44,201.44,0.00,,0.00,A
2003-01-16,201.64,201.64,201.64,201.64,0.00,,0.00,A
2003-01-17,202.07,202.07,202.07,202.07,0.00,,0.00,A
2003-01-20,199.28,199.28,199.28,199.28,0.00,,0.00,A
2003-01-21,198.51,198.51,198.51,198.51,0.00,,0.00,A
2003-01-22,198.55,198.55,198.55,198.55,0.00,,0.00,A
2003-01-23,198.70,198.70,198.70,198.70,0.00,,0.00,A
2003-01-24,198.44,198.44,198.44,198.44,0.00,,0.00,A
2003-01-27,199.03,199.03,199.03,199.03,0.00,,0.00,A
2003-01-28,199.52,199.52,199.52,199.52,0.00,,0.00,A
2003-01-29,199.78,199.78,199.78,199.78,0.00,,0.00,A
2003-01-31,203.54,203.54,203.54,203.54,0.00,,0.00,A
2003-02-03,213.30,213.30,213.30,213.30,0.00,,0.00,A
2003-02-04,225.96,225.96,225.96,225.96,0.00,,0.00,A
2003-02-05,227.40,227.40,227.40,227.40,0.00,,0.00,A
2003-02-06,220.59,220.59,220.59,220.59,0.00,,0.00,A
2003-02-07,217.14,217.14,217.14,217.14,0.00,,0.00,A
2003-02-10,215.18,215.18,215.18,215.18,0.00,,0.00,A
2003-02-11,213.78,213.78,213.78,213.78,0.00,,0.00,A
2003-02-12,213.31,213.31,213.31,213.31,0.00,,0.00,A
2003-02-13,211.52,211.52,211.52,211.52,0.00,,0.00,A
2003-02-14,211.21,211.21,211.21,211.21,0.00,,0.00,A
2003-02-17,211.28,211.28,211.28,211.28,0.00,,0.00,A
2003-02-18,211.90,211.90,211.90,211.90,0.00,,0.00,A
2003-02-20,211.30,211.30,211.30,211.30,0.00,,0.00,A
2003-02-21,211.04,211.04,211.04,211.04,0.00,,0.00,A
2003-02-24,211.99,211.99,211.99,211.99,0.00,,0.00,A
2003-02-25,211.53,211.53,211.53,211.53,0.00,,0.00,A
2003-02-26,210.59,210.59,210.59,210.59,0.00,,0.00,A
2003-02-27,209.37,209.37,209.37,209.37,0.00,,0.00,A
2003-02-28,209.26,209.26,209.26,209.26,0.00,,0.00,A
2003-03-03,209.19,209.19,209.19,209.19,0.00,,0.00,A
2003-03-04,208.54,208.54,208.54,208.54,0.00,,0.00,A
2003-03-05,208.54,208.54,208.54,208.54,0.00,,0.00,A
2003-03-06,208.29,208.29,208.29,208.29,0.00,,0.00,A
2003-03-07,207.23,207.23,207.23,207.23,0.00,,0.00,A
2003-03-10,207.20,207.20,207.20,207.20,0.00,,0.00,A
2003-03-11,207.15,207.15,207.15,207.15,0.00,,0.00,A
2003-03-12,207.18,207.18,207.18,207.18,0.00,,0.00,A
2003-03-13,207.24,207.24,207.24,207.24,0.00,,0.00,A
2003-03-14,209.66,209.66,209.66,209.66,0.00,,0.00,A
2003-03-18,210.10,210.10,210.10,210.10,0.00,,0.00,A
2003-03-19,212.68,212.68,212.68,212.68,0.00,,0.00,A
2003-03-20,214.09,214.09,214.09,214.09,0.00,,0.00,A
2003-03-21,217.32,217.32,217.32,217.32,0.00,,0.00,A
2003-03-24,217.39,217.39,217.39,217.39,0.00,,0.00,A
2003-03-25,216.72,216.72,216.72,216.72,0.00,,0.00,A
2003-03-26,213.87,213.87,213.87,213.87,0.00,,0.00,A
2003-03-27,212.76,212.76,212.76,212.76,0.00,,0.00,A
2003-03-28,212.36,212.36,212.36,212.36,0.00,,0.00,A
2003-03-31,214.84,214.84,214.84,214.84,0.00,,0.00,A
2003-04-01,216.71,216.71,216.71,216.71,0.00,,0.00,A
2003-04-02,216.69,216.69,216.69,216.69,0.00,,0.00,A
2003-04-03,216.36,216.36,216.36,216.36,0.00,,0.00,A
2003-04-04,216.22,216.22,216.22,216.22,0.00,,0.00,A
2003-04-07,215.39,215.39,215.39,215.39,0.00,,0.00,A
2003-04-08,214.86,214.86,214.86,214.86,0.00,,0.00,A
2003-04-09,213.91,213.91,213.91,213.91,0.00,,0.00,A
2003-04-10,214.08,214.08,214.08,214.08,0.00,,0.00,A
2003-04-15,213.68,213.68,213.68,213.68,0.00,,0.00,A
2003-04-16,211.99,211.99,211.99,211.99,0.00,,0.00,A
2003-04-17,211.37,211.37,211.37,211.37,0.00,,0.00,A
2003-04-18,211.41,211.41,211.41,211.41,0.00,,0.00,A
2003-04-21,210.32,210.32,210.32,210.32,0.00,,0.00,A
2003-04-22,209.43,209.43,209.43,209.43,0.00,,0.00,A
2003-04-23,209.49,209.49,209.49,209.49,0.00,,0.00,A
2003-04-24,208.97,208.97,208.97,208.97,0.00,,0.00,A
2003-04-25,209.69,209.69,209.69,209.69,0.00,,0.00,A
2003-04-28,209.23,209.23,209.23,209.23,0.00,,0.00,A
2003-04-29,209.41,209.41,209.41,209.41,0.00,,0.00,A
2003-04-30,209.17,209.17,209.17,209.17,0.00,,0.00,A
2003-05-01,209.56,209.56,209.56,209.56,0.00,,0.00,A
2003-05-02,209.62,209.62,209.62,209.62,0.00,,0.00,A
2003-05-05,209.51,209.51,209.51,209.51,0.00,,0.00,A
2003-05-06,209.37,209.37,209.37,209.37,0.00,,0.00,A
2003-05-07,209.01,209.01,209.01,209.01,0.00,,0.00,A
2003-05-08,208.48,208.48,208.48,208.48,0.00,,0.00,A
2003-05-09,208.20,208.20,208.20,208.20,0.00,,0.00,A
2003-05-12,207.84,207.84,207.84,207.84,0.00,,0.00,A
2003-05-13,207.80,207.80,207.80,207.80,0.00,,0.00,A
2003-05-14,207.45,207.45,207.45,207.45,0.00,,0.00,A
2003-05-15,208.09,208.09,208.09,208.09,0.00,,0.00,A
2003-05-19,208.31,208.31,208.31,208.31,0.00,,0.00,A
2003-05-20,207.85,207.85,207.85,207.85,0.00,,0.00,A
2003-05-21,207.61,207.61,207.61,207.61,0.00,,0.00,A
2003-05-22,208.04,208.04,208.04,208.04,0.00,,0.00,A
2003-05-23,208.30,208.30,208.30,208.30,0.00,,0.00,A
2003-05-26,208.76,208.76,208.76,208.76,0.00,,0.00,A
2003-05-27,208.80,208.80,208.80,208.80,0.00,,0.00,A
2003-05-28,208.88,208.88,208.88,208.88,0.00,,0.00,A
2003-05-29,209.10,209.10,209.10,209.10,0.00,,0.00,A
2003-05-30,209.63,209.63,209.63,209.63,0.00,,0.00,A
2003-06-02,209.74,209.74,209.74,209.74,0.00,,0.00,A
2003-06-03,209.48,209.48,209.48,209.48,0.00,,0.00,A
2003-06-04,209.35,209.35,209.35,209.35,0.00,,0.00,A
2003-06-05,209.09,209.09,209.09,209.09,0.00,,0.00,A
2003-06-06,208.99,208.99,208.99,208.99,0.00,,0.00,A
2003-06-09,208.95,208.95,208.95,208.95,0.00,,0.00,A
2003-06-10,208.49,208.49,208.49,208.49,0.00,,0.00,A
2003-06-11,210.86,210.86,210.86,210.86,0.00,,0.00,A
2003-06-12,210.46,210.46,210.46,210.46,0.00,,0.00,A
2003-06-13,207.65,207.65,207.65,207.65,0.00,,0.00,A
2003-06-16,207.43,207.43,207.43,207.43,0.00,,0.00,A
2003-06-17,206.82,206.82,206.82,206.82,0.00,,0.00,A
2003-06-18,206.47,206.47,206.47,206.47,0.00,,0.00,A
2003-06-19,206.00,206.00,206.00,206.00,0.00,,0.00,A
2003-06-20,205.92,205.92,205.92,205.92,0.00,,0.00,A
2003-06-23,205.48,205.48,205.48,205.48,0.00,,0.00,A
2003-06-24,205.30,205.30,205.30,205.30,0.00,,0.00,A
2003-06-25,204.94,204.94,204.94,204.94,0.00,,0.00,A
2003-06-26,204.86,204.86,204.86,204.86,0.00,,0.00,A
2003-06-27,205.82,205.82,205.82,205.82,0.00,,0.00,A
2003-06-30,205.67,205.67,205.67,205.67,0.00,,0.00,A
2003-07-01,206.12,206.12,206.12,206.12,0.00,,0.00,A
2003-07-02,204.27,204.27,204.27,204.27,0.00,,0.00,A
2003-07-03,204.61,204.61,204.61,204.61,0.00,,0.00,A
2003-07-04,204.40,204.40,204.40,204.40,0.00,,0.00,A
2003-07-08,204.18,204.18,204.18,204.18,0.00,,0.00,A
2003-07-09,203.86,203.86,203.86,203.86,0.00,,0.00,A
2003-07-10,203.78,203.78,203.78,203.78,0.00,,0.00,A
2003-07-11,203.79,203.79,203.79,203.79,0.00,,0.00,A
2003-07-14,204.44,204.44,204.44,204.44,0.00,,0.00,A
2003-07-15,205.46,205.46,205.46,205.46,0.00,,0.00,A
2003-07-16,204.86,204.86,204.86,204.86,0.00,,0.00,A
2003-07-17,204.41,204.41,204.41,204.41,0.00,,0.00,A
2003-07-18,204.31,204.31,204.31,204.31,0.00,,0.00,A
2003-07-21,203.69,203.69,203.69,203.69,0.00,,0.00,A
2003-07-22,203.56,203.56,203.56,203.56,0.00,,0.00,A
2003-07-23,203.54,203.54,203.54,203.54,0.00,,0.00,A
2003-07-24,203.29,203.29,203.29,203.29,0.00,,0.00,A
2003-07-25,203.19,203.19,203.19,203.19,0.00,,0.00,A
2003-07-28,203.37,203.37,203.37,203.37,0.00,,0.00,A
2003-07-29,202.98,202.98,202.98,202.98,0.00,,0.00,A
2003-07-30,202.77,202.77,202.77,202.77,0.00,,0.00,A
2003-07-31,202.95,202.95,202.95,202.95,0.00,,0.00,A
2003-08-01,202.69,202.69,202.69,202.69,0.00,,0.00,A
2003-08-04,202.70,202.70,202.70,202.70,0.00,,0.00,A
2003-08-05,202.83,202.83,202.83,202.83,0.00,,0.00,A
2003-08-06,202.75,202.75,202.75,202.75,0.00,,0.00,A
2003-08-07,203.57,203.57,203.57,203.57,0.00,,0.00,A
2003-08-08,204.44,204.44,204.44,204.44,0.00,,0.00,A
2003-08-11,205.63,205.63,205.63,205.63,0.00,,0.00,A
2003-08-13,206.21,206.21,206.21,206.21,0.00,,0.00,A
2003-08-14,206.57,206.57,206.57,206.57,0.00,,0.00,A
2003-08-15,207.92,207.92,207.92,207.92,0.00,,0.00,A
2003-08-18,208.52,208.52,208.52,208.52,0.00,,0.00,A
2003-08-20,209.25,209.25,209.25,209.25,0.00,,0.00,A
2003-08-21,210.11,210.11,210.11,210.11,0.00,,0.00,A
2003-08-22,210.42,210.42,210.42,210.42,0.00,,0.00,A
2003-08-25,211.54,211.54,211.54,211.54,0.00,,0.00,A
2003-08-26,211.22,211.22,211.22,211.22,0.00,,0.00,A
2003-08-27,209.81,209.81,209.81,209.81,0.00,,0.00,A
2003-08-28,206.52,206.52,206.52,206.52,0.00,,0.00,A
2003-08-29,205.32,205.32,205.32,205.32,0.00,,0.00,A
2003-09-01,203.18,203.18,203.18,203.18,0.00,,0.00,A
2003-09-02,202.41,202.41,202.41,202.41,0.00,,0.00,A
2003-09-03,201.65,201.65,201.65,201.65,0.00,,0.00,A
2003-09-04,202.45,202.45,202.45,202.45,0.00,,0.00,A
2003-09-05,204.44,204.44,204.44,204.44,0.00,,0.00,A
2003-09-08,204.36,204.36,204.36,204.36,0.00,,0.00,A
2003-09-10,205.02,205.02,205.02,205.02,0.00,,0.00,A
2003-09-11,206.11,206.11,206.11,206.11,0.00,,0.00,A
2003-09-12,207.54,207.54,207.54,207.54,0.00,,0.00,A
2003-09-15,208.00,208.00,208.00,208.00,0.00,,0.00,A
2003-09-16,208.32,208.32,208.32,208.32,0.00,,0.00,A
2003-09-17,208.46,208.46,208.46,208.46,0.00,,0.00,A
2003-09-18,208.07,208.07,208.07,208.07,0.00,,0.00,A
2003-09-19,207.58,207.58,207.58,207.58,0.00,,0.00,A
2003-09-22,207.43,207.43,207.43,207.43,0.00,,0.00,A
2003-09-23,207.41,207.41,207.41,207.41,0.00,,0.00,A
2003-09-24,206.58,206.58,206.58,206.58,0.00,,0.00,A
2003-09-25,206.59,206.59,206.59,206.59,0.00,,0.00,A
2003-09-26,207.08,207.08,207.08,207.08,0.00,,0.00,A
2003-09-29,206.84,206.84,206.84,206.84,0.00,,0.00,A
2003-09-30,206.83,206.83,206.83,206.83,0.00,,0.00,A
2003-10-01,206.96,206.96,206.96,206.96,0.00,,0.00,A
2003-10-08,206.58,206.58,206.58,206.58,0.00,,0.00,A
2003-10-09,207.03,207.03,207.03,207.03,0.00,,0.00,A
2003-10-10,206.93,206.93,206.93,206.93,0.00,,0.00,A
2003-10-13,206.93,206.93,206.93,206.93,0.00,,0.00,A
2003-10-14,207.03,207.03,207.03,207.03,0.00,,0.00,A
2003-10-15,207.06,207.06,207.06,207.06,0.00,,0.00,A
2003-10-16,207.60,207.60,207.60,207.60,0.00,,0.00,A
2003-10-17,207.54,207.54,207.54,207.54,0.00,,0.00,A
2003-10-20,208.03,208.03,208.03,208.03,0.00,,0.00,A
2003-10-21,207.81,207.81,207.81,207.81,0.00,,0.00,A
2003-10-22,207.58,207.58,207.58,207.58,0.00,,0.00,A
2003-10-23,207.73,207.73,207.73,207.73,0.00,,0.00,A
2003-10-24,207.94,207.94,207.94,207.94,0.00,,0.00,A
2003-10-28,207.89,207.89,207.89,207.89,0.00,,0.00,A
2003-10-29,207.49,207.49,207.49,207.49,0.00,,0.00,A
2003-10-30,207.46,207.46,207.46,207.46,0.00,,0.00,A
2003-10-31,207.65,207.65,207.65,207.65,0.00,,0.00,A
2003-11-03,207.80,207.80,207.80,207.80,0.00,,0.00,A
2003-11-04,208.10,208.10,208.10,208.10,0.00,,0.00,A
2003-11-05,207.57,207.57,207.57,207.57,0.00,,0.00,A
2003-11-06,207.31,207.31,207.31,207.31,0.00,,0.00,A
2003-11-07,207.28,207.28,207.28,207.28,0.00,,0.00,A
2003-11-10,207.04,207.04,207.04,207.04,0.00,,0.00,A
2003-11-11,207.15,207.15,207.15,207.15,0.00,,0.00,A
2003-11-12,207.23,207.23,207.23,207.23,0.00,,0.00,A
2003-11-13,206.67,206.67,206.67,206.67,0.00,,0.00,A
2003-11-14,206.21,206.21,206.21,206.21,0.00,,0.00,A
2003-11-17,206.33,206.33,206.33,206.33,0.00,,0.00,A
2003-11-18,206.45,206.45,206.45,206.45,0.00,,0.00,A
2003-11-19,206.72,206.72,206.72,206.72,0.00,,0.00,A
2003-11-20,206.40,206.40,206.40,206.40,0.00,,0.00,A
2003-11-21,206.00,206.00,206.00,206.00,0.00,,0.00,A
2003-11-24,205.83,205.83,205.83,205.83,0.00,,0.00,A
2003-11-25,207.01,207.01,207.01,207.01,0.00,,0.00,A
2003-11-26,207.13,207.13,207.13,207.13,0.00,,0.00,A
2003-11-27,206.76,206.76,206.76,206.76,0.00,,0.00,A
2003-11-28,205.66,205.66,205.66,205.66,0.00,,0.00,A
2003-12-01,205.03,205.03,205.03,205.03,0.00,,0.00,A
2003-12-02,204.96,204.96,204.96,204.96,0.00,,0.00,A
2003-12-03,205.36,205.36,205.36,205.36,0.00,,0.00,A
2003-12-04,205.18,205.18,205.18,205.18,0.00,,0.00,A
2003-12-05,204.09,204.09,204.09,204.09,0.00,,0.00,A
2003-12-08,206.28,206.28,206.28,206.28,0.00,,0.00,A
2003-12-09,206.40,206.40,206.40,206.40,0.00,,0.00,A
2003-12-10,206.35,206.35,206.35,206.35,0.00,,0.00,A
2003-12-11,206.42,206.42,206.42,206.42,0.00,,0.00,A
2003-12-12,202.47,202.47,202.47,202.47,0.00,,0.00,A
2003-12-15,201.94,201.94,201.94,201.94,0.00,,0.00,A
2003-12-16,201.88,201.88,201.88,201.88,0.00,,0.00,A
2003-12-17,201.50,201.50,201.50,201.50,0.00,,0.00,A
2003-12-18,201.56,201.56,201.56,201.56,0.00,,0.00,A
2003-12-19,201.54,201.54,201.54,201.54,0.00,,0.00,A
2003-12-22,201.51,201.51,201.51,201.51,0.00,,0.00,A
2003-12-23,201.29,201.29,201.29,201.29,0.00,,0.00,A
2003-12-24,201.22,201.22,201.22,201.22,0.00,,0.00,A
2003-12-25,201.52,201.52,201.52,201.52,0.00,,0.00,A
2003-12-26,201.65,201.65,201.65,201.65,0.00,,0.00,A
2003-12-27,202.23,202.23,202.23,202.23,0.00,,0.00,A
2003-12-30,201.23,201.23,201.23,201.23,0.00,,0.00,A
2003-12-31,201.57,201.57,201.57,201.57,0.00,,0.00,A
2004-01-01,201.88,201.88,201.88,201.88,0.00,,0.00,A
2004-01-02,201.52,201.52,201.52,201.52,0.00,,0.00,A
2004-01-05,201.51,201.51,201.51,201.51,0.00,,0.00,A
2004-01-06,201.82,201.82,201.82,201.82,0.00,,0.00,A
2004-01-07,201.51,201.51,201.51,201.51,0.00,,0.00,A
2004-01-08,201.46,201.46,201.46,201.46,0.00,,0.00,A
2004-01-09,200.84,200.84,200.84,200.84,0.00,,0.00,A
2004-01-12,201.34,201.34,201.34,201.34,0.00,,0.00,A
2004-01-13,202.19,202.19,202.19,202.19,0.00,,0.00,A
2004-01-14,201.95,201.95,201.95,201.95,0.00,,0.00,A
2004-01-15,202.65,202.65,202.65,202.65,0.00,,0.00,A
2004-01-16,204.41,204.41,204.41,204.41,0.00,,0.00,A
2004-01-19,206.02,206.02,206.02,206.02,0.00,,0.00,A
2004-01-20,207.80,207.80,207.80,207.80,0.00,,0.00,A
2004-01-21,207.89,207.89,207.89,207.89,0.00,,0.00,A
2004-01-22,210.13,210.13,210.13,210.13,0.00,,0.00,A
2004-01-23,212.23,212.23,212.23,212.23,0.00,,0.00,A
2004-01-26,212.96,212.96,212.96,212.96,0.00,,0.00,A
2004-01-27,211.77,211.77,211.77,211.77,0.00,,0.00,A
2004-01-28,211.47,211.47,211.47,211.47,0.00,,0.00,A
2004-01-29,211.39,211.39,211.39,211.39,0.00,,0.00,A
2004-02-02,211.11,211.11,211.11,211.11,0.00,,0.00,A
2004-02-03,211.35,211.35,211.35,211.35,0.00,,0.00,A
2004-02-04,211.43,211.43,211.43,211.43,0.00,,0.00,A
2004-02-05,211.28,211.28,211.28,211.28,0.00,,0.00,A
2004-02-06,211.48,211.48,211.48,211.48,0.00,,0.00,A
2004-02-09,211.18,211.18,211.18,211.18,0.00,,0.00,A
2004-02-10,211.07,211.07,211.07,211.07,0.00,,0.00,A
2004-02-11,211.17,211.17,211.17,211.17,0.00,,0.00,A
2004-02-12,211.31,211.31,211.31,211.31,0.00,,0.00,A
2004-02-13,210.54,210.54,210.54,210.54,0.00,,0.00,A
2004-02-16,210.69,210.69,210.69,210.69,0.00,,0.00,A
2004-02-17,210.60,210.60,210.60,210.60,0.00,,0.00,A
2004-02-20,210.56,210.56,210.56,210.56,0.00,,0.00,A
2004-02-23,210.45,210.45,210.45,210.45,0.00,,0.00,A
2004-02-25,210.04,210.04,210.04,210.04,0.00,,0.00,A
2004-02-26,209.15,209.15,209.15,209.15,0.00,,0.00,A
2004-02-27,208.87,208.87,208.87,208.87,0.00,,0.00,A
2004-03-01,208.68,208.68,208.68,208.68,0.00,,0.00,A
2004-03-02,208.75,208.75,208.75,208.75,0.00,,0.00,A
2004-03-03,208.82,208.82,208.82,208.82,0.00,,0.00,A
2004-03-04,208.76,208.76,208.76,208.76,0.00,,0.00,A
2004-03-05,208.41,208.41,208.41,208.41,0.00,,0.00,A
2004-03-08,208.09,208.09,208.09,208.09,0.00,,0.00,A
2004-03-09,208.26,208.26,208.26,208.26,0.00,,0.00,A
2004-03-10,208.07,208.07,208.07,208.07,0.00,,0.00,A
2004-03-11,207.73,207.73,207.73,207.73,0.00,,0.00,A
2004-03-12,207.80,207.80,207.80,207.80,0.00,,0.00,A
2004-03-15,207.85,207.85,207.85,207.85,0.00,,0.00,A
2004-03-16,207.88,207.88,207.88,207.88,0.00,,0.00,A
2004-03-17,208.16,208.16,208.16,208.16,0.00,,0.00,A
2004-03-18,207.85,207.85,207.85,207.85,0.00,,0.00,A
2004-03-19,207.07,207.07,207.07,207.07,0.00,,0.00,A
2004-03-22,208.00,208.00,208.00,208.00,0.00,,0.00,A
2004-03-23,208.38,208.38,208.38,208.38,0.00,,0.00,A
2004-03-24,203.93,203.93,203.93,203.93,0.00,,0.00,A
2004-03-25,195.61,195.61,195.61,195.61,0.00,,0.00,A
2004-03-26,196.25,196.25,196.25,196.25,0.00,,0.00,A
2004-03-29,195.88,195.88,195.88,195.88,0.00,,0.00,A
2004-03-31,196.34,196.34,196.34,196.34,0.00,,0.00,A
2004-04-01,195.14,195.14,195.14,195.14,0.00,,0.00,A
2004-04-02,195.17,195.17,195.17,195.17,0.00,,0.00,A
2004-04-05,196.14,196.14,196.14,196.14,0.00,,0.00,A
2004-04-06,197.32,197.32,197.32,197.32,0.00,,0.00,A
2004-04-07,198.87,198.87,198.87,198.87,0.00,,0.00,A
2004-04-08,199.41,199.41,199.41,199.41,0.00,,0.00,A
2004-04-09,199.53,199.53,199.53,199.53,0.00,,0.00,A
2004-04-12,201.22,201.22,201.22,201.22,0.00,,0.00,A
2004-04-14,202.94,202.94,202.94,202.94,0.00,,0.00,A
2004-04-15,202.10,202.10,202.10,202.10,0.00,,0.00,A
2004-04-16,202.45,202.45,202.45,202.45,0.00,,0.00,A
2004-04-19,202.72,202.72,202.72,202.72,0.00,,0.00,A
2004-04-20,203.05,203.05,203.05,203.05,0.00,,0.00,A
2004-04-21,203.16,203.16,203.16,203.16,0.00,,0.00,A
2004-04-22,203.76,203.76,203.76,203.76,0.00,,0.00,A
2004-04-23,204.06,204.06,204.06,204.06,0.00,,0.00,A
2004-04-26,204.38,204.38,204.38,204.38,0.00,,0.00,A
2004-04-27,204.60,204.60,204.60,204.60,0.00,,0.00,A
2004-04-28,204.55,204.55,204.55,204.55,0.00,,0.00,A
2004-04-29,205.26,205.26,205.26,205.26,0.00,,0.00,A
2004-04-30,205.22,205.22,205.22,205.22,0.00,,0.00,A
2004-05-03,205.07,205.07,205.07,205.07,0.00,,0.00,A
2004-05-05,201.00,201.00,201.00,201.00,0.00,,0.00,A
2004-05-06,201.12,201.12,201.12,201.12,0.00,,0.00,A
2004-05-07,201.27,201.27,201.27,201.27,0.00,,0.00,A
2004-05-10,201.49,201.49,201.49,201.49,0.00,,0.00,A
2004-05-11,201.54,201.54,201.54,201.54,0.00,,0.00,A
2004-05-12,202.10,202.10,202.10,202.10,0.00,,0.00,A
2004-05-13,204.35,204.35,204.35,204.35,0.00,,0.00,A
2004-05-14,204.41,204.41,204.41,204.41,0.00,,0.00,A
2004-05-17,204.80,204.80,204.80,204.80,0.00,,0.00,A
2004-05-18,205.10,205.10,205.10,205.10,0.00,,0.00,A
2004-05-19,205.02,205.02,205.02,205.02,0.00,,0.00,A
2004-05-20,205.29,205.29,205.29,205.29,0.00,,0.00,A
2004-05-21,205.13,205.13,205.13,205.13,0.00,,0.00,A
2004-05-24,205.58,205.58,205.58,205.58,0.00,,0.00,A
2004-05-25,206.12,206.12,206.12,206.12,0.00,,0.00,A
2004-05-26,206.25,206.25,206.25,206.25,0.00,,0.00,A
2004-05-27,206.90,206.90,206.90,206.90,0.00,,0.00,A
2004-05-28,204.04,204.04,204.04,204.04,0.00,,0.00,A
2004-05-31,207.41,207.41,207.41,207.41,0.00,,0.00,A
2004-06-01,205.25,205.25,205.25,205.25,0.00,,0.00,A
2004-06-02,208.53,208.53,208.53,208.53,0.00,,0.00,A
2004-06-03,209.14,209.14,209.14,209.14,0.00,,0.00,A
2004-06-04,209.49,209.49,209.49,209.49,0.00,,0.00,A
2004-06-07,210.46,210.46,210.46,210.46,0.00,,0.00,A
2004-06-08,211.75,211.75,211.75,211.75,0.00,,0.00,A
2004-06-09,214.27,214.27,214.27,214.27,0.00,,0.00,A
2004-06-10,216.75,216.75,216.75,216.75,0.00,,0.00,A
2004-06-11,216.42,216.42,216.42,216.42,0.00,,0.00,A
2004-06-14,213.12,213.12,213.12,213.12,0.00,,0.00,A
2004-06-15,211.31,211.31,211.31,211.31,0.00,,0.00,A
2004-06-16,211.45,211.45,211.45,211.45,0.00,,0.00,A
2004-06-21,211.51,211.51,211.51,211.51,0.00,,0.00,A
2004-06-22,213.25,213.25,213.25,213.25,0.00,,0.00,A
2004-06-23,215.10,215.10,215.10,215.10,0.00,,0.00,A
2004-06-24,216.51,216.51,216.51,216.51,0.00,,0.00,A
2004-06-25,217.46,217.46,217.46,217.46,0.00,,0.00,A
2004-06-28,217.41,217.41,217.41,217.41,0.00,,0.00,A
2004-06-29,217.72,217.72,217.72,217.72,0.00,,0.00,A
2004-06-30,218.65,218.65,218.65,218.65,0.00,,0.00,A
2004-07-01,219.41,219.41,219.41,219.41,0.00,,0.00,A
2004-07-02,220.75,220.75,220.75,220.75,0.00,,0.00,A
2004-07-05,225.15,225.15,225.15,225.15,0.00,,0.00,A
2004-07-06,227.83,227.83,227.83,227.83,0.00,,0.00,A
2004-07-08,226.88,226.88,226.88,226.88,0.00,,0.00,A
2004-07-09,226.30,226.30,226.30,226.30,0.00,,0.00,A
2004-07-12,226.16,226.16,226.16,226.16,0.00,,0.00,A
2004-07-13,226.42,226.42,226.42,226.42,0.00,,0.00,A
2004-07-14,226.61,226.61,226.61,226.61,0.00,,0.00,A
2004-07-15,222.04,222.04,222.04,222.04,0.00,,0.00,A
2004-07-16,222.65,222.65,222.65,222.65,0.00,,0.00,A
2004-07-19,223.45,223.45,223.45,223.45,0.00,,0.00,A
2004-07-20,224.41,224.41,224.41,224.41,0.00,,0.00,A
2004-07-21,224.42,224.42,224.42,224.42,0.00,,0.00,A
2004-07-22,223.42,223.42,223.42,223.42,0.00,,0.00,A
2004-07-23,224.09,224.09,224.09,224.09,0.00,,0.00,A
2004-07-27,224.63,224.63,224.63,224.63,0.00,,0.00,A
2004-07-28,224.91,224.91,224.91,224.91,0.00,,0.00,A
2004-07-29,225.52,225.52,225.52,225.52,0.00,,0.00,A
2004-07-30,226.72,226.72,226.72,226.72,0.00,,0.00,A
2004-08-02,227.30,227.30,227.30,227.30,0.00,,0.00,A
2004-08-03,228.77,228.77,228.77,228.77,0.00,,0.00,A
2004-08-04,230.20,230.20,230.20,230.20,0.00,,0.00,A
2004-08-05,231.13,231.13,231.13,231.13,0.00,,0.00,A
2004-08-06,232.39,232.39,232.39,232.39,0.00,,0.00,A
2004-08-09,232.53,232.53,232.53,232.53,0.00,,0.00,A
2004-08-10,233.46,233.46,233.46,233.46,0.00,,0.00,A
2004-08-11,235.70,235.70,235.70,235.70,0.00,,0.00,A
2004-08-12,236.76,236.76,236.76,236.76,0.00,,0.00,A
2004-08-13,239.55,239.55,239.55,239.55,0.00,,0.00,A
2004-08-16,241.51,241.51,241.51,241.51,0.00,,0.00,A
2004-08-17,241.63,241.63,241.63,241.63,0.00,,0.00,A
2004-08-18,241.22,241.22,241.22,241.22,0.00,,0.00,A
2004-08-19,239.10,239.10,239.10,239.10,0.00,,0.00,A
2004-08-20,237.43,237.43,237.43,237.43,0.00,,0.00,A
2004-08-23,236.27,236.27,236.27,236.27,0.00,,0.00,A
2004-08-24,234.02,234.02,234.02,234.02,0.00,,0.00,A
2004-08-25,235.81,235.81,235.81,235.81,0.00,,0.00,A
2004-08-26,237.01,237.01,237.01,237.01,0.00,,0.00,A
2004-08-27,237.81,237.81,237.81,237.81,0.00,,0.00,A
2004-08-31,237.43,237.43,237.43,237.43,0.00,,0.00,A
2004-09-07,235.61,235.61,235.61,235.61,0.00,,0.00,A
2004-09-08,234.07,234.07,234.07,234.07,0.00,,0.00,A
2004-09-09,231.78,231.78,231.78,231.78,0.00,,0.00,A
2004-09-10,231.29,231.29,231.29,231.29,0.00,,0.00,A
2004-09-13,230.90,230.90,230.90,230.90,0.00,,0.00,A
2004-09-14,229.99,229.99,229.99,229.99,0.00,,0.00,A
2004-09-15,230.72,230.72,230.72,230.72,0.00,,0.00,A
2004-09-16,234.58,234.58,234.58,234.58,0.00,,0.00,A
2004-09-17,237.22,237.22,237.22,237.22,0.00,,0.00,A
2004-09-20,236.83,236.83,236.83,236.83,0.00,,0.00,A
2004-09-21,235.45,235.45,235.45,235.45,0.00,,0.00,A
2004-09-22,234.12,234.12,234.12,234.12,0.00,,0.00,A
2004-09-23,233.46,233.46,233.46,233.46,0.00,,0.00,A
2004-09-24,233.42,233.42,233.42,233.42,0.00,,0.00,A
2004-09-28,233.05,233.05,233.05,233.05,0.00,,0.00,A
2004-09-29,233.64,233.64,233.64,233.64,0.00,,0.00,A
2004-09-30,234.11,234.11,234.11,234.11,0.00,,0.00,A
2004-10-01,233.99,233.99,233.99,233.99,0.00,,0.00,A
2004-10-04,234.09,234.09,234.09,234.09,0.00,,0.00,A
2004-10-05,234.00,234.00,234.00,234.00,0.00,,0.00,A
2004-10-06,234.14,234.14,234.14,234.14,0.00,,0.00,A
2004-10-07,233.92,233.92,233.92,233.92,0.00,,0.00,A
2004-10-08,233.81,233.81,233.81,233.81,0.00,,0.00,A
2004-10-11,233.73,233.73,233.73,233.73,0.00,,0.00,A
2004-10-12,232.37,232.37,232.37,232.37,0.00,,0.00,A
2004-10-13,232.29,232.29,232.29,232.29,0.00,,0.00,A
2004-10-14,231.31,231.31,231.31,231.31,0.00,,0.00,A
2004-10-18,231.81,231.81,231.81,231.81,0.00,,0.00,A
2004-10-19,232.36,232.36,232.36,232.36,0.00,,0.00,A
2004-10-26,232.00,232.00,232.00,232.00,0.00,,0.00,A
2004-10-27,232.06,232.06,232.06,232.06,0.00,,0.00,A
2004-10-28,232.13,232.13,232.13,232.13,0.00,,0.00,A
2004-10-29,232.44,232.44,232.44,232.44,0.00,,0.00,A
2004-11-01,232.88,232.88,232.88,232.88,0.00,,0.00,A
2004-11-02,233.54,233.54,233.54,233.54,0.00,,0.00,A
2004-11-03,233.60,233.60,233.60,233.60,0.00,,0.00,A
2004-11-04,232.76,232.76,232.76,232.76,0.00,,0.00,A
2004-11-05,232.41,232.41,232.41,232.41,0.00,,0.00,A
2004-11-09,232.35,232.35,232.35,232.35,0.00,,0.00,A
2004-11-10,233.83,233.83,233.83,233.83,0.00,,0.00,A
2004-11-11,234.77,234.77,234.77,234.77,0.00,,0.00,A
2004-11-15,235.08,235.08,235.08,235.08,0.00,,0.00,A
2004-11-16,235.37,235.37,235.37,235.37,0.00,,0.00,A
2004-11-17,236.13,236.13,236.13,236.13,0.00,,0.00,A
2004-11-18,237.24,237.24,237.24,237.24,0.00,,0.00,A
2004-11-19,238.01,238.01,238.01,238.01,0.00,,0.00,A
2004-11-22,239.20,239.20,239.20,239.20,0.00,,0.00,A
2004-11-23,240.40,240.40,240.40,240.40,0.00,,0.00,A
2004-11-24,241.27,241.27,241.27,241.27,0.00,,0.00,A
2004-11-25,241.57,241.57,241.57,241.57,0.00,,0.00,A
2004-11-26,241.60,241.60,241.60,241.60,0.00,,0.00,A
2004-11-29,241.04,241.04,241.04,241.04,0.00,,0.00,A
2004-11-30,238.92,238.92,238.92,238.92,0.00,,0.00,A
2004-12-01,237.41,237.41,237.41,237.41,0.00,,0.00,A
2004-12-02,237.97,237.97,237.97,237.97,0.00,,0.00,A
2004-12-03,237.62,237.62,237.62,237.62,0.00,,0.00,A
2004-12-06,237.68,237.68,237.68,237.68,0.00,,0.00,A
2004-12-07,238.10,238.10,238.10,238.10,0.00,,0.00,A
2004-12-08,235.63,235.63,235.63,235.63,0.00,,0.00,A
2004-12-09,236.52,236.52,236.52,236.52,0.00,,0.00,A
2004-12-10,236.71,236.71,236.71,236.71,0.00,,0.00,A
2004-12-13,236.95,236.95,236.95,236.95,0.00,,0.00,A
2004-12-14,236.75,236.75,236.75,236.75,0.00,,0.00,A
2004-12-15,236.38,236.38,236.38,236.38,0.00,,0.00,A
2004-12-16,237.03,237.03,237.03,237.03,0.00,,0.00,A
2004-12-17,237.53,237.53,237.53,237.53,0.00,,0.00,A
2004-12-20,237.99,237.99,237.99,237.99,0.00,,0.00,A
2004-12-21,238.47,238.47,238.47,238.47,0.00,,0.00,A
2004-12-22,238.20,238.20,238.20,238.20,0.00,,0.00,A
2004-12-23,238.17,238.17,238.17,238.17,0.00,,0.00,A
2004-12-24,238.81,238.81,238.81,238.81,0.00,,0.00,A
2004-12-27,239.24,239.24,239.24,239.24,0.00,,0.00,A
2004-12-28,239.41,239.41,239.41,239.41,0.00,,0.00,A
2004-12-29,238.30,238.30,238.30,238.30,0.00,,0.00,A
2004-12-30,238.32,238.32,238.32,238.32,0.00,,0.00,A
2004-12-31,238.29,238.29,238.29,238.29,0.00,,0.00,A
2005-01-03,238.32,238.32,238.32,238.32,0.00,,0.00,A
2005-01-04,235.68,235.68,235.68,235.68,0.00,,0.00,A
2005-01-05,234.93,234.93,234.93,234.93,0.00,,0.00,A
2005-01-06,235.16,235.16,235.16,235.16,0.00,,0.00,A
2005-01-07,235.61,235.61,235.61,235.61,0.00,,0.00,A
2005-01-10,236.04,236.04,236.04,236.04,0.00,,0.00,A
2005-01-12,237.68,237.68,237.68,237.68,0.00,,0.00,A
2005-01-13,239.61,239.61,239.61,239.61,0.00,,0.00,A
2005-01-14,239.94,239.94,239.94,239.94,0.00,,0.00,A
2005-01-17,239.89,239.89,239.89,239.89,0.00,,0.00,A
2005-01-18,240.01,240.01,240.01,240.01,0.00,,0.00,A
2005-01-19,240.34,240.34,240.34,240.34,0.00,,0.00,A
2005-01-20,240.72,240.72,240.72,240.72,0.00,,0.00,A
2005-01-21,242.11,242.11,242.11,242.11,0.00,,0.00,A
2005-01-24,243.76,243.76,243.76,243.76,0.00,,0.00,A
2005-01-25,245.25,245.25,245.25,245.25,0.00,,0.00,A
2005-01-26,246.85,246.85,246.85,246.85,0.00,,0.00,A
2005-01-27,247.17,247.17,247.17,247.17,0.00,,0.00,A
2005-01-28,246.98,246.98,246.98,246.98,0.00,,0.00,A
2005-01-31,247.41,247.41,247.41,247.41,0.00,,0.00,A
2005-02-01,247.25,247.25,247.25,247.25,0.00,,0.00,A
2005-02-02,246.94,246.94,246.94,246.94,0.00,,0.00,A
2005-02-03,248.03,248.03,248.03,248.03,0.00,,0.00,A
2005-02-04,250.76,250.76,250.76,250.76,0.00,,0.00,A
2005-02-07,251.02,251.02,251.02,251.02,0.00,,0.00,A
2005-02-08,251.68,251.68,251.68,251.68,0.00,,0.00,A
2005-02-09,251.88,251.88,251.88,251.88,0.00,,0.00,A
2005-02-10,253.94,253.94,253.94,253.94,0.00,,0.00,A
2005-02-11,257.29,257.29,257.29,257.29,0.00,,0.00,A
2005-02-14,259.05,259.05,259.05,259.05,0.00,,0.00,A
2005-02-15,264.73,264.73,264.73,264.73,0.00,,0.00,A
2005-02-16,267.14,267.14,267.14,267.14,0.00,,0.00,A
2005-02-17,265.74,265.74,265.74,265.74,0.00,,0.00,A
2005-02-21,263.72,263.72,263.72,263.72,0.00,,0.00,A
2005-02-22,263.41,263.41,263.41,263.41,0.00,,0.00,A
2005-02-23,264.39,264.39,264.39,264.39,0.00,,0.00,A
2005-02-24,264.98,264.98,264.98,264.98,0.00,,0.00,A
2005-02-25,265.53,265.53,265.53,265.53,0.00,,0.00,A
2005-02-28,265.97,265.97,265.97,265.97,0.00,,0.00,A
2005-03-01,268.42,268.42,268.42,268.42,0.00,,0.00,A
2005-03-02,271.41,271.41,271.41,271.41,0.00,,0.00,A
2005-03-03,273.57,273.57,273.57,273.57,0.00,,0.00,A
2005-03-04,277.62,277.62,277.62,277.62,0.00,,0.00,A
2005-03-07,279.49,279.49,279.49,279.49,0.00,,0.00,A
2005-03-09,281.80,281.80,281.80,281.80,0.00,,0.00,A
2005-03-10,283.43,283.43,283.43,283.43,0.00,,0.00,A
2005-03-11,280.65,280.65,280.65,280.65,0.00,,0.00,A
2005-03-14,278.50,278.50,278.50,278.50,0.00,,0.00,A
2005-03-15,276.45,276.45,276.45,276.45,0.00,,0.00,A
2005-03-16,274.67,274.67,274.67,274.67,0.00,,0.00,A
2005-03-17,273.35,273.35,273.35,273.35,0.00,,0.00,A
2005-03-18,274.35,274.35,274.35,274.35,0.00,,0.00,A
2005-03-21,275.57,275.57,275.57,275.57,0.00,,0.00,A
2005-03-22,277.10,277.10,277.10,277.10,0.00,,0.00,A
2005-03-23,278.46,278.46,278.46,278.46,0.00,,0.00,A
2005-03-24,278.86,278.86,278.86,278.86,0.00,,0.00,A
2005-03-28,279.86,279.86,279.86,279.86,0.00,,0.00,A
2005-03-29,281.08,281.08,281.08,281.08,0.00,,0.00,A
2005-03-30,283.72,283.72,283.72,283.72,0.00,,0.00,A
2005-03-31,284.34,284.34,284.34,284.34,0.00,,0.00,A
2005-04-01,284.21,284.21,284.21,284.21,0.00,,0.00,A
2005-04-04,285.51,285.51,285.51,285.51,0.00,,0.00,A
2005-04-05,285.43,285.43,285.43,285.43,0.00,,0.00,A
2005-04-06,286.51,286.51,286.51,286.51,0.00,,0.00,A
2005-04-07,289.56,289.56,289.56,289.56,0.00,,0.00,A
2005-04-08,291.09,291.09,291.09,291.09,0.00,,0.00,A
2005-04-11,290.65,290.65,290.65,290.65,0.00,,0.00,A
2005-04-12,291.83,291.83,291.83,291.83,0.00,,0.00,A
2005-04-13,293.26,293.26,293.26,293.26,0.00,,0.00,A
2005-04-18,293.71,293.71,293.71,293.71,0.00,,0.00,A
2005-04-19,293.71,293.71,293.71,293.71,0.00,,0.00,A
2005-04-20,292.59,292.59,292.59,292.59,0.00,,0.00,A
2005-04-21,293.58,293.58,293.58,293.58,0.00,,0.00,A
2005-04-24,294.03,294.03,294.03,294.03,0.00,,0.00,A
2005-04-25,294.98,294.98,294.98,294.98,0.00,,0.00,A
2005-04-26,294.44,294.44,294.44,294.44,0.00,,0.00,A
2005-04-27,295.33,295.33,295.33,295.33,0.00,,0.00,A
2005-04-28,294.29,294.29,294.29,294.29,0.00,,0.00,A
2005-05-01,294.79,294.79,294.79,294.79,0.00,,0.00,A
2005-05-02,296.11,296.11,296.11,296.11,0.00,,0.00,A
2005-05-03,297.81,297.81,297.81,297.81,0.00,,0.00,A
2005-05-04,298.78,298.78,298.78,298.78,0.00,,0.00,A
2005-05-05,288.89,288.89,288.89,288.89,0.00,,0.00,A
2005-05-09,288.79,288.79,288.79,288.79,0.00,,0.00,A
2005-05-10,289.34,289.34,289.34,289.34,0.00,,0.00,A
2005-05-11,285.33,285.33,285.33,285.33,0.00,,0.00,A
2005-05-12,285.42,285.42,285.42,285.42,0.00,,0.00,A
2005-05-15,285.52,285.52,285.52,285.52,0.00,,0.00,A
2005-05-16,284.52,284.52,284.52,284.52,0.00,,0.00,A
2005-05-17,283.12,283.12,283.12,283.12,0.00,,0.00,A
2005-05-18,281.39,281.39,281.39,281.39,0.00,,0.00,A
2005-05-19,280.43,280.43,280.43,280.43,0.00,,0.00,A
2005-05-22,279.73,279.73,279.73,279.73,0.00,,0.00,A
2005-05-24,276.85,276.85,276.85,276.85,0.00,,0.00,A
2005-05-25,275.46,275.46,275.46,275.46,0.00,,0.00,A
2005-05-26,276.35,276.35,276.35,276.35,0.00,,0.00,A
2005-05-29,278.43,278.43,278.43,278.43,0.00,,0.00,A
2005-05-30,279.09,279.09,279.09,279.09,0.00,,0.00,A
2005-05-31,279.90,279.90,279.90,279.90,0.00,,0.00,A
2005-06-01,280.15,280.15,280.15,280.15,0.00,,0.00,A
2005-06-02,280.97,280.97,280.97,280.97,0.00,,0.00,A
2005-06-05,281.61,281.61,281.61,281.61,0.00,,0.00,A
2005-06-06,281.40,281.40,281.40,281.40,0.00,,0.00,A
2005-06-07,280.99,280.99,280.99,280.99,0.00,,0.00,A
2005-06-08,280.39,280.39,280.39,280.39,0.00,,0.00,A
2005-06-09,280.08,280.08,280.08,280.08,0.00,,0.00,A
2005-06-12,279.72,279.72,279.72,279.72,0.00,,0.00,A
2005-06-13,278.75,278.75,278.75,278.75,0.00,,0.00,A
2005-06-14,277.79,277.79,277.79,277.79,0.00,,0.00,A
2005-06-15,277.83,277.83,277.83,277.83,0.00,,0.00,A
2005-06-16,277.88,277.88,277.88,277.88,0.00,,0.00,A
2005-06-19,277.87,277.87,277.87,277.87,0.00,,0.00,A
2005-06-20,278.88,278.88,278.88,278.88,0.00,,0.00,A
2005-06-21,280.84,280.84,280.84,280.84,0.00,,0.00,A
2005-06-22,281.15,281.15,281.15,281.15,0.00,,0.00,A
2005-06-26,280.82,280.82,280.82,280.82,0.00,,0.00,A
2005-06-27,280.39,280.39,280.39,280.39,0.00,,0.00,A
2005-06-28,281.06,281.06,281.06,281.06,0.00,,0.00,A
2005-06-29,281.54,281.54,281.54,281.54,0.00,,0.00,A
2005-06-30,281.15,281.15,281.15,281.15,0.00,,0.00,A
2005-07-03,281.28,281.28,281.28,281.28,0.00,,0.00,A
2005-07-04,281.26,281.26,281.26,281.26,0.00,,0.00,A
2005-07-05,282.51,282.51,282.51,282.51,0.00,,0.00,A
2005-07-06,284.29,284.29,284.29,284.29,0.00,,0.00,A
2005-07-10,285.07,285.07,285.07,285.07,0.00,,0.00,A
2005-07-11,285.04,285.04,285.04,285.04,0.00,,0.00,A
2005-07-12,286.21,286.21,286.21,286.21,0.00,,0.00,A
2005-07-13,286.35,286.35,286.35,286.35,0.00,,0.00,A
2005-07-14,286.67,286.67,286.67,286.67,0.00,,0.00,A
2005-07-17,287.90,287.90,287.90,287.90,0.00,,0.00,A
2005-07-18,288.03,288.03,288.03,288.03,0.00,,0.00,A
2005-07-19,289.93,289.93,289.93,289.93,0.00,,0.00,A
2005-07-20,290.88,290.88,290.88,290.88,0.00,,0.00,A
2005-07-24,291.97,291.97,291.97,291.97,0.00,,0.00,A
2005-07-25,292.47,292.47,292.47,292.47,0.00,,0.00,A
2005-07-26,294.30,294.30,294.30,294.30,0.00,,0.00,A
2005-07-27,294.62,294.62,294.62,294.62,0.00,,0.00,A
2005-07-28,295.89,295.89,295.89,295.89,0.00,,0.00,A
2005-07-31,296.78,296.78,296.78,296.78,0.00,,0.00,A
2005-08-01,299.61,299.61,299.61,299.61,0.00,,0.00,A
2005-08-02,300.88,300.88,300.88,300.88,0.00,,0.00,A
2005-08-03,305.20,305.20,305.20,305.20,0.00,,0.00,A
2005-08-04,305.87,305.87,305.87,305.87,0.00,,0.00,A
2005-08-07,305.20,305.20,305.20,305.20,0.00,,0.00,A
2005-08-08,300.55,300.55,300.55,300.55,0.00,,0.00,A
2005-08-09,297.71,297.71,297.71,297.71,0.00,,0.00,A
2005-08-10,297.83,297.83,297.83,297.83,0.00,,0.00,A
2005-08-11,300.80,300.80,300.80,300.80,0.00,,0.00,A
2005-08-14,300.94,300.94,300.94,300.94,0.00,,0.00,A
2005-08-15,300.58,300.58,300.58,300.58,0.00,,0.00,A
2005-08-16,300.05,300.05,300.05,300.05,0.00,,0.00,A
2005-08-17,298.85,298.85,298.85,298.85,0.00,,0.00,A
2005-08-18,297.06,297.06,297.06,297.06,0.00,,0.00,A
2005-08-21,295.45,295.45,295.45,295.45,0.00,,0.00,A
2005-08-22,293.65,293.65,293.65,293.65,0.00,,0.00,A
2005-08-23,289.57,289.57,289.57,289.57,0.00,,0.00,A
2005-08-24,292.08,292.08,292.08,292.08,0.00,,0.00,A
2005-08-25,293.58,293.58,293.58,293.58,0.00,,0.00,A
2005-08-28,293.85,293.85,293.85,293.85,0.00,,0.00,A
2005-08-29,293.29,293.29,293.29,293.29,0.00,,0.00,A
2005-08-30,291.61,291.61,291.61,291.61,0.00,,0.00,A
2005-08-31,290.56,290.56,290.56,290.56,0.00,,0.00,A
2005-09-01,289.40,289.40,289.40,289.40,0.00,,0.00,A
2005-09-04,293.42,293.42,293.42,293.42,0.00,,0.00,A
2005-09-05,296.76,296.76,296.76,296.76,0.00,,0.00,A
2005-09-06,298.33,298.33,298.33,298.33,0.00,,0.00,A
2005-09-07,298.23,298.23,298.23,298.23,0.00,,0.00,A
2005-09-08,296.22,296.22,296.22,296.22,0.00,,0.00,A
2005-09-11,294.95,294.95,294.95,294.95,0.00,,0.00,A
2005-09-12,293.75,293.75,293.75,293.75,0.00,,0.00,A
2005-09-13,293.81,293.81,293.81,293.81,0.00,,0.00,A
2005-09-14,293.92,293.92,293.92,293.92,0.00,,0.00,A
2005-09-15,293.35,293.35,293.35,293.35,0.00,,0.00,A
2005-09-18,292.67,292.67,292.67,292.67,0.00,,0.00,A
2005-09-19,293.11,293.11,293.11,293.11,0.00,,0.00,A
2005-09-20,292.85,292.85,292.85,292.85,0.00,,0.00,A
2005-09-21,293.69,293.69,293.69,293.69,0.00,,0.00,A
2005-09-22,294.12,294.12,294.12,294.12,0.00,,0.00,A
2005-09-25,294.89,294.89,294.89,294.89,0.00,,0.00,A
2005-09-26,294.67,294.67,294.67,294.67,0.00,,0.00,A
2005-09-27,296.20,296.20,296.20,296.20,0.00,,0.00,A
2005-09-28,297.17,297.17,297.17,297.17,0.00,,0.00,A
2005-09-29,296.98,296.98,296.98,296.98,0.00,,0.00,A
2005-10-02,296.37,296.37,296.37,296.37,0.00,,0.00,A
2005-10-05,296.55,296.55,296.55,296.55,0.00,,0.00,A
2005-10-06,296.98,296.98,296.98,296.98,0.00,,0.00,A
2005-10-09,297.34,297.34,297.34,297.34,0.00,,0.00,A
2005-10-18,297.66,297.66,297.66,297.66,0.00,,0.00,A
2005-10-19,298.11,298.11,298.11,298.11,0.00,,0.00,A
2005-10-20,298.35,298.35,298.35,298.35,0.00,,0.00,A
2005-10-23,302.83,302.83,302.83,302.83,0.00,,0.00,A
2005-10-24,306.63,306.63,306.63,306.63,0.00,,0.00,A
2005-10-25,305.32,305.32,305.32,305.32,0.00,,0.00,A
2005-10-26,304.99,304.99,304.99,304.99,0.00,,0.00,A
2005-10-27,305.73,305.73,305.73,305.73,0.00,,0.00,A
2005-10-30,307.57,307.57,307.57,307.57,0.00,,0.00,A
2005-10-31,307.22,307.22,307.22,307.22,0.00,,0.00,A
2005-11-06,307.42,307.42,307.42,307.42,0.00,,0.00,A
2005-11-07,303.94,303.94,303.94,303.94,0.00,,0.00,A
2005-11-08,306.15,306.15,306.15,306.15,0.00,,0.00,A
2005-11-10,307.98,307.98,307.98,307.98,0.00,,0.00,A
2005-11-13,306.15,306.15,306.15,306.15,0.00,,0.00,A
2005-11-14,305.01,305.01,305.01,305.01,0.00,,0.00,A
2005-11-15,302.39,302.39,302.39,302.39,0.00,,0.00,A
2005-11-16,300.58,300.58,300.58,300.58,0.00,,0.00,A
2005-11-17,300.64,300.64,300.64,300.64,0.00,,0.00,A
2005-11-20,300.57,300.57,300.57,300.57,0.00,,0.00,A
2005-11-21,302.02,302.02,302.02,302.02,0.00,,0.00,A
2005-11-22,302.23,302.23,302.23,302.23,0.00,,0.00,A
2005-11-23,300.78,300.78,300.78,300.78,0.00,,0.00,A
2005-11-24,301.20,301.20,301.20,301.20,0.00,,0.00,A
2005-11-27,301.13,301.13,301.13,301.13,0.00,,0.00,A
2005-11-28,301.67,301.67,301.67,301.67,0.00,,0.00,A
2005-11-29,300.96,300.96,300.96,300.96,0.00,,0.00,A
2005-11-30,300.54,300.54,300.54,300.54,0.00,,0.00,A
2005-12-01,301.76,301.76,301.76,301.76,0.00,,0.00,A
2005-12-04,301.65,301.65,301.65,301.65,0.00,,0.00,A
2005-12-05,301.97,301.97,301.97,301.97,0.00,,0.00,A
2005-12-06,298.00,298.00,298.00,298.00,0.00,,0.00,A
2005-12-07,297.49,297.49,297.49,297.49,0.00,,0.00,A
2005-12-08,299.10,299.10,299.10,299.10,0.00,,0.00,A
2005-12-11,299.84,299.84,299.84,299.84,0.00,,0.00,A
2005-12-12,299.71,299.71,299.71,299.71,0.00,,0.00,A
2005-12-13,300.71,300.71,300.71,300.71,0.00,,0.00,A
2005-12-14,302.24,302.24,302.24,302.24,0.00,,0.00,A
2005-12-15,303.12,303.12,303.12,303.12,0.00,,0.00,A
2005-12-18,303.98,303.98,303.98,303.98,0.00,,0.00,A
2005-12-19,304.97,304.97,304.97,304.97,0.00,,0.00,A
2005-12-20,306.59,306.59,306.59,306.59,0.00,,0.00,A
2005-12-21,308.13,308.13,308.13,308.13,0.00,,0.00,A
2005-12-22,308.67,308.67,308.67,308.67,0.00,,0.00,A
2005-12-25,300.49,300.49,300.49,300.49,0.00,,0.00,A
2005-12-26,299.93,299.93,299.93,299.93,0.00,,0.00,A
2005-12-27,301.09,301.09,301.09,301.09,0.00,,0.00,A
2005-12-28,301.60,301.60,301.60,301.60,0.00,,0.00,A
2005-12-29,302.78,302.78,302.78,302.78,0.00,,0.00,A
2006-01-01,303.26,303.26,303.26,303.26,0.00,,0.00,A
2006-01-02,304.16,304.16,304.16,304.16,0.00,,0.00,A
2006-01-03,305.42,305.42,305.42,305.42,0.00,,0.00,A
2006-01-04,305.85,305.85,305.85,305.85,0.00,,0.00,A
2006-01-05,305.62,305.62,305.62,305.62,0.00,,0.00,A
2006-01-08,305.44,305.44,305.44,305.44,0.00,,0.00,A
2006-01-09,305.69,305.69,305.69,305.69,0.00,,0.00,A
2006-01-10,305.55,305.55,305.55,305.55,0.00,,0.00,A
2006-01-12,305.50,305.50,305.50,305.50,0.00,,0.00,A
2006-01-15,305.66,305.66,305.66,305.66,0.00,,0.00,A
2006-01-16,305.85,305.85,305.85,305.85,0.00,,0.00,A
2006-01-17,305.93,305.93,305.93,305.93,0.00,,0.00,A
2006-01-18,306.17,306.17,306.17,306.17,0.00,,0.00,A
2006-01-19,305.27,305.27,305.27,305.27,0.00,,0.00,A
2006-01-22,305.30,305.30,305.30,305.30,0.00,,0.00,A
2006-01-23,305.72,305.72,305.72,305.72,0.00,,0.00,A
2006-01-24,306.51,306.51,306.51,306.51,0.00,,0.00,A
2006-01-25,306.13,306.13,306.13,306.13,0.00,,0.00,A
2006-01-26,306.28,306.28,306.28,306.28,0.00,,0.00,A
2006-01-30,306.90,306.90,306.90,306.90,0.00,,0.00,A
2006-01-31,309.04,309.04,309.04,309.04,0.00,,0.00,A
2006-02-01,308.25,308.25,308.25,308.25,0.00,,0.00,A
2006-02-02,308.92,308.92,308.92,308.92,0.00,,0.00,A
2006-02-05,309.09,309.09,309.09,309.09,0.00,,0.00,A
2006-02-06,309.09,309.09,309.09,309.09,0.00,,0.00,A
2006-02-07,310.32,310.32,310.32,310.32,0.00,,0.00,A
2006-02-09,312.63,312.63,312.63,312.63,0.00,,0.00,A
2006-02-12,317.69,317.69,317.69,317.69,0.00,,0.00,A
2006-02-13,325.96,325.96,325.96,325.96,0.00,,0.00,A
2006-02-14,329.39,329.39,329.39,329.39,0.00,,0.00,A
2006-02-15,325.90,325.90,325.90,325.90,0.00,,0.00,A
2006-02-16,324.86,324.86,324.86,324.86,0.00,,0.00,A
2006-02-20,325.35,325.35,325.35,325.35,0.00,,0.00,A
2006-02-21,327.48,327.48,327.48,327.48,0.00,,0.00,A
2006-02-22,329.82,329.82,329.82,329.82,0.00,,0.00,A
2006-02-23,333.03,333.03,333.03,333.03,0.00,,0.00,A
2006-02-27,337.58,337.58,337.58,337.58,0.00,,0.00,A
2006-02-28,341.05,341.05,341.05,341.05,0.00,,0.00,A
2006-03-01,343.28,343.28,343.28,343.28,0.00,,0.00,A
2006-03-02,339.58,339.58,339.58,339.58,0.00,,0.00,A
2006-03-05,339.58,339.58,339.58,339.58,0.00,,0.00,A
2006-03-06,334.42,334.42,334.42,334.42,0.00,,0.00,A
2006-03-07,332.28,332.28,332.28,332.28,0.00,,0.00,A
2006-03-08,335.37,335.37,335.37,335.37,0.00,,0.00,A
2006-03-09,337.87,337.87,337.87,337.87,0.00,,0.00,A
2006-03-12,337.32,337.32,337.32,337.32,0.00,,0.00,A
2006-03-13,339.79,339.79,339.79,339.79,0.00,,0.00,A
2006-03-15,339.68,339.68,339.68,339.68,0.00,,0.00,A
2006-03-16,339.34,339.34,339.34,339.34,0.00,,0.00,A
2006-03-19,339.60,339.60,339.60,339.60,0.00,,0.00,A
2006-03-20,339.98,339.98,339.98,339.98,0.00,,0.00,A
2006-03-21,339.03,339.03,339.03,339.03,0.00,,0.00,A
2006-03-22,338.86,338.86,338.86,338.86,0.00,,0.00,A
2006-03-23,338.70,338.70,338.70,338.70,0.00,,0.00,A
2006-03-26,337.99,337.99,337.99,337.99,0.00,,0.00,A
2006-03-27,337.45,337.45,337.45,337.45,0.00,,0.00,A
2006-03-28,337.57,337.57,337.57,337.57,0.00,,0.00,A
2006-03-30,337.52,337.52,337.52,337.52,0.00,,0.00,A
2006-04-02,336.71,336.71,336.71,336.71,0.00,,0.00,A
2006-04-03,334.88,334.88,334.88,334.88,0.00,,0.00,A
2006-04-04,334.15,334.15,334.15,334.15,0.00,,0.00,A
2006-04-05,334.77,334.77,334.77,334.77,0.00,,0.00,A
2006-04-16,334.27,334.27,334.27,334.27,0.00,,0.00,A
2006-04-17,331.88,331.88,331.88,331.88,0.00,,0.00,A
2006-04-25,338.54,338.54,338.54,338.54,0.00,,0.00,A
2006-04-26,343.28,343.28,343.28,343.28,0.00,,0.00,A
2006-04-30,361.58,361.58,361.58,361.58,0.00,,0.00,A
2006-05-01,374.87,374.87,374.87,374.87,0.00,,0.00,A
2006-05-02,372.45,372.45,372.45,372.45,0.00,,0.00,A
2006-05-03,367.99,367.99,367.99,367.99,0.00,,0.00,A
2006-05-04,366.94,366.94,366.94,366.94,0.00,,0.00,A
2006-05-07,368.68,368.68,368.68,368.68,0.00,,0.00,A
2006-05-08,370.95,370.95,370.95,370.95,0.00,,0.00,A
2006-05-09,375.15,375.15,375.15,375.15,0.00,,0.00,A
2006-05-10,377.47,377.47,377.47,377.47,0.00,,0.00,A
2006-05-11,381.70,381.70,381.70,381.70,0.00,,0.00,A
2006-05-14,385.89,385.89,385.89,385.89,0.00,,0.00,A
2006-05-15,388.49,388.49,388.49,388.49,0.00,,0.00,A
2006-05-16,387.86,387.86,387.86,387.86,0.00,,0.00,A
2006-05-17,384.58,384.58,384.58,384.58,0.00,,0.00,A
2006-05-18,384.11,384.11,384.11,384.11,0.00,,0.00,A
2006-05-21,382.65,382.65,382.65,382.65,0.00,,0.00,A
2006-05-22,378.23,378.23,378.23,378.23,0.00,,0.00,A
2006-05-23,372.48,372.48,372.48,372.48,0.00,,0.00,A
2006-05-24,370.89,370.89,370.89,370.89,0.00,,0.00,A
2006-05-25,368.89,368.89,368.89,368.89,0.00,,0.00,A
2006-05-28,375.64,375.64,375.64,375.64,0.00,,0.00,A
2006-05-29,380.20,380.20,380.20,380.20,0.00,,0.00,A
2006-05-30,372.64,372.64,372.64,372.64,0.00,,0.00,A
2006-05-31,371.74,371.74,371.74,371.74,0.00,,0.00,A
2006-06-01,371.97,371.97,371.97,371.97,0.00,,0.00,A
2006-06-04,372.06,372.06,372.06,372.06,0.00,,0.00,A
2006-06-05,371.47,371.47,371.47,371.47,0.00,,0.00,A
2006-06-06,370.77,370.77,370.77,370.77,0.00,,0.00,A
2006-06-07,369.62,369.62,369.62,369.62,0.00,,0.00,A
2006-06-08,370.84,370.84,370.84,370.84,0.00,,0.00,A
2006-06-11,371.62,371.62,371.62,371.62,0.00,,0.00,A
2006-06-12,371.72,371.72,371.72,371.72,0.00,,0.00,A
2006-06-13,370.79,370.79,370.79,370.79,0.00,,0.00,A
2006-06-14,372.01,372.01,372.01,372.01,0.00,,0.00,A
2006-06-15,372.21,372.21,372.21,372.21,0.00,,0.00,A
2006-06-18,374.05,374.05,374.05,374.05,0.00,,0.00,A
2006-06-19,375.49,375.49,375.49,375.49,0.00,,0.00,A
2006-06-20,377.04,377.04,377.04,377.04,0.00,,0.00,A
2006-06-21,378.68,378.68,378.68,378.68,0.00,,0.00,A
2006-06-22,378.87,378.87,378.87,378.87,0.00,,0.00,A
2006-06-25,378.45,378.45,378.45,378.45,0.00,,0.00,A
2006-06-26,377.55,377.55,377.55,377.55,0.00,,0.00,A
2006-06-27,375.47,375.47,375.47,375.47,0.00,,0.00,A
2006-06-28,374.74,374.74,374.74,374.74,0.00,,0.00,A
2006-06-29,375.14,375.14,375.14,375.14,0.00,,0.00,A
2006-07-02,376.77,376.77,376.77,376.77,0.00,,0.00,A
2006-07-03,378.66,378.66,378.66,378.66,0.00,,0.00,A
2006-07-04,380.43,380.43,380.43,380.43,0.00,,0.00,A
2006-07-05,382.04,382.04,382.04,382.04,0.00,,0.00,A
2006-07-06,383.85,383.85,383.85,383.85,0.00,,0.00,A
2006-07-09,384.60,384.60,384.60,384.60,0.00,,0.00,A
2006-07-10,385.31,385.31,385.31,385.31,0.00,,0.00,A
2006-07-12,386.63,386.63,386.63,386.63,0.00,,0.00,A
2006-07-13,386.45,386.45,386.45,386.45,0.00,,0.00,A
2006-07-16,386.83,386.83,386.83,386.83,0.00,,0.00,A
2006-07-17,388.16,388.16,388.16,388.16,0.00,,0.00,A
2006-07-18,389.74,389.74,389.74,389.74,0.00,,0.00,A
2006-07-19,393.68,393.68,393.68,393.68,0.00,,0.00,A
2006-07-20,395.89,395.89,395.89,395.89,0.00,,0.00,A
2006-07-23,397.95,397.95,397.95,397.95,0.00,,0.00,A
2006-07-24,398.21,398.21,398.21,398.21,0.00,,0.00,A
2006-07-25,397.35,397.35,397.35,397.35,0.00,,0.00,A
2006-07-26,394.86,394.86,394.86,394.86,0.00,,0.00,A
2006-07-27,387.34,387.34,387.34,387.34,0.00,,0.00,A
2006-07-30,386.50,386.50,386.50,386.50,0.00,,0.00,A
2006-07-31,378.76,378.76,378.76,378.76,0.00,,0.00,A
2006-08-01,366.73,366.73,366.73,366.73,0.00,,0.00,A
2006-08-02,358.69,358.69,358.69,358.69,0.00,,0.00,A
2006-08-03,355.60,355.60,355.60,355.60,0.00,,0.00,A
2006-08-06,363.56,363.56,363.56,363.56,0.00,,0.00,A
2006-08-07,383.14,383.14,383.14,383.14,0.00,,0.00,A
2006-08-08,390.86,390.86,390.86,390.86,0.00,,0.00,A
2006-08-13,391.73,391.73,391.73,391.73,0.00,,0.00,A
2006-08-14,390.29,390.29,390.29,390.29,0.00,,0.00,A
2006-08-15,389.23,389.23,389.23,389.23,0.00,,0.00,A
2006-08-17,387.94,387.94,387.94,387.94,0.00,,0.00,A
2006-08-20,384.79,384.79,384.79,384.79,0.00,,0.00,A
2006-08-21,382.91,382.91,382.91,382.91,0.00,,0.00,A
2006-08-22,380.83,380.83,380.83,380.83,0.00,,0.00,A
2006-08-24,379.93,379.93,379.93,379.93,0.00,,0.00,A
2006-08-27,378.81,378.81,378.81,378.81,0.00,,0.00,A
2006-08-28,378.24,378.24,378.24,378.24,0.00,,0.00,A
2006-08-29,379.27,379.27,379.27,379.27,0.00,,0.00,A
2006-08-30,380.73,380.73,380.73,380.73,0.00,,0.00,A
2006-08-31,382.24,382.24,382.24,382.24,0.00,,0.00,A
2006-09-03,382.63,382.63,382.63,382.63,0.00,,0.00,A
2006-09-04,382.50,382.50,382.50,382.50,0.00,,0.00,A
2006-09-05,380.92,380.92,380.92,380.92,0.00,,0.00,A
2006-09-07,381.47,381.47,381.47,381.47,0.00,,0.00,A
2006-09-10,381.42,381.42,381.42,381.42,0.00,,0.00,A
2006-09-11,381.37,381.37,381.37,381.37,0.00,,0.00,A
2006-09-12,383.60,383.60,383.60,383.60,0.00,,0.00,A
2006-09-13,383.17,383.17,383.17,383.17,0.00,,0.00,A
2006-09-14,382.56,382.56,382.56,382.56,0.00,,0.00,A
2006-09-18,387.59,387.59,387.59,387.59,0.00,,0.00,A
2006-09-19,393.02,393.02,393.02,393.02,0.00,,0.00,A
2006-09-20,393.39,393.39,393.39,393.39,0.00,,0.00,A
2006-09-21,392.09,392.09,392.09,392.09,0.00,,0.00,A
2006-09-24,391.62,391.62,391.62,391.62,0.00,,0.00,A
2006-09-25,392.41,392.41,392.41,392.41,0.00,,0.00,A
2006-09-26,392.73,392.73,392.73,392.73,0.00,,0.00,A
2006-09-28,394.25,394.25,394.25,394.25,0.00,,0.00,A
2006-10-08,397.46,397.46,397.46,397.46,0.00,,0.00,A
2006-10-09,399.10,399.10,399.10,399.10,0.00,,0.00,A
2006-10-10,399.45,399.45,399.45,399.45,0.00,,0.00,A
2006-10-11,397.98,397.98,397.98,397.98,0.00,,0.00,A
2006-10-12,398.88,398.88,398.88,398.88,0.00,,0.00,A
2006-10-15,399.22,399.22,399.22,399.22,0.00,,0.00,A
2006-10-16,398.20,398.20,398.20,398.20,0.00,,0.00,A
2006-10-17,398.44,398.44,398.44,398.44,0.00,,0.00,A
2006-10-18,398.14,398.14,398.14,398.14,0.00,,0.00,A
2006-10-19,399.65,399.65,399.65,399.65,0.00,,0.00,A
2006-10-26,401.07,401.07,401.07,401.07,0.00,,0.00,A
2006-10-29,403.02,403.02,403.02,403.02,0.00,,0.00,A
2006-10-30,405.13,405.13,405.13,405.13,0.00,,0.00,A
2006-10-31,408.38,408.38,408.38,408.38,0.00,,0.00,A
2006-11-01,402.11,402.11,402.11,402.11,0.00,,0.00,A
2006-11-02,413.10,413.10,413.10,413.10,0.00,,0.00,A
2006-11-05,415.14,415.14,415.14,415.14,0.00,,0.00,A
2006-11-06,419.56,419.56,419.56,419.56,0.00,,0.00,A
2006-11-07,424.21,424.21,424.21,424.21,0.00,,0.00,A
2006-11-08,435.88,435.88,435.88,435.88,0.00,,0.00,A
2006-11-09,445.01,445.01,445.01,445.01,0.00,,0.00,A
2006-11-12,448.69,448.69,448.69,448.69,0.00,,0.00,A
2006-11-13,441.00,441.00,441.00,441.00,0.00,,0.00,A
2006-11-14,445.03,445.03,445.03,445.03,0.00,,0.00,A
2006-11-15,448.12,448.12,448.12,448.12,0.00,,0.00,A
2006-11-16,447.43,447.43,447.43,447.43,0.00,,0.00,A
2006-11-19,447.79,447.79,447.79,447.79,0.00,,0.00,A
2006-11-20,445.58,445.58,445.58,445.58,0.00,,0.00,A
2006-11-21,446.48,446.48,446.48,446.48,0.00,,0.00,A
2006-11-23,453.03,453.03,453.03,453.03,0.00,,0.00,A
2006-11-26,463.74,463.74,463.74,463.74,0.00,,0.00,A
2006-11-27,469.51,469.51,469.51,469.51,0.00,,0.00,A
2006-11-28,478.01,478.01,478.01,478.01,0.00,,0.00,A
2006-11-29,492.46,492.46,492.46,492.46,0.00,,0.00,A
2006-11-30,486.19,486.19,486.19,486.19,0.00,,0.00,A
2006-12-03,479.83,479.83,479.83,479.83,0.00,,0.00,A
2006-12-04,476.93,476.93,476.93,476.93,0.00,,0.00,A
2006-12-05,475.01,475.01,475.01,475.01,0.00,,0.00,A
2006-12-06,473.31,473.31,473.31,473.31,0.00,,0.00,A
2006-12-07,476.80,476.80,476.80,476.80,0.00,,0.00,A
2006-12-10,480.95,480.95,480.95,480.95,0.00,,0.00,A
2006-12-11,485.71,485.71,485.71,485.71,0.00,,0.00,A
2006-12-12,494.18,494.18,494.18,494.18,0.00,,0.00,A
2006-12-13,503.02,503.02,503.02,503.02,0.00,,0.00,A
2006-12-14,508.58,508.58,508.58,508.58,0.00,,0.00,A
2006-12-17,514.36,514.36,514.36,514.36,0.00,,0.00,A
2006-12-18,517.00,517.00,517.00,517.00,0.00,,0.00,A
2006-12-19,517.45,517.45,517.45,517.45,0.00,,0.00,A
2006-12-20,511.22,511.22,511.22,511.22,0.00,,0.00,A
2006-12-21,515.39,515.39,515.39,515.39,0.00,,0.00,A
2006-12-24,518.64,518.64,518.64,518.64,0.00,,0.00,A
2006-12-25,520.96,520.96,520.96,520.96,0.00,,0.00,A
2006-12-26,520.78,520.78,520.78,520.78,0.00,,0.00,A
2006-12-27,520.02,520.02,520.02,520.02,0.00,,0.00,A
2006-12-28,517.46,517.46,517.46,517.46,0.00,,0.00,A
2006-12-31,514.42,514.42,514.42,514.42,0.00,,0.00,A
2007-01-01,512.72,512.72,512.72,512.72,0.00,,0.00,A
2007-01-02,508.96,508.96,508.96,508.96,0.00,,0.00,A
2007-01-03,505.25,505.25,505.25,505.25,0.00,,0.00,A
2007-01-04,512.32,512.32,512.32,512.32,0.00,,0.00,A
2007-01-07,521.37,521.37,521.37,521.37,0.00,,0.00,A
2007-01-08,525.27,525.27,525.27,525.27,0.00,,0.00,A
2007-01-09,530.45,530.45,530.45,530.45,0.00,,0.00,A
2007-01-10,532.28,532.28,532.28,532.28,0.00,,0.00,A
2007-01-11,532.33,532.33,532.33,532.33,0.00,,0.00,A
2007-01-14,537.09,537.09,537.09,537.09,0.00,,0.00,A
2007-01-15,538.36,538.36,538.36,538.36,0.00,,0.00,A
2007-01-17,538.53,538.53,538.53,538.53,0.00,,0.00,A
2007-01-18,535.94,535.94,535.94,535.94,0.00,,0.00,A
2007-01-21,529.81,529.81,529.81,529.81,0.00,,0.00,A
2007-01-22,527.05,527.05,527.05,527.05,0.00,,0.00,A
2007-01-24,526.33,526.33,526.33,526.33,0.00,,0.00,A
2007-01-25,523.63,523.63,523.63,523.63,0.00,,0.00,A
2007-01-28,519.92,519.92,519.92,519.92,0.00,,0.00,A
2007-01-29,512.70,512.70,512.70,512.70,0.00,,0.00,A
2007-01-31,513.34,513.34,513.34,513.34,0.00,,0.00,A
2007-02-01,519.05,519.05,519.05,519.05,0.00,,0.00,A
2007-02-04,519.77,519.77,519.77,519.77,0.00,,0.00,A
2007-02-05,520.20,520.20,520.20,520.20,0.00,,0.00,A
2007-02-06,520.65,520.65,520.65,520.65,0.00,,0.00,A
2007-02-07,519.69,519.69,519.69,519.69,0.00,,0.00,A
2007-02-08,523.11,523.11,523.11,523.11,0.00,,0.00,A
2007-02-11,524.79,524.79,524.79,524.79,0.00,,0.00,A
2007-02-12,523.94,523.94,523.94,523.94,0.00,,0.00,A
2007-02-13,525.08,525.08,525.08,525.08,0.00,,0.00,A
2007-02-14,525.86,525.86,525.86,525.86,0.00,,0.00,A
2007-02-15,526.97,526.97,526.97,526.97,0.00,,0.00,A
2007-02-18,525.69,525.69,525.69,525.69,0.00,,0.00,A
2007-02-20,523.20,523.20,523.20,523.20,0.00,,0.00,A
2007-02-21,520.46,520.46,520.46,520.46,0.00,,0.00,A
2007-02-22,519.07,519.07,519.07,519.07,0.00,,0.00,A
2007-02-25,517.79,517.79,517.79,517.79,0.00,,0.00,A
2007-02-26,514.66,514.66,514.66,514.66,0.00,,0.00,A
2007-02-27,511.85,511.85,511.85,511.85,0.00,,0.00,A
2007-02-28,511.81,511.81,511.81,511.81,0.00,,0.00,A
2007-03-01,508.89,508.89,508.89,508.89,0.00,,0.00,A
2007-03-04,505.37,505.37,505.37,505.37,0.00,,0.00,A
2007-03-05,498.26,498.26,498.26,498.26,0.00,,0.00,A
2007-03-06,485.98,485.98,485.98,485.98,0.00,,0.00,A
2007-03-07,476.07,476.07,476.07,476.07,0.00,,0.00,A
2007-03-08,486.81,486.81,486.81,486.81,0.00,,0.00,A
2007-03-11,496.64,496.64,496.64,496.64,0.00,,0.00,A
2007-03-12,500.72,500.72,500.72,500.72,0.00,,0.00,A
2007-03-13,500.12,500.12,500.12,500.12,0.00,,0.00,A
2007-03-14,494.06,494.06,494.06,494.06,0.00,,0.00,A
2007-03-15,493.88,493.88,493.88,493.88,0.00,,0.00,A
2007-03-21,492.32,492.32,492.32,492.32,0.00,,0.00,A
2007-03-22,491.47,491.47,491.47,491.47,0.00,,0.00,A
2007-03-25,488.52,488.52,488.52,488.52,0.00,,0.00,A
2007-03-28,482.52,482.52,482.52,482.52,0.00,,0.00,A
2007-03-29,480.99,480.99,480.99,480.99,0.00,,0.00,A
2007-04-01,502.15,502.15,502.15,502.15,0.00,,0.00,A
2007-04-02,507.46,507.46,507.46,507.46,0.00,,0.00,A
2007-04-03,501.67,501.67,501.67,501.67,0.00,,0.00,A
2007-04-04,491.61,491.61,491.61,491.61,0.00,,0.00,A
2007-04-05,488.93,488.93,488.93,488.93,0.00,,0.00,A
2007-04-08,488.22,488.22,488.22,488.22,0.00,,0.00,A
2007-04-09,487.43,487.43,487.43,487.43,0.00,,0.00,A
2007-04-10,487.01,487.01,487.01,487.01,0.00,,0.00,A
2007-04-11,489.03,489.03,489.03,489.03,0.00,,0.00,A
2007-04-12,494.59,494.59,494.59,494.59,0.00,,0.00,A
2007-04-15,497.73,497.73,497.73,497.73,0.00,,0.00,A
2007-04-16,498.02,498.02,498.02,498.02,0.00,,0.00,A
2007-04-17,498.91,498.91,498.91,498.91,0.00,,0.00,A
2007-04-18,501.27,501.27,501.27,501.27,0.00,,0.00,A
2007-04-19,503.29,503.29,503.29,503.29,0.00,,0.00,A
2007-04-22,502.72,502.72,502.72,502.72,0.00,,0.00,A
2007-04-23,501.53,501.53,501.53,501.53,0.00,,0.00,A
2007-04-25,502.60,502.60,502.60,502.60,0.00,,0.00,A
2007-04-26,506.62,506.62,506.62,506.62,0.00,,0.00,A
2007-04-29,509.62,509.62,509.62,509.62,0.00,,0.00,A
2007-04-30,513.69,513.69,513.69,513.69,0.00,,0.00,A
2007-05-03,514.65,514.65,514.65,514.65,0.00,,0.00,A
2007-05-06,514.99,514.99,514.99,514.99,0.00,,0.00,A
2007-05-07,516.14,516.14,516.14,516.14,0.00,,0.00,A
2007-05-08,517.42,517.42,517.42,517.42,0.00,,0.00,A
2007-05-09,518.62,518.62,518.62,518.62,0.00,,0.00,A
2007-05-10,518.28,518.28,518.28,518.28,0.00,,0.00,A
2007-05-13,516.80,516.80,516.80,516.80,0.00,,0.00,A
2007-05-14,513.45,513.45,513.45,513.45,0.00,,0.00,A
2007-05-15,512.38,512.38,512.38,512.38,0.00,,0.00,A
2007-05-16,515.20,515.20,515.20,515.20,0.00,,0.00,A
2007-05-17,518.55,518.55,518.55,518.55,0.00,,0.00,A
2007-05-20,525.64,525.64,525.64,525.64,0.00,,0.00,A
2007-05-21,525.15,525.15,525.15,525.15,0.00,,0.00,A
2007-05-22,522.23,522.23,522.23,522.23,0.00,,0.00,A
2007-05-23,523.46,523.46,523.46,523.46,0.00,,0.00,A
2007-05-24,525.05,525.05,525.05,525.05,0.00,,0.00,A
2007-05-27,524.92,524.92,524.92,524.92,0.00,,0.00,A
2007-05-28,525.94,525.94,525.94,525.94,0.00,,0.00,A
2007-05-29,531.96,531.96,531.96,531.96,0.00,,0.00,A
2007-05-30,540.67,540.67,540.67,540.67,0.00,,0.00,A
2007-05-31,541.38,541.38,541.38,541.38,0.00,,0.00,A
2007-06-03,537.74,537.74,537.74,537.74,0.00,,0.00,A
2007-06-04,542.14,542.14,542.14,542.14,0.00,,0.00,A
2007-06-05,544.14,544.14,544.14,544.14,0.00,,0.00,A
2007-06-06,549.96,549.96,549.96,549.96,0.00,,0.00,A
2007-06-07,552.06,552.06,552.06,552.06,0.00,,0.00,A
2007-06-10,559.15,559.15,559.15,559.15,0.00,,0.00,A
2007-06-11,564.51,564.51,564.51,564.51,0.00,,0.00,A
2007-06-12,572.72,572.72,572.72,572.72,0.00,,0.00,A
2007-06-13,583.55,583.55,583.55,583.55,0.00,,0.00,A
2007-06-14,575.04,575.04,575.04,575.04,0.00,,0.00,A
2007-06-17,569.45,569.45,569.45,569.45,0.00,,0.00,A
2007-06-18,563.49,563.49,563.49,563.49,0.00,,0.00,A
2007-06-19,567.28,567.28,567.28,567.28,0.00,,0.00,A
2007-06-20,578.81,578.81,578.81,578.81,0.00,,0.00,A
2007-06-21,583.44,583.44,583.44,583.44,0.00,,0.00,A
2007-06-24,584.01,584.01,584.01,584.01,0.00,,0.00,A
2007-06-25,588.21,588.21,588.21,588.21,0.00,,0.00,A
2007-06-26,590.29,590.29,590.29,590.29,0.00,,0.00,A
2007-06-27,591.65,591.65,591.65,591.65,0.00,,0.00,A
2007-07-01,593.65,593.65,593.65,593.65,0.00,,0.00,A
2007-07-02,598.52,598.52,598.52,598.52,0.00,,0.00,A
2007-07-03,602.87,602.87,602.87,602.87,0.00,,0.00,A
2007-07-04,611.08,611.08,611.08,611.08,0.00,,0.00,A
2007-07-05,613.47,613.47,613.47,613.47,0.00,,0.00,A
2007-07-09,615.43,615.43,615.43,615.43,0.00,,0.00,A
2007-07-10,620.61,620.61,620.61,620.61,0.00,,0.00,A
2007-07-11,633.02,633.02,633.02,633.02,0.00,,0.00,A
2007-07-12,643.15,643.15,643.15,643.15,0.00,,0.00,A
2007-07-15,657.47,657.47,657.47,657.47,0.00,,0.00,A
2007-07-16,683.95,683.95,683.95,683.95,0.00,,0.00,A
2007-07-17,696.58,696.58,696.58,696.58,0.00,,0.00,A
2007-07-18,677.98,677.98,677.98,677.98,0.00,,0.00,A
2007-07-19,679.99,679.99,679.99,679.99,0.00,,0.00,A
2007-07-22,687.65,687.65,687.65,687.65,0.00,,0.00,A
2007-07-23,695.68,695.68,695.68,695.68,0.00,,0.00,A
2007-07-24,695.38,695.38,695.38,695.38,0.00,,0.00,A
2007-07-25,689.80,689.80,689.80,689.80,0.00,,0.00,A
2007-07-26,687.83,687.83,687.83,687.83,0.00,,0.00,A
2007-07-29,685.36,685.36,685.36,685.36,0.00,,0.00,A
2007-07-30,680.55,680.55,680.55,680.55,0.00,,0.00,A
2007-07-31,678.97,678.97,678.97,678.97,0.00,,0.00,A
2007-08-01,683.36,683.36,683.36,683.36,0.00,,0.00,A
2007-08-02,693.23,693.23,693.23,693.23,0.00,,0.00,A
2007-08-05,702.73,702.73,702.73,702.73,0.00,,0.00,A
2007-08-06,706.11,706.11,706.11,706.11,0.00,,0.00,A
2007-08-07,719.69,719.69,719.69,719.69,0.00,,0.00,A
2007-08-08,725.31,725.31,725.31,725.31,0.00,,0.00,A
2007-08-09,723.32,723.32,723.32,723.32,0.00,,0.00,A
2007-08-13,718.09,718.09,718.09,718.09,0.00,,0.00,A
2007-08-14,712.67,712.67,712.67,712.67,0.00,,0.00,A
2007-08-15,705.05,705.05,705.05,705.05,0.00,,0.00,A
2007-08-16,705.96,705.96,705.96,705.96,0.00,,0.00,A
2007-08-19,710.64,710.64,710.64,710.64,0.00,,0.00,A
2007-08-20,714.06,714.06,714.06,714.06,0.00,,0.00,A
2007-08-21,721.75,721.75,721.75,721.75,0.00,,0.00,A
2007-08-22,722.54,722.54,722.54,722.54,0.00,,0.00,A
2007-08-23,725.51,725.51,725.51,725.51,0.00,,0.00,A
2007-08-24,725.86,725.86,725.86,725.86,0.00,,0.00,A
2007-08-26,723.71,723.71,723.71,723.71,0.00,,0.00,A
2007-08-27,723.04,723.04,723.04,723.04,0.00,,0.00,A
2007-08-30,739.53,739.53,739.53,739.53,0.00,,0.00,A
2007-09-02,756.05,756.05,756.05,756.05,0.00,,0.00,A
2007-09-03,769.07,769.07,769.07,769.07,0.00,,0.00,A
2007-09-05,785.43,785.43,785.43,785.43,0.00,,0.00,A
2007-09-08,796.34,796.34,796.34,796.34,0.00,,0.00,A
2007-09-09,811.98,811.98,811.98,811.98,0.00,,0.00,A
2007-09-10,828.78,828.78,828.78,828.78,0.00,,0.00,A
2007-09-11,833.56,833.56,833.56,833.56,0.00,,0.00,A
2007-09-12,821.44,821.44,821.44,821.44,0.00,,0.00,A
2007-09-13,813.77,813.77,813.77,813.77,0.00,,0.00,A
2007-09-16,818.16,818.16,818.16,818.16,0.00,,0.00,A
2007-09-17,817.08,817.08,817.08,817.08,0.00,,0.00,A
2007-09-18,827.74,827.74,827.74,827.74,0.00,,0.00,A
2007-09-19,837.92,837.92,837.92,837.92,0.00,,0.00,A
2007-09-20,879.96,879.96,879.96,879.96,0.00,,0.00,A
2007-09-23,847.86,847.86,847.86,847.86,0.00,,0.00,A
2007-09-24,848.20,848.20,848.20,848.20,0.00,,0.00,A
2007-09-26,855.13,855.13,855.13,855.13,0.00,,0.00,A
2007-09-27,878.35,878.35,878.35,878.35,0.00,,0.00,A
2007-09-30,885.50,885.50,885.50,885.50,0.00,,0.00,A
2007-10-01,887.45,887.45,887.45,887.45,0.00,,0.00,A
2007-10-02,886.12,886.12,886.12,886.12,0.00,,0.00,A
2007-10-03,890.56,890.56,890.56,890.56,0.00,,0.00,A
2007-10-04,899.42,899.42,899.42,899.42,0.00,,0.00,A
2007-10-07,899.38,899.38,899.38,899.38,0.00,,0.00,A
2007-10-08,873.92,873.92,873.92,873.92,0.00,,0.00,A
2007-10-09,848.12,848.12,848.12,848.12,0.00,,0.00,A
2007-10-10,837.72,837.72,837.72,837.72,0.00,,0.00,A
2007-10-11,866.13,866.13,866.13,866.13,0.00,,0.00,A
2007-10-14,883.42,883.42,883.42,883.42,0.00,,0.00,A
2007-10-15,869.26,869.26,869.26,869.26,0.00,,0.00,A
2007-10-16,863.14,863.14,863.14,863.14,0.00,,0.00,A
2007-10-17,861.37,861.37,861.37,861.37,0.00,,0.00,A
2007-10-28,858.06,858.06,858.06,858.06,0.00,,0.00,A
2007-10-29,859.49,859.49,859.49,859.49,0.00,,0.00,A
2007-10-30,864.89,864.89,864.89,864.89,0.00,,0.00,A
2007-10-31,878.86,878.86,878.86,878.86,0.00,,0.00,A
2007-11-01,887.59,887.59,887.59,887.59,0.00,,0.00,A
2007-11-04,876.60,876.60,876.60,876.60,0.00,,0.00,A
2007-11-05,874.54,874.54,874.54,874.54,0.00,,0.00,A
2007-11-06,877.44,877.44,877.44,877.44,0.00,,0.00,A
2007-11-07,880.06,880.06,880.06,880.06,0.00,,0.00,A
2007-11-08,882.45,882.45,882.45,882.45,0.00,,0.00,A
2007-11-12,889.12,889.12,889.12,889.12,0.00,,0.00,A
2007-11-13,892.28,892.28,892.28,892.28,0.00,,0.00,A
2007-11-14,902.45,902.45,902.45,902.45,0.00,,0.00,A
2007-11-15,915.38,915.38,915.38,915.38,0.00,,0.00,A
2007-11-18,851.55,851.55,851.55,851.55,0.00,,0.00,A
2007-11-19,855.00,855.00,855.00,855.00,0.00,,0.00,A
2007-11-20,852.68,852.68,852.68,852.68,0.00,,0.00,A
2007-11-21,855.56,855.56,855.56,855.56,0.00,,0.00,A
2007-11-22,856.24,856.24,856.24,856.24,0.00,,0.00,A
2007-11-25,861.29,861.29,861.29,861.29,0.00,,0.00,A
2007-11-26,867.61,867.61,867.61,867.61,0.00,,0.00,A
2007-11-27,869.38,869.38,869.38,869.38,0.00,,0.00,A
2007-11-28,879.58,879.58,879.58,879.58,0.00,,0.00,A
2007-11-29,897.29,897.29,897.29,897.29,0.00,,0.00,A
2007-12-02,922.44,922.44,922.44,922.44,0.00,,0.00,A
2007-12-03,942.99,942.99,942.99,942.99,0.00,,0.00,A
2007-12-04,963.79,963.79,963.79,963.79,0.00,,0.00,A
2007-12-05,974.41,974.41,974.41,974.41,0.00,,0.00,A
2007-12-06,992.81,992.81,992.81,992.81,0.00,,0.00,A
2007-12-09,1000.49,1000.49,1000.49,1000.49,0.00,,0.00,A
2007-12-10,992.20,992.20,992.20,992.20,0.00,,0.00,A
2007-12-11,996.29,996.29,996.29,996.29,0.00,,0.00,A
2007-12-12,1000.27,1000.27,1000.27,1000.27,0.00,,0.00,A
2007-12-13,1025.91,1025.91,1025.91,1025.91,0.00,,0.00,A
2007-12-16,1052.92,1052.92,1052.92,1052.92,0.00,,0.00,A
2007-12-17,1064.09,1064.09,1064.09,1064.09,0.00,,0.00,A
2007-12-18,1061.35,1061.35,1061.35,1061.35,0.00,,0.00,A
2007-12-19,1061.27,1061.27,1061.27,1061.27,0.00,,0.00,A
2007-12-20,1055.73,1055.73,1055.73,1055.73,0.00,,0.00,A
2007-12-23,1045.65,1045.65,1045.65,1045.65,0.00,,0.00,A
2007-12-24,1018.16,1018.16,1018.16,1018.16,0.00,,0.00,A
2007-12-25,992.92,992.92,992.92,992.92,0.00,,0.00,A
2007-12-26,967.74,967.74,967.74,967.74,0.00,,0.00,A
2007-12-27,984.53,984.53,984.53,984.53,0.00,,0.00,A
2008-01-06,988.64,988.64,988.64,988.64,0.00,,0.00,A
2008-01-07,970.98,970.98,970.98,970.98,0.00,,0.00,A
2008-01-08,956.82,956.82,956.82,956.82,0.00,,0.00,A
2008-01-09,963.83,963.83,963.83,963.83,0.00,,0.00,A
2008-01-10,981.43,981.43,981.43,981.43,0.00,,0.00,A
2008-01-13,976.07,976.07,976.07,976.07,0.00,,0.00,A
2008-01-14,958.91,958.91,958.91,958.91,0.00,,0.00,A
2008-01-16,931.43,931.43,931.43,931.43,0.00,,0.00,A
2008-01-17,905.38,905.38,905.38,905.38,0.00,,0.00,A
2008-01-20,879.69,879.69,879.69,879.69,0.00,,0.00,A
2008-01-21,867.46,867.46,867.46,867.46,0.00,,0.00,A
2008-01-22,890.25,890.25,890.25,890.25,0.00,,0.00,A
2008-01-23,877.51,877.51,877.51,877.51,0.00,,0.00,A
2008-01-24,878.07,878.07,878.07,878.07,0.00,,0.00,A
2008-01-27,867.60,867.60,867.60,867.60,0.00,,0.00,A
2008-01-28,842.60,842.60,842.60,842.60,0.00,,0.00,A
2008-01-29,817.60,817.60,817.60,817.60,0.00,,0.00,A
2008-01-31,803.69,803.69,803.69,803.69,0.00,,0.00,A
2008-02-03,778.13,778.13,778.13,778.13,0.00,,0.00,A
2008-02-04,752.30,752.30,752.30,752.30,0.00,,0.00,A
2008-02-05,708.73,708.73,708.73,708.73,0.00,,0.00,A
2008-02-06,723.54,723.54,723.54,723.54,0.00,,0.00,A
2008-02-07,750.86,750.86,750.86,750.86,0.00,,0.00,A
2008-02-10,776.74,776.74,776.74,776.74,0.00,,0.00,A
2008-02-11,802.03,802.03,802.03,802.03,0.00,,0.00,A
2008-02-12,814.43,814.43,814.43,814.43,0.00,,0.00,A
2008-02-13,809.91,809.91,809.91,809.91,0.00,,0.00,A
2008-02-14,795.89,795.89,795.89,795.89,0.00,,0.00,A
2008-02-17,769.92,769.92,769.92,769.92,0.00,,0.00,A
2008-02-18,757.08,757.08,757.08,757.08,0.00,,0.00,A
2008-02-20,756.44,756.44,756.44,756.44,0.00,,0.00,A
2008-02-21,758.47,758.47,758.47,758.47,0.00,,0.00,A
2008-02-24,755.89,755.89,755.89,755.89,0.00,,0.00,A
2008-02-25,761.17,761.17,761.17,761.17,0.00,,0.00,A
2008-02-26,759.51,759.51,759.51,759.51,0.00,,0.00,A
2008-02-27,751.81,751.81,751.81,751.81,0.00,,0.00,A
2008-02-28,756.76,756.76,756.76,756.76,0.00,,0.00,A
2008-03-02,772.88,772.88,772.88,772.88,0.00,,0.00,A
2008-03-03,771.21,771.21,771.21,771.21,0.00,,0.00,A
2008-03-04,766.98,766.98,766.98,766.98,0.00,,0.00,A
2008-03-05,758.70,758.70,758.70,758.70,0.00,,0.00,A
2008-03-09,756.74,756.74,756.74,756.74,0.00,,0.00,A
2008-03-10,749.05,749.05,749.05,749.05,0.00,,0.00,A
2008-03-11,741.11,741.11,741.11,741.11,0.00,,0.00,A
2008-03-12,723.28,723.28,723.28,723.28,0.00,,0.00,A
2008-03-13,714.76,714.76,714.76,714.76,0.00,,0.00,A
2008-03-16,712.97,712.97,712.97,712.97,0.00,,0.00,A
2008-03-17,720.92,720.92,720.92,720.92,0.00,,0.00,A
2008-03-18,718.93,718.93,718.93,718.93,0.00,,0.00,A
2008-03-19,715.95,715.95,715.95,715.95,0.00,,0.00,A
2008-03-20,716.72,716.72,716.72,716.72,0.00,,0.00,A
2008-03-23,710.80,710.80,710.80,710.80,0.00,,0.00,A
2008-03-24,704.54,704.54,704.54,704.54,0.00,,0.00,A
2008-03-25,721.24,721.24,721.24,721.24,0.00,,0.00,A
2008-03-26,720.67,720.67,720.67,720.67,0.00,,0.00,A
2008-03-27,716.37,716.37,716.37,716.37,0.00,,0.00,A
2008-03-30,702.97,702.97,702.97,702.97,0.00,,0.00,A
2008-03-31,709.40,709.40,709.40,709.40,0.00,,0.00,A
2008-04-01,712.52,712.52,712.52,712.52,0.00,,0.00,A
2008-04-02,716.56,716.56,716.56,716.56,0.00,,0.00,A
2008-04-03,730.14,730.14,730.14,730.14,0.00,,0.00,A
2008-04-06,746.69,746.69,746.69,746.69,0.00,,0.00,A
2008-04-15,720.24,720.24,720.24,720.24,0.00,,0.00,A
2008-04-16,708.81,708.81,708.81,708.81,0.00,,0.00,A
2008-04-17,734.83,734.83,734.83,734.83,0.00,,0.00,A
2008-04-20,744.04,744.04,744.04,744.04,0.00,,0.00,A
2008-04-21,739.43,739.43,739.43,739.43,0.00,,0.00,A
2008-04-22,734.66,734.66,734.66,734.66,0.00,,0.00,A
2008-04-24,734.87,734.87,734.87,734.87,0.00,,0.00,A
2008-04-27,729.01,729.01,729.01,729.01,0.00,,0.00,A
2008-04-28,730.28,730.28,730.28,730.28,0.00,,0.00,A
2008-04-29,728.72,728.72,728.72,728.72,0.00,,0.00,A
2008-04-30,736.46,736.46,736.46,736.46,0.00,,0.00,A
2008-05-04,740.18,740.18,740.18,740.18,0.00,,0.00,A
2008-05-05,748.92,748.92,748.92,748.92,0.00,,0.00,A
2008-05-06,767.93,767.93,767.93,767.93,0.00,,0.00,A
2008-05-07,776.97,776.97,776.97,776.97,0.00,,0.00,A
2008-05-08,771.33,771.33,771.33,771.33,0.00,,0.00,A
2008-05-11,773.54,773.54,773.54,773.54,0.00,,0.00,A
2008-05-12,785.35,785.35,785.35,785.35,0.00,,0.00,A
2008-05-13,806.26,806.26,806.26,806.26,0.00,,0.00,A
2008-05-14,825.61,825.61,825.61,825.61,0.00,,0.00,A
2008-05-15,812.67,812.67,812.67,812.67,0.00,,0.00,A
2008-05-18,798.86,798.86,798.86,798.86,0.00,,0.00,A
2008-05-21,801.48,801.48,801.48,801.48,0.00,,0.00,A
2008-05-22,817.64,817.64,817.64,817.64,0.00,,0.00,A
2008-05-25,832.14,832.14,832.14,832.14,0.00,,0.00,A
2008-05-26,823.68,823.68,823.68,823.68,0.00,,0.00,A
2008-05-27,833.18,833.18,833.18,833.18,0.00,,0.00,A
2008-06-01,860.62,860.62,860.62,860.62,0.00,,0.00,A
2008-06-02,873.75,873.75,873.75,873.75,0.00,,0.00,A
2008-06-03,858.63,858.63,858.63,858.63,0.00,,0.00,A
2008-06-04,867.93,867.93,867.93,867.93,0.00,,0.00,A
2008-06-05,885.20,885.20,885.20,885.20,0.00,,0.00,A
2008-06-08,910.82,910.82,910.82,910.82,0.00,,0.00,A
2008-06-09,924.65,924.65,924.65,924.65,0.00,,0.00,A
2008-06-10,915.03,915.03,915.03,915.03,0.00,,0.00,A
2008-06-11,923.17,923.17,923.17,923.17,0.00,,0.00,A
2008-06-12,930.65,930.65,930.65,930.65,0.00,,0.00,A
2008-06-15,941.07,941.07,941.07,941.07,0.00,,0.00,A
2008-06-16,957.87,957.87,957.87,957.87,0.00,,0.00,A
2008-06-17,953.84,953.84,953.84,953.84,0.00,,0.00,A
2008-06-18,959.82,959.82,959.82,959.82,0.00,,0.00,A
2008-06-19,960.33,960.33,960.33,960.33,0.00,,0.00,A
2008-06-22,947.12,947.12,947.12,947.12,0.00,,0.00,A
2008-06-23,942.09,942.09,942.09,942.09,0.00,,0.00,A
2008-06-24,940.92,940.92,940.92,940.92,0.00,,0.00,A
2008-06-25,948.56,948.56,948.56,948.56,0.00,,0.00,A
2008-06-26,951.62,951.62,951.62,951.62,0.00,,0.00,A
2008-06-29,948.87,948.87,948.87,948.87,0.00,,0.00,A
2008-06-30,937.46,937.46,937.46,937.46,0.00,,0.00,A
2008-07-01,931.30,931.30,931.30,931.30,0.00,,0.00,A
2008-07-02,906.24,906.24,906.24,906.24,0.00,,0.00,A
2008-07-03,928.39,928.39,928.39,928.39,0.00,,0.00,A
2008-07-06,926.93,926.93,926.93,926.93,0.00,,0.00,A
2008-07-07,929.72,929.72,929.72,929.72,0.00,,0.00,A
2008-07-08,936.46,936.46,936.46,936.46,0.00,,0.00,A
2008-07-09,944.86,944.86,944.86,944.86,0.00,,0.00,A
2008-07-10,949.52,949.52,949.52,949.52,0.00,,0.00,A
2008-07-13,953.46,953.46,953.46,953.46,0.00,,0.00,A
2008-07-14,959.26,959.26,959.26,959.26,0.00,,0.00,A
2008-07-15,963.36,963.36,963.36,963.36,0.00,,0.00,A
2008-07-16,982.12,982.12,982.12,982.12,0.00,,0.00,A
2008-07-17,991.91,991.91,991.91,991.91,0.00,,0.00,A
2008-07-20,985.24,985.24,985.24,985.24,0.00,,0.00,A
2008-07-21,973.30,973.30,973.30,973.30,0.00,,0.00,A
2008-07-22,962.78,962.78,962.78,962.78,0.00,,0.00,A
2008-07-23,972.47,972.47,972.47,972.47,0.00,,0.00,A
2008-07-27,980.81,980.81,980.81,980.81,0.00,,0.00,A
2008-07-28,983.07,983.07,983.07,983.07,0.00,,0.00,A
2008-07-29,1001.99,1001.99,1001.99,1001.99,0.00,,0.00,A
2008-07-30,1020.05,1020.05,1020.05,1020.05,0.00,,0.00,A
2008-07-31,1034.02,1034.02,1034.02,1034.02,0.00,,0.00,A
2008-08-03,1047.67,1047.67,1047.67,1047.67,0.00,,0.00,A
2008-08-04,1075.34,1075.34,1075.34,1075.34,0.00,,0.00,A
2008-08-05,1102.10,1102.10,1102.10,1102.10,0.00,,0.00,A
2008-08-06,1128.13,1128.13,1128.13,1128.13,0.00,,0.00,A
2008-08-07,1101.36,1101.36,1101.36,1101.36,0.00,,0.00,A
2008-08-10,1075.51,1075.51,1075.51,1075.51,0.00,,0.00,A
2008-08-11,1088.91,1088.91,1088.91,1088.91,0.00,,0.00,A
2008-08-12,1085.03,1085.03,1085.03,1085.03,0.00,,0.00,A
2008-08-13,1079.58,1079.58,1079.58,1079.58,0.00,,0.00,A
2008-08-14,1084.76,1084.76,1084.76,1084.76,0.00,,0.00,A
2008-08-18,1075.87,1075.87,1075.87,1075.87,0.00,,0.00,A
2008-08-19,1057.53,1057.53,1057.53,1057.53,0.00,,0.00,A
2008-08-20,1064.28,1064.28,1064.28,1064.28,0.00,,0.00,A
2008-08-21,1062.24,1062.24,1062.24,1062.24,0.00,,0.00,A
2008-08-24,1057.36,1057.36,1057.36,1057.36,0.00,,0.00,A
2008-08-25,1068.17,1068.17,1068.17,1068.17,0.00,,0.00,A
2008-08-26,1087.80,1087.80,1087.80,1087.80,0.00,,0.00,A
2008-08-27,1086.19,1086.19,1086.19,1086.19,0.00,,0.00,A
2008-08-28,1119.65,1119.65,1119.65,1119.65,0.00,,0.00,A
2008-08-31,1175.38,1175.38,1175.38,1175.38,0.00,,0.00,A
2008-09-01,1134.39,1134.39,1134.39,1134.39,0.00,,0.00,A
2008-09-02,1102.39,1102.39,1102.39,1102.39,0.00,,0.00,A
2008-09-03,1064.01,1064.01,1064.01,1064.01,0.00,,0.00,A
2008-09-04,1067.20,1067.20,1067.20,1067.20,0.00,,0.00,A
2008-09-07,1071.08,1071.08,1071.08,1071.08,0.00,,0.00,A
2008-09-08,1058.64,1058.64,1058.64,1058.64,0.00,,0.00,A
2008-09-09,1051.20,1051.20,1051.20,1051.20,0.00,,0.00,A
2008-09-10,1029.85,1029.85,1029.85,1029.85,0.00,,0.00,A
2008-09-11,1028.50,1028.50,1028.50,1028.50,0.00,,0.00,A
2008-09-15,996.09,996.09,996.09,996.09,0.00,,0.00,A
2008-09-16,976.01,976.01,976.01,976.01,0.00,,0.00,A
2008-09-17,985.16,985.16,985.16,985.16,0.00,,0.00,A
2008-09-18,1004.28,1004.28,1004.28,1004.28,0.00,,0.00,A
2008-09-21,976.81,976.81,976.81,976.81,0.00,,0.00,A
2008-09-22,952.64,952.64,952.64,952.64,0.00,,0.00,A
2008-09-23,951.28,951.28,951.28,951.28,0.00,,0.00,A
2008-09-24,945.07,945.07,945.07,945.07,0.00,,0.00,A
2008-09-25,941.12,941.12,941.12,941.12,0.00,,0.00,A
2008-09-28,954.60,954.60,954.60,954.60,0.00,,0.00,A
2008-09-29,962.55,962.55,962.55,962.55,0.00,,0.00,A
2008-10-01,970.23,970.23,970.23,970.23,0.00,,0.00,A
2008-10-05,973.65,973.65,973.65,973.65,0.00,,0.00,A
2008-10-12,969.56,969.56,969.56,969.56,0.00,,0.00,A
2008-10-13,957.33,957.33,957.33,957.33,0.00,,0.00,A
2008-10-15,938.31,938.31,938.31,938.31,0.00,,0.00,A
2008-10-16,933.97,933.97,933.97,933.97,0.00,,0.00,A
2008-10-19,918.62,918.62,918.62,918.62,0.00,,0.00,A
2008-10-20,899.99,899.99,899.99,899.99,0.00,,0.00,A
2008-10-21,907.73,907.73,907.73,907.73,0.00,,0.00,A
2008-10-22,914.00,914.00,914.00,914.00,0.00,,0.00,A
2008-10-23,919.33,919.33,919.33,919.33,0.00,,0.00,A
2008-10-26,918.15,918.15,918.15,918.15,0.00,,0.00,A
2008-10-27,881.86,881.86,881.86,881.86,0.00,,0.00,A
2008-11-02,853.16,853.16,853.16,853.16,0.00,,0.00,A
2008-11-03,849.44,849.44,849.44,849.44,0.00,,0.00,A
2008-11-05,848.18,848.18,848.18,848.18,0.00,,0.00,A
2008-11-06,832.59,832.59,832.59,832.59,0.00,,0.00,A
2008-11-09,810.81,810.81,810.81,810.81,0.00,,0.00,A
2008-11-10,779.78,779.78,779.78,779.78,0.00,,0.00,A
2008-11-11,802.11,802.11,802.11,802.11,0.00,,0.00,A
2008-11-12,815.63,815.63,815.63,815.63,0.00,,0.00,A
2008-11-13,806.90,806.90,806.90,806.90,0.00,,0.00,A
2008-11-16,793.86,793.86,793.86,793.86,0.00,,0.00,A
2008-11-17,774.18,774.18,774.18,774.18,0.00,,0.00,A
2008-11-18,775.99,775.99,775.99,775.99,0.00,,0.00,A
2008-11-19,776.58,776.58,776.58,776.58,0.00,,0.00,A
2008-11-20,770.37,770.37,770.37,770.37,0.00,,0.00,A
2008-11-23,750.51,750.51,750.51,750.51,0.00,,0.00,A
2008-11-24,726.47,726.47,726.47,726.47,0.00,,0.00,A
2008-11-25,698.81,698.81,698.81,698.81,0.00,,0.00,A
2008-11-26,728.57,728.57,728.57,728.57,0.00,,0.00,A
2008-11-27,732.18,732.18,732.18,732.18,0.00,,0.00,A
2008-11-30,750.71,750.71,750.71,750.71,0.00,,0.00,A
2008-12-01,765.76,765.76,765.76,765.76,0.00,,0.00,A
2008-12-02,761.67,761.67,761.67,761.67,0.00,,0.00,A
2008-12-03,758.08,758.08,758.08,758.08,0.00,,0.00,A
2008-12-04,754.91,754.91,754.91,754.91,0.00,,0.00,A
2008-12-07,754.29,754.29,754.29,754.29,0.00,,0.00,A
2008-12-08,747.72,747.72,747.72,747.72,0.00,,0.00,A
2008-12-10,742.36,742.36,742.36,742.36,0.00,,0.00,A
2008-12-11,743.25,743.25,743.25,743.25,0.00,,0.00,A
2008-12-14,742.04,742.04,742.04,742.04,0.00,,0.00,A
2008-12-15,734.85,734.85,734.85,734.85,0.00,,0.00,A
2008-12-16,729.24,729.24,729.24,729.24,0.00,,0.00,A
2008-12-17,728.88,728.88,728.88,728.88,0.00,,0.00,A
2008-12-18,720.52,720.52,720.52,720.52,0.00,,0.00,A
2008-12-21,708.12,708.12,708.12,708.12,0.00,,0.00,A
2008-12-22,701.64,701.64,701.64,701.64,0.00,,0.00,A
2008-12-23,701.85,701.85,701.85,701.85,0.00,,0.00,A
2008-12-24,705.21,705.21,705.21,705.21,0.00,,0.00,A
2008-12-28,699.20,699.20,699.20,699.20,0.00,,0.00,A
2008-12-29,700.57,700.57,700.57,700.57,0.00,,0.00,A
2008-12-31,695.50,695.50,695.50,695.50,0.00,,0.00,A
2009-01-04,696.21,696.21,696.21,696.21,0.00,,0.00,A
2009-01-05,690.97,690.97,690.97,690.97,0.00,,0.00,A
2009-01-06,687.63,687.63,687.63,687.63,0.00,,0.00,A
2009-01-07,682.29,682.29,682.29,682.29,0.00,,0.00,A
2009-01-08,674.32,674.32,674.32,674.32,0.00,,0.00,A
2009-01-11,664.02,664.02,664.02,664.02,0.00,,0.00,A
2009-01-12,660.40,660.40,660.40,660.40,0.00,,0.00,A
2009-01-13,659.81,659.81,659.81,659.81,0.00,,0.00,A
2009-01-15,651.22,651.22,651.22,651.22,0.00,,0.00,A
2009-01-18,650.75,650.75,650.75,650.75,0.00,,0.00,A
2009-01-19,647.29,647.29,647.29,647.29,0.00,,0.00,A
2009-01-20,641.05,641.05,641.05,641.05,0.00,,0.00,A
2009-01-21,625.79,625.79,625.79,625.79,0.00,,0.00,A
2009-01-22,609.46,609.46,609.46,609.46,0.00,,0.00,A
2009-01-25,611.07,611.07,611.07,611.07,0.00,,0.00,A
2009-01-26,643.97,643.97,643.97,643.97,0.00,,0.00,A
2009-01-28,658.83,658.83,658.83,658.83,0.00,,0.00,A
2009-02-01,638.51,638.51,638.51,638.51,0.00,,0.00,A
2009-02-02,636.31,636.31,636.31,636.31,0.00,,0.00,A
2009-02-03,636.66,636.66,636.66,636.66,0.00,,0.00,A
2009-02-04,641.66,641.66,641.66,641.66,0.00,,0.00,A
2009-02-05,656.07,656.07,656.07,656.07,0.00,,0.00,A
2009-02-08,671.71,671.71,671.71,671.71,0.00,,0.00,A
2009-02-09,668.83,668.83,668.83,668.83,0.00,,0.00,A
2009-02-10,665.16,665.16,665.16,665.16,0.00,,0.00,A
2009-02-11,663.53,663.53,663.53,663.53,0.00,,0.00,A
2009-02-12,671.50,671.50,671.50,671.50,0.00,,0.00,A
2009-02-15,669.76,669.76,669.76,669.76,0.00,,0.00,A
2009-02-16,673.52,673.52,673.52,673.52,0.00,,0.00,A
2009-02-17,690.26,690.26,690.26,690.26,0.00,,0.00,A
2009-02-19,699.60,699.60,699.60,699.60,0.00,,0.00,A
2009-02-22,704.15,704.15,704.15,704.15,0.00,,0.00,A
2009-02-24,695.92,695.92,695.92,695.92,0.00,,0.00,A
2009-02-26,677.52,677.52,677.52,677.52,0.00,,0.00,A
2009-03-01,676.30,676.30,676.30,676.30,0.00,,0.00,A
2009-03-02,673.70,673.70,673.70,673.70,0.00,,0.00,A
2009-03-03,675.77,675.77,675.77,675.77,0.00,,0.00,A
2009-03-04,672.99,672.99,672.99,672.99,0.00,,0.00,A
2009-03-05,669.72,669.72,669.72,669.72,0.00,,0.00,A
2009-03-08,671.35,671.35,671.35,671.35,0.00,,0.00,A
2009-03-09,671.44,671.44,671.44,671.44,0.00,,0.00,A
2009-03-11,670.23,670.23,670.23,670.23,0.00,,0.00,A
2009-03-12,667.20,667.20,667.20,667.20,0.00,,0.00,A
2009-03-15,669.23,669.23,669.23,669.23,0.00,,0.00,A
2009-03-16,670.87,670.87,670.87,670.87,0.00,,0.00,A
2009-03-17,667.67,667.67,667.67,667.67,0.00,,0.00,A
2009-03-18,666.51,666.51,666.51,666.51,0.00,,0.00,A
2009-03-19,666.62,666.62,666.62,666.62,0.00,,0.00,A
2009-03-22,683.10,683.10,683.10,683.10,0.00,,0.00,A
2009-03-23,676.31,676.31,676.31,676.31,0.00,,0.00,A
2009-03-24,678.00,678.00,678.00,678.00,0.00,,0.00,A
2009-03-25,675.30,675.30,675.30,675.30,0.00,,0.00,A
2009-03-29,669.79,669.79,669.79,669.79,0.00,,0.00,A
2009-03-30,665.66,665.66,665.66,665.66,0.00,,0.00,A
2009-03-31,664.13,664.13,664.13,664.13,0.00,,0.00,A
2009-04-01,665.04,665.04,665.04,665.04,0.00,,0.00,A
2009-04-02,661.96,661.96,661.96,661.96,0.00,,0.00,A
2009-04-05,664.73,664.73,664.73,664.73,0.00,,0.00,A
2009-04-06,663.46,663.46,663.46,663.46,0.00,,0.00,A
2009-04-07,659.25,659.25,659.25,659.25,0.00,,0.00,A
2009-04-08,661.28,661.28,661.28,661.28,0.00,,0.00,A
2009-04-09,660.04,660.04,660.04,660.04,0.00,,0.00,A
2009-04-12,660.15,660.15,660.15,660.15,0.00,,0.00,A
2009-04-13,661.27,661.27,661.27,661.27,0.00,,0.00,A
2009-04-16,662.71,662.71,662.71,662.71,0.00,,0.00,A
2009-04-19,660.01,660.01,660.01,660.01,0.00,,0.00,A
2009-04-20,660.01,660.01,660.01,660.01,0.00,,0.00,A
2009-04-21,660.72,660.72,660.72,660.72,0.00,,0.00,A
2009-04-22,657.33,657.33,657.33,657.33,0.00,,0.00,A
2009-04-23,655.54,655.54,655.54,655.54,0.00,,0.00,A
2009-04-26,649.02,649.02,649.02,649.02,0.00,,0.00,A
2009-04-27,638.69,638.69,638.69,638.69,0.00,,0.00,A
2009-04-28,641.64,641.64,641.64,641.64,0.00,,0.00,A
2009-04-29,642.82,642.82,642.82,642.82,0.00,,0.00,A
2009-04-30,648.64,648.64,648.64,648.64,0.00,,0.00,A
2009-05-03,642.04,642.04,642.04,642.04,0.00,,0.00,A
2009-05-04,639.96,639.96,639.96,639.96,0.00,,0.00,A
2009-05-05,648.57,648.57,648.57,648.57,0.00,,0.00,A
2009-05-06,651.16,651.16,651.16,651.16,0.00,,0.00,A
2009-05-07,654.05,654.05,654.05,654.05,0.00,,0.00,A
2009-05-10,660.42,660.42,660.42,660.42,0.00,,0.00,A
2009-05-11,659.17,659.17,659.17,659.17,0.00,,0.00,A
2009-05-12,660.05,660.05,660.05,660.05,0.00,,0.00,A
2009-05-13,661.50,661.50,661.50,661.50,0.00,,0.00,A
2009-05-14,659.94,659.94,659.94,659.94,0.00,,0.00,A
2009-05-17,665.39,665.39,665.39,665.39,0.00,,0.00,A
2009-05-18,680.12,680.12,680.12,680.12,0.00,,0.00,A
2009-05-19,678.12,678.12,678.12,678.12,0.00,,0.00,A
2009-05-20,677.20,677.20,677.20,677.20,0.00,,0.00,A
2009-05-21,676.71,676.71,676.71,676.71,0.00,,0.00,A
2009-05-24,688.19,688.19,688.19,688.19,0.00,,0.00,A
2009-05-25,701.51,701.51,701.51,701.51,0.00,,0.00,A
2009-05-26,714.72,714.72,714.72,714.72,0.00,,0.00,A
2009-05-27,739.89,739.89,739.89,739.89,0.00,,0.00,A
2009-05-28,718.62,718.62,718.62,718.62,0.00,,0.00,A
2009-05-31,707.89,707.89,707.89,707.89,0.00,,0.00,A
2009-06-01,700.04,700.04,700.04,700.04,0.00,,0.00,A
2009-06-02,703.80,703.80,703.80,703.80,0.00,,0.00,A
2009-06-03,699.66,699.66,699.66,699.66,0.00,,0.00,A
2009-06-04,698.90,698.90,698.90,698.90,0.00,,0.00,A
2009-06-07,687.15,687.15,687.15,687.15,0.00,,0.00,A
2009-06-08,679.73,679.73,679.73,679.73,0.00,,0.00,A
2009-06-09,685.66,685.66,685.66,685.66,0.00,,0.00,A
2009-06-10,686.07,686.07,686.07,686.07,0.00,,0.00,A
2009-06-11,684.39,684.39,684.39,684.39,0.00,,0.00,A
2009-06-14,678.74,678.74,678.74,678.74,0.00,,0.00,A
2009-06-15,676.42,676.42,676.42,676.42,0.00,,0.00,A
2009-06-16,681.83,681.83,681.83,681.83,0.00,,0.00,A
2009-06-17,682.80,682.80,682.80,682.80,0.00,,0.00,A
2009-06-18,683.71,683.71,683.71,683.71,0.00,,0.00,A
2009-06-21,679.23,679.23,679.23,679.23,0.00,,0.00,A
2009-06-22,678.52,678.52,678.52,678.52,0.00,,0.00,A
2009-06-23,671.47,671.47,671.47,671.47,0.00,,0.00,A
2009-06-24,670.50,670.50,670.50,670.50,0.00,,0.00,A
2009-06-25,670.66,670.66,670.66,670.66,0.00,,0.00,A
2009-06-28,666.35,666.35,666.35,666.35,0.00,,0.00,A
2009-06-29,663.96,663.96,663.96,663.96,0.00,,0.00,A
2009-06-30,662.05,662.05,662.05,662.05,0.00,,0.00,A
2009-07-01,661.78,661.78,661.78,661.78,0.00,,0.00,A
2009-07-02,667.43,667.43,667.43,667.43,0.00,,0.00,A
2009-07-05,672.82,672.82,672.82,672.82,0.00,,0.00,A
2009-07-06,676.14,676.14,676.14,676.14,0.00,,0.00,A
2009-07-07,685.49,685.49,685.49,685.49,0.00,,0.00,A
2009-07-08,696.16,696.16,696.16,696.16,0.00,,0.00,A
2009-07-09,702.88,702.88,702.88,702.88,0.00,,0.00,A
2009-07-12,711.06,711.06,711.06,711.06,0.00,,0.00,A
2009-07-13,717.46,717.46,717.46,717.46,0.00,,0.00,A
2009-07-14,743.69,743.69,743.69,743.69,0.00,,0.00,A
2009-07-15,749.11,749.11,749.11,749.11,0.00,,0.00,A
2009-07-16,735.87,735.87,735.87,735.87,0.00,,0.00,A
2009-07-19,734.53,734.53,734.53,734.53,0.00,,0.00,A
2009-07-20,739.02,739.02,739.02,739.02,0.00,,0.00,A
2009-07-21,738.29,738.29,738.29,738.29,0.00,,0.00,A
2009-07-23,737.84,737.84,737.84,737.84,0.00,,0.00,A
2009-07-26,708.11,708.11,708.11,708.11,0.00,,0.00,A
2009-07-27,730.64,730.64,730.64,730.64,0.00,,0.00,A
2009-07-28,729.05,729.05,729.05,729.05,0.00,,0.00,A
2009-07-29,720.72,720.72,720.72,720.72,0.00,,0.00,A
2009-07-30,715.94,715.94,715.94,715.94,0.00,,0.00,A
2009-08-02,704.74,704.74,704.74,704.74,0.00,,0.00,A
2009-08-03,700.16,700.16,700.16,700.16,0.00,,0.00,A
2009-08-04,699.55,699.55,699.55,699.55,0.00,,0.00,A
2009-08-09,693.64,693.64,693.64,693.64,0.00,,0.00,A
2009-08-10,690.32,690.32,690.32,690.32,0.00,,0.00,A
2009-08-11,690.22,690.22,690.22,690.22,0.00,,0.00,A
2009-08-12,717.20,717.20,717.20,717.20,0.00,,0.00,A
2009-08-16,721.95,721.95,721.95,721.95,0.00,,0.00,A
2009-08-17,715.80,715.80,715.80,715.80,0.00,,0.00,A
2009-08-18,715.35,715.35,715.35,715.35,0.00,,0.00,A
2009-08-19,714.40,714.40,714.40,714.40,0.00,,0.00,A
2009-08-20,709.82,709.82,709.82,709.82,0.00,,0.00,A
2009-08-23,702.05,702.05,702.05,702.05,0.00,,0.00,A
2009-08-24,692.55,692.55,692.55,692.55,0.00,,0.00,A
2009-08-25,678.32,678.32,678.32,678.32,0.00,,0.00,A
2009-08-26,682.68,682.68,682.68,682.68,0.00,,0.00,A
2009-08-27,681.54,681.54,681.54,681.54,0.00,,0.00,A
2009-08-30,671.15,671.15,671.15,671.15,0.00,,0.00,A
2009-08-31,660.84,660.84,660.84,660.84,0.00,,0.00,A
2009-09-01,654.73,654.73,654.73,654.73,0.00,,0.00,A
2009-09-02,660.40,660.40,660.40,660.40,0.00,,0.00,A
2009-09-06,662.57,662.57,662.57,662.57,0.00,,0.00,A
2009-09-07,656.54,656.54,656.54,656.54,0.00,,0.00,A
2009-09-08,630.11,630.11,630.11,630.11,0.00,,0.00,A
2009-09-09,620.39,620.39,620.39,620.39,0.00,,0.00,A
2009-09-10,614.42,614.42,614.42,614.42,0.00,,0.00,A
2009-09-13,617.34,617.34,617.34,617.34,0.00,,0.00,A
2009-09-14,628.44,628.44,628.44,628.44,0.00,,0.00,A
2009-09-15,629.88,629.88,629.88,629.88,0.00,,0.00,A
2009-09-16,629.60,629.60,629.60,629.60,0.00,,0.00,A
2009-09-17,627.97,627.97,627.97,627.97,0.00,,0.00,A
2009-09-20,626.92,626.92,626.92,626.92,0.00,,0.00,A
2009-09-22,632.70,632.70,632.70,632.70,0.00,,0.00,A
2009-09-23,630.45,630.45,630.45,630.45,0.00,,0.00,A
2009-09-24,630.55,630.55,630.55,630.55,0.00,,0.00,A
2009-10-04,633.27,633.27,633.27,633.27,0.00,,0.00,A
2009-10-05,636.87,636.87,636.87,636.87,0.00,,0.00,A
2009-10-06,613.18,613.18,613.18,613.18,0.00,,0.00,A
2009-10-07,606.98,606.98,606.98,606.98,0.00,,0.00,A
2009-10-08,602.98,602.98,602.98,602.98,0.00,,0.00,A
2009-10-11,600.19,600.19,600.19,600.19,0.00,,0.00,A
2009-10-12,598.52,598.52,598.52,598.52,0.00,,0.00,A
2009-10-13,599.45,599.45,599.45,599.45,0.00,,0.00,A
2009-10-14,599.50,599.50,599.50,599.50,0.00,,0.00,A
2009-10-15,609.55,609.55,609.55,609.55,0.00,,0.00,A
2009-10-21,601.21,601.21,601.21,601.21,0.00,,0.00,A
2009-10-22,601.16,601.16,601.16,601.16,0.00,,0.00,A
2009-10-25,599.22,599.22,599.22,599.22,0.00,,0.00,A
2009-10-26,595.33,595.33,595.33,595.33,0.00,,0.00,A
2009-10-27,591.76,591.76,591.76,591.76,0.00,,0.00,A
2009-10-28,585.04,585.04,585.04,585.04,0.00,,0.00,A
2009-10-29,579.58,579.58,579.58,579.58,0.00,,0.00,A
2009-11-01,567.06,567.06,567.06,567.06,0.00,,0.00,A
2009-11-02,567.27,567.27,567.27,567.27,0.00,,0.00,A
2009-11-03,571.58,571.58,571.58,571.58,0.00,,0.00,A
2009-11-04,581.60,581.60,581.60,581.60,0.00,,0.00,A
2009-11-05,584.64,584.64,584.64,584.64,0.00,,0.00,A
2009-11-08,587.41,587.41,587.41,587.41,0.00,,0.00,A
2009-11-09,583.10,583.10,583.10,583.10,0.00,,0.00,A
2009-11-10,580.23,580.23,580.23,580.23,0.00,,0.00,A
2009-11-11,576.80,576.80,576.80,576.80,0.00,,0.00,A
2009-11-12,565.86,565.86,565.86,565.86,0.00,,0.00,A
2009-11-15,566.94,566.94,566.94,566.94,0.00,,0.00,A
2009-11-16,560.56,560.56,560.56,560.56,0.00,,0.00,A
2009-11-17,564.61,564.61,564.61,564.61,0.00,,0.00,A
2009-11-18,562.22,562.22,562.22,562.22,0.00,,0.00,A
2009-11-19,563.01,563.01,563.01,563.01,0.00,,0.00,A
2009-11-22,562.11,562.11,562.11,562.11,0.00,,0.00,A
2009-11-23,548.90,548.90,548.90,548.90,0.00,,0.00,A
2009-11-24,543.01,543.01,543.01,543.01,0.00,,0.00,A
2009-11-25,540.74,540.74,540.74,540.74,0.00,,0.00,A
2009-11-26,534.32,534.32,534.32,534.32,0.00,,0.00,A
2009-11-30,528.83,528.83,528.83,528.83,0.00,,0.00,A
2009-12-01,521.77,521.77,521.77,521.77,0.00,,0.00,A
2009-12-03,517.45,517.45,517.45,517.45,0.00,,0.00,A
2009-12-06,519.16,519.16,519.16,519.16,0.00,,0.00,A
2009-12-07,524.18,524.18,524.18,524.18,0.00,,0.00,A
2009-12-08,530.22,530.22,530.22,530.22,0.00,,0.00,A
2009-12-09,537.57,537.57,537.57,537.57,0.00,,0.00,A
2009-12-10,545.79,545.79,545.79,545.79,0.00,,0.00,A
2009-12-13,553.40,553.40,553.40,553.40,0.00,,0.00,A
2009-12-14,554.54,554.54,554.54,554.54,0.00,,0.00,A
2009-12-15,548.61,548.61,548.61,548.61,0.00,,0.00,A
2009-12-16,542.10,542.10,542.10,542.10,0.00,,0.00,A
2009-12-17,539.44,539.44,539.44,539.44,0.00,,0.00,A
2009-12-20,538.68,538.68,538.68,538.68,0.00,,0.00,A
2009-12-21,536.70,536.70,536.70,536.70,0.00,,0.00,A
2009-12-22,541.86,541.86,541.86,541.86,0.00,,0.00,A
2009-12-23,542.21,542.21,542.21,542.21,0.00,,0.00,A
2009-12-24,545.66,545.66,545.66,545.66,0.00,,0.00,A
2009-12-27,545.27,545.27,545.27,545.27,0.00,,0.00,A
2009-12-28,545.69,545.69,545.69,545.69,0.00,,0.00,A
2009-12-29,546.94,546.94,546.94,546.94,0.00,,0.00,A
2009-12-31,548.11,548.11,548.11,548.11,0.00,,0.00,A
2010-01-03,546.88,546.88,546.88,546.88,0.00,,0.00,A
2010-01-04,543.20,543.20,543.20,543.20,0.00,,0.00,A
2010-01-05,536.18,536.18,536.18,536.18,0.00,,0.00,A
2010-01-06,536.63,536.63,536.63,536.63,0.00,,0.00,A
2010-01-07,535.81,535.81,535.81,535.81,0.00,,0.00,A
2010-01-10,535.41,535.41,535.41,535.41,0.00,,0.00,A
2010-01-11,534.34,534.34,534.34,534.34,0.00,,0.00,A
2010-01-12,532.26,532.26,532.26,532.26,0.00,,0.00,A
2010-01-13,530.81,530.81,530.81,530.81,0.00,,0.00,A
2010-01-14,530.96,530.96,530.96,530.96,0.00,,0.00,A
2010-01-17,527.22,527.22,527.22,527.22,0.00,,0.00,A
2010-01-18,524.61,524.61,524.61,524.61,0.00,,0.00,A
2010-01-19,522.05,522.05,522.05,522.05,0.00,,0.00,A
2010-01-20,520.19,520.19,520.19,520.19,0.00,,0.00,A
2010-01-21,518.11,518.11,518.11,518.11,0.00,,0.00,A
2010-01-24,516.77,516.77,516.77,516.77,0.00,,0.00,A
2010-01-25,516.79,516.79,516.79,516.79,0.00,,0.00,A
2010-01-26,513.71,513.71,513.71,513.71,0.00,,0.00,A
2010-01-27,511.70,511.70,511.70,511.70,0.00,,0.00,A
2010-01-28,515.24,515.24,515.24,515.24,0.00,,0.00,A
2010-01-31,512.34,512.34,512.34,512.34,0.00,,0.00,A
2010-02-01,510.10,510.10,510.10,510.10,0.00,,0.00,A
2010-02-02,507.02,507.02,507.02,507.02,0.00,,0.00,A
2010-02-03,503.56,503.56,503.56,503.56,0.00,,0.00,A
2010-02-04,501.18,501.18,501.18,501.18,0.00,,0.00,A
2010-02-07,496.27,496.27,496.27,496.27,0.00,,0.00,A
2010-02-08,489.40,489.40,489.40,489.40,0.00,,0.00,A
2010-02-09,477.67,477.67,477.67,477.67,0.00,,0.00,A
2010-02-10,492.88,492.88,492.88,492.88,0.00,,0.00,A
2010-02-11,497.24,497.24,497.24,497.24,0.00,,0.00,A
2010-02-15,492.62,492.62,492.62,492.62,0.00,,0.00,A
2010-02-16,486.82,486.82,486.82,486.82,0.00,,0.00,A
2010-02-17,485.82,485.82,485.82,485.82,0.00,,0.00,A
2010-02-18,485.14,485.14,485.14,485.14,0.00,,0.00,A
2010-03-01,497.96,497.96,497.96,497.96,0.00,,0.00,A
2010-03-02,502.81,502.81,502.81,502.81,0.00,,0.00,A
2010-03-03,517.00,517.00,517.00,517.00,0.00,,0.00,A
2010-03-04,508.26,508.26,508.26,508.26,0.00,,0.00,A
2010-03-07,504.27,504.27,504.27,504.27,0.00,,0.00,A
2010-03-09,500.71,500.71,500.71,500.71,0.00,,0.00,A
2010-03-10,489.42,489.42,489.42,489.42,0.00,,0.00,A
2010-03-11,486.14,486.14,486.14,486.14,0.00,,0.00,A
2010-03-14,481.19,481.19,481.19,481.19,0.00,,0.00,A
2010-03-16,480.49,480.49,480.49,480.49,0.00,,0.00,A
2010-03-17,478.17,478.17,478.17,478.17,0.00,,0.00,A
2010-03-18,475.61,475.61,475.61,475.61,0.00,,0.00,A
2010-03-22,472.82,472.82,472.82,472.82,0.00,,0.00,A
2010-03-23,468.86,468.86,468.86,468.86,0.00,,0.00,A
2010-03-25,466.09,466.09,466.09,466.09,0.00,,0.00,A
2010-03-28,463.10,463.10,463.10,463.10,0.00,,0.00,A
2010-03-29,454.54,454.54,454.54,454.54,0.00,,0.00,A
2010-03-30,443.97,443.97,443.97,443.97,0.00,,0.00,A
2010-03-31,443.17,443.17,443.17,443.17,0.00,,0.00,A
2010-04-01,452.46,452.46,452.46,452.46,0.00,,0.00,A
2010-04-04,458.13,458.13,458.13,458.13,0.00,,0.00,A
2010-04-05,455.08,455.08,455.08,455.08,0.00,,0.00,A
2010-04-06,449.27,449.27,449.27,449.27,0.00,,0.00,A
2010-04-07,443.89,443.89,443.89,443.89,0.00,,0.00,A
2010-04-08,446.03,446.03,446.03,446.03,0.00,,0.00,A
2010-04-11,443.54,443.54,443.54,443.54,0.00,,0.00,A
2010-04-12,443.66,443.66,443.66,443.66,0.00,,0.00,A
2010-04-13,443.54,443.54,443.54,443.54,0.00,,0.00,A
2010-04-15,449.38,449.38,449.38,449.38,0.00,,0.00,A
2010-04-18,446.05,446.05,446.05,446.05,0.00,,0.00,A
2010-04-19,441.98,441.98,441.98,441.98,0.00,,0.00,A
2010-04-20,438.64,438.64,438.64,438.64,0.00,,0.00,A
2010-04-21,426.42,426.42,426.42,426.42,0.00,,0.00,A
2010-04-22,426.57,426.57,426.57,426.57,0.00,,0.00,A
2010-04-25,423.41,423.41,423.41,423.41,0.00,,0.00,A
2010-04-26,415.47,415.47,415.47,415.47,0.00,,0.00,A
2010-04-27,408.19,408.19,408.19,408.19,0.00,,0.00,A
2010-04-28,405.45,405.45,405.45,405.45,0.00,,0.00,A
2010-04-29,419.03,419.03,419.03,419.03,0.00,,0.00,A
2010-05-09,413.98,413.98,413.98,413.98,0.00,,0.00,A
2010-05-10,418.77,418.77,418.77,418.77,0.00,,0.00,A
2010-05-11,429.59,429.59,429.59,429.59,0.00,,0.00,A
2010-05-12,448.98,448.98,448.98,448.98,0.00,,0.00,A
2010-05-13,456.04,456.04,456.04,456.04,0.00,,0.00,A
2010-05-16,440.49,440.49,440.49,440.49,0.00,,0.00,A
2010-05-17,440.34,440.34,440.34,440.34,0.00,,0.00,A
2010-05-18,448.29,448.29,448.29,448.29,0.00,,0.00,A
2010-05-19,453.84,453.84,453.84,453.84,0.00,,0.00,A
2010-05-20,461.94,461.94,461.94,461.94,0.00,,0.00,A
2010-05-23,462.57,462.57,462.57,462.57,0.00,,0.00,A
2010-05-24,462.63,462.63,462.63,462.63,0.00,,0.00,A
2010-05-25,482.44,482.44,482.44,482.44,0.00,,0.00,A
2010-05-26,478.97,478.97,478.97,478.97,0.00,,0.00,A
2010-05-30,506.35,506.35,506.35,506.35,0.00,,0.00,A
2010-05-31,490.08,490.08,490.08,490.08,0.00,,0.00,A
2010-06-01,479.98,479.98,479.98,479.98,0.00,,0.00,A
2010-06-02,480.48,480.48,480.48,480.48,0.00,,0.00,A
2010-06-03,481.69,481.69,481.69,481.69,0.00,,0.00,A
2010-06-06,478.29,478.29,478.29,478.29,0.00,,0.00,A
2010-06-07,478.49,478.49,478.49,478.49,0.00,,0.00,A
2010-06-08,482.76,482.76,482.76,482.76,0.00,,0.00,A
2010-06-09,486.60,486.60,486.60,486.60,0.00,,0.00,A
2010-06-10,484.78,484.78,484.78,484.78,0.00,,0.00,A
2010-06-13,482.12,482.12,482.12,482.12,0.00,,0.00,A
2010-06-14,476.69,476.69,476.69,476.69,0.00,,0.00,A
2010-06-15,476.00,476.00,476.00,476.00,0.00,,0.00,A
2010-06-16,475.15,475.15,475.15,475.15,0.00,,0.00,A
2010-06-17,474.63,474.63,474.63,474.63,0.00,,0.00,A
2010-06-20,474.99,474.99,474.99,474.99,0.00,,0.00,A
2010-06-21,468.61,468.61,468.61,468.61,0.00,,0.00,A
2010-06-22,470.72,470.72,470.72,470.72,0.00,,0.00,A
2010-06-23,467.60,467.60,467.60,467.60,0.00,,0.00,A
2010-06-24,463.51,463.51,463.51,463.51,0.00,,0.00,A
2010-06-28,459.79,459.79,459.79,459.79,0.00,,0.00,A
2010-06-29,455.69,455.69,455.69,455.69,0.00,,0.00,A
2010-06-30,455.75,455.75,455.75,455.75,0.00,,0.00,A
2010-07-01,470.10,470.10,470.10,470.10,0.00,,0.00,A
2010-07-04,464.69,464.69,464.69,464.69,0.00,,0.00,A
2010-07-05,460.70,460.70,460.70,460.70,0.00,,0.00,A
2010-07-06,463.24,463.24,463.24,463.24,0.00,,0.00,A
2010-07-07,461.87,461.87,461.87,461.87,0.00,,0.00,A
2010-07-08,459.52,459.52,459.52,459.52,0.00,,0.00,A
2010-07-11,457.78,457.78,457.78,457.78,0.00,,0.00,A
2010-07-12,461.62,461.62,461.62,461.62,0.00,,0.00,A
2010-07-13,464.54,464.54,464.54,464.54,0.00,,0.00,A
2010-07-14,467.10,467.10,467.10,467.10,0.00,,0.00,A
2010-07-15,477.73,477.73,477.73,477.73,0.00,,0.00,A
2010-07-18,468.18,468.18,468.18,468.18,0.00,,0.00,A
2010-07-19,466.30,466.30,466.30,466.30,0.00,,0.00,A
2010-07-20,468.86,468.86,468.86,468.86,0.00,,0.00,A
2010-07-21,471.14,471.14,471.14,471.14,0.00,,0.00,A
2010-07-22,469.34,469.34,469.34,469.34,0.00,,0.00,A
2010-07-25,463.96,463.96,463.96,463.96,0.00,,0.00,A
2010-07-26,461.65,461.65,461.65,461.65,0.00,,0.00,A
2010-07-27,460.55,460.55,460.55,460.55,0.00,,0.00,A
2010-07-28,459.79,459.79,459.79,459.79,0.00,,0.00,A
2010-07-29,461.63,461.63,461.63,461.63,0.00,,0.00,A
2010-08-01,462.48,462.48,462.48,462.48,0.00,,0.00,A
2010-08-02,460.20,460.20,460.20,460.20,0.00,,0.00,A
2010-08-03,460.02,460.02,460.02,460.02,0.00,,0.00,A
2010-08-04,460.89,460.89,460.89,460.89,0.00,,0.00,A
2010-08-05,458.86,458.86,458.86,458.86,0.00,,0.00,A
2010-08-08,460.22,460.22,460.22,460.22,0.00,,0.00,A
2010-08-09,457.36,457.36,457.36,457.36,0.00,,0.00,A
2010-08-10,455.71,455.71,455.71,455.71,0.00,,0.00,A
2010-08-11,456.17,456.17,456.17,456.17,0.00,,0.00,A
2010-08-12,454.68,454.68,454.68,454.68,0.00,,0.00,A
2010-08-15,454.24,454.24,454.24,454.24,0.00,,0.00,A
2010-08-16,453.40,453.40,453.40,453.40,0.00,,0.00,A
2010-08-17,447.17,447.17,447.17,447.17,0.00,,0.00,A
2010-08-18,442.74,442.74,442.74,442.74,0.00,,0.00,A
2010-08-19,442.05,442.05,442.05,442.05,0.00,,0.00,A
2010-08-22,431.15,431.15,431.15,431.15,0.00,,0.00,A
2010-08-23,432.39,432.39,432.39,432.39,0.00,,0.00,A
2010-08-26,432.74,432.74,432.74,432.74,0.00,,0.00,A
2010-08-29,429.01,429.01,429.01,429.01,0.00,,0.00,A
2010-08-30,426.74,426.74,426.74,426.74,0.00,,0.00,A
2010-08-31,421.16,421.16,421.16,421.16,0.00,,0.00,A
2010-09-02,420.41,420.41,420.41,420.41,0.00,,0.00,A
2010-09-05,408.64,408.64,408.64,408.64,0.00,,0.00,A
2010-09-06,412.32,412.32,412.32,412.32,0.00,,0.00,A
2010-09-07,416.26,416.26,416.26,416.26,0.00,,0.00,A
2010-09-08,420.25,420.25,420.25,420.25,0.00,,0.00,A
2010-09-09,414.36,414.36,414.36,414.36,0.00,,0.00,A
2010-09-12,413.32,413.32,413.32,413.32,0.00,,0.00,A
2010-09-13,410.65,410.65,410.65,410.65,0.00,,0.00,A
2010-09-14,410.29,410.29,410.29,410.29,0.00,,0.00,A
2010-09-15,407.20,407.20,407.20,407.20,0.00,,0.00,A
2010-09-16,404.08,404.08,404.08,404.08,0.00,,0.00,A
2010-09-19,402.25,402.25,402.25,402.25,0.00,,0.00,A
2010-09-20,400.38,400.38,400.38,400.38,0.00,,0.00,A
2010-09-21,403.95,403.95,403.95,403.95,0.00,,0.00,A
2010-09-23,404.41,404.41,404.41,404.41,0.00,,0.00,A
2010-09-26,405.73,405.73,405.73,405.73,0.00,,0.00,A
2010-09-27,405.45,405.45,405.45,405.45,0.00,,0.00,A
2010-09-28,403.54,403.54,403.54,403.54,0.00,,0.00,A
2010-09-29,402.77,402.77,402.77,402.77,0.00,,0.00,A
2010-09-30,402.54,402.54,402.54,402.54,0.00,,0.00,A
2010-10-03,402.15,402.15,402.15,402.15,0.00,,0.00,A
2010-10-04,403.70,403.70,403.70,403.70,0.00,,0.00,A
2010-10-05,404.49,404.49,404.49,404.49,0.00,,0.00,A
2010-10-06,406.49,406.49,406.49,406.49,0.00,,0.00,A
2010-10-07,411.82,411.82,411.82,411.82,0.00,,0.00,A
2010-10-10,416.86,416.86,416.86,416.86,0.00,,0.00,A
2010-10-11,418.16,418.16,418.16,418.16,0.00,,0.00,A
2010-10-12,420.44,420.44,420.44,420.44,0.00,,0.00,A
2010-10-13,420.30,420.30,420.30,420.30,0.00,,0.00,A
2010-10-20,421.49,421.49,421.49,421.49,0.00,,0.00,A
2010-10-21,420.54,420.54,420.54,420.54,0.00,,0.00,A
2010-10-24,425.57,425.57,425.57,425.57,0.00,,0.00,A
2010-10-25,426.48,426.48,426.48,426.48,0.00,,0.00,A
2010-10-26,425.04,425.04,425.04,425.04,0.00,,0.00,A
2010-10-27,422.47,422.47,422.47,422.47,0.00,,0.00,A
2010-10-28,424.86,424.86,424.86,424.86,0.00,,0.00,A
2010-10-31,423.87,423.87,423.87,423.87,0.00,,0.00,A
2010-11-01,424.90,424.90,424.90,424.90,0.00,,0.00,A
2010-11-02,421.55,421.55,421.55,421.55,0.00,,0.00,A
2010-11-03,423.19,423.19,423.19,423.19,0.00,,0.00,A
2010-11-04,424.96,424.96,424.96,424.96,0.00,,0.00,A
2010-11-09,423.85,423.85,423.85,423.85,0.00,,0.00,A
2010-11-10,423.69,423.69,423.69,423.69,0.00,,0.00,A
2010-11-11,424.90,424.90,424.90,424.90,0.00,,0.00,A
2010-11-14,425.01,425.01,425.01,425.01,0.00,,0.00,A
2010-11-15,423.64,423.64,423.64,423.64,0.00,,0.00,A
2010-11-16,424.17,424.17,424.17,424.17,0.00,,0.00,A
2010-11-18,425.64,425.64,425.64,425.64,0.00,,0.00,A
2010-11-21,423.35,423.35,423.35,423.35,0.00,,0.00,A
2010-11-22,419.81,419.81,419.81,419.81,0.00,,0.00,A
2010-11-23,419.30,419.30,419.30,419.30,0.00,,0.00,A
2010-11-24,419.07,419.07,419.07,419.07,0.00,,0.00,A
2010-11-25,418.35,418.35,418.35,418.35,0.00,,0.00,A
2010-11-28,417.74,417.74,417.74,417.74,0.00,,0.00,A
2010-11-29,415.53,415.53,415.53,415.53,0.00,,0.00,A
2010-11-30,413.65,413.65,413.65,413.65,0.00,,0.00,A
2010-12-01,412.06,412.06,412.06,412.06,0.00,,0.00,A
2010-12-02,408.89,408.89,408.89,408.89,0.00,,0.00,A
2010-12-05,407.86,407.86,407.86,407.86,0.00,,0.00,A
2010-12-06,403.56,403.56,403.56,403.56,0.00,,0.00,A
2010-12-07,401.77,401.77,401.77,401.77,0.00,,0.00,A
2010-12-08,400.78,400.78,400.78,400.78,0.00,,0.00,A
2010-12-09,398.88,398.88,398.88,398.88,0.00,,0.00,A
2010-12-12,395.61,395.61,395.61,395.61,0.00,,0.00,A
2010-12-13,396.30,396.30,396.30,396.30,0.00,,0.00,A
2010-12-14,392.78,392.78,392.78,392.78,0.00,,0.00,A
2010-12-15,394.17,394.17,394.17,394.17,0.00,,0.00,A
2010-12-16,392.04,392.04,392.04,392.04,0.00,,0.00,A
2010-12-19,390.98,390.98,390.98,390.98,0.00,,0.00,A
2010-12-20,391.35,391.35,391.35,391.35,0.00,,0.00,A
2010-12-22,394.84,394.84,394.84,394.84,0.00,,0.00,A
2010-12-23,399.55,399.55,399.55,399.55,0.00,,0.00,A
2010-12-26,406.86,406.86,406.86,406.86,0.00,,0.00,A
2010-12-27,407.72,407.72,407.72,407.72,0.00,,0.00,A
2010-12-28,404.18,404.18,404.18,404.18,0.00,,0.00,A
2010-12-29,404.06,404.06,404.06,404.06,0.00,,0.00,A
2011-01-02,400.62,400.62,400.62,400.62,0.00,,0.00,A
2011-01-03,398.01,398.01,398.01,398.01,0.00,,0.00,A
2011-01-04,399.59,399.59,399.59,399.59,0.00,,0.00,A
2011-01-05,400.76,400.76,400.76,400.76,0.00,,0.00,A
2011-01-06,400.43,400.43,400.43,400.43,0.00,,0.00,A
2011-01-09,398.26,398.26,398.26,398.26,0.00,,0.00,A
2011-01-10,399.47,399.47,399.47,399.47,0.00,,0.00,A
2011-01-11,400.67,400.67,400.67,400.67,0.00,,0.00,A
2011-01-12,400.20,400.20,400.20,400.20,0.00,,0.00,A
2011-01-13,402.75,402.75,402.75,402.75,0.00,,0.00,A
2011-01-16,403.12,403.12,403.12,403.12,0.00,,0.00,A
2011-01-17,403.71,403.71,403.71,403.71,0.00,,0.00,A
2011-01-18,403.46,403.46,403.46,403.46,0.00,,0.00,A
2011-01-19,404.33,404.33,404.33,404.33,0.00,,0.00,A
2011-01-20,406.90,406.90,406.90,406.90,0.00,,0.00,A
2011-01-23,406.34,406.34,406.34,406.34,0.00,,0.00,A
2011-01-24,410.34,410.34,410.34,410.34,0.00,,0.00,A
2011-01-31,410.57,410.57,410.57,410.57,0.00,,0.00,A
2011-02-01,410.48,410.48,410.48,410.48,0.00,,0.00,A
2011-02-02,407.97,407.97,407.97,407.97,0.00,,0.00,A
2011-02-03,406.84,406.84,406.84,406.84,0.00,,0.00,A
2011-02-06,413.76,413.76,413.76,413.76,0.00,,0.00,A
2011-02-07,408.47,408.47,408.47,408.47,0.00,,0.00,A
2011-02-08,406.96,406.96,406.96,406.96,0.00,,0.00,A
2011-02-09,405.44,405.44,405.44,405.44,0.00,,0.00,A
2011-02-10,405.05,405.05,405.05,405.05,0.00,,0.00,A
2011-02-13,404.14,404.14,404.14,404.14,0.00,,0.00,A
2011-02-14,403.71,403.71,403.71,403.71,0.00,,0.00,A
2011-02-15,404.47,404.47,404.47,404.47,0.00,,0.00,A
2011-02-16,405.44,405.44,405.44,405.44,0.00,,0.00,A
2011-02-17,408.19,408.19,408.19,408.19,0.00,,0.00,A
2011-02-20,405.15,405.15,405.15,405.15,0.00,,0.00,A
2011-02-21,404.32,404.32,404.32,404.32,0.00,,0.00,A
2011-02-22,401.20,401.20,401.20,401.20,0.00,,0.00,A
2011-02-23,398.50,398.50,398.50,398.50,0.00,,0.00,A
2011-02-24,397.46,397.46,397.46,397.46,0.00,,0.00,A
2011-02-27,394.19,394.19,394.19,394.19,0.00,,0.00,A
2011-02-28,391.66,391.66,391.66,391.66,0.00,,0.00,A
2011-03-01,391.22,391.22,391.22,391.22,0.00,,0.00,A
2011-03-03,395.43,395.43,395.43,395.43,0.00,,0.00,A
2011-03-07,394.06,394.06,394.06,394.06,0.00,,0.00,A
2011-03-09,392.71,392.71,392.71,392.71,0.00,,0.00,A
2011-03-10,389.81,389.81,389.81,389.81,0.00,,0.00,A
2011-03-13,388.25,388.25,388.25,388.25,0.00,,0.00,A
2011-03-14,384.18,384.18,384.18,384.18,0.00,,0.00,A
2011-03-15,376.75,376.75,376.75,376.75,0.00,,0.00,A
2011-03-16,378.83,378.83,378.83,378.83,0.00,,0.00,A
2011-03-17,377.51,377.51,377.51,377.51,0.00,,0.00,A
2011-03-20,377.60,377.60,377.60,377.60,0.00,,0.00,A
2011-03-21,379.46,379.46,379.46,379.46,0.00,,0.00,A
2011-03-22,379.32,379.32,379.32,379.32,0.00,,0.00,A
2011-03-23,377.63,377.63,377.63,377.63,0.00,,0.00,A
2011-03-24,376.67,376.67,376.67,376.67,0.00,,0.00,A
2011-03-27,372.00,372.00,372.00,372.00,-1.24,,0.00,A
2011-03-28,365.00,365.00,365.00,365.00,-1.96,,0.00,A
2011-03-29,358.00,358.00,358.00,358.00,-1.82,,0.00,A
2011-03-30,359.00,359.00,359.00,359.00,0.30,,0.00,A
2011-03-31,365.00,365.00,365.00,365.00,1.71,,0.00,A
2011-04-04,365.00,365.00,365.00,365.00,-0.07,,0.00,A
2011-04-05,364.00,364.00,364.00,364.00,-0.16,,0.00,A
2011-04-06,364.00,364.00,364.00,364.00,-0.01,,0.00,A
2011-04-07,365.00,365.00,365.00,365.00,0.28,,0.00,A
2011-04-10,367.00,367.00,367.00,367.00,0.32,,0.00,A
2011-04-11,365.00,365.00,365.00,365.00,-0.34,,0.00,A
2011-04-13,373.00,373.00,373.00,373.00,2.15,,0.00,A
2011-04-17,368.00,368.00,368.00,368.00,-1.52,,0.00,A
2011-04-18,365.00,365.00,365.00,365.00,-0.57,,0.00,A
2011-04-19,364.00,364.00,364.00,364.00,-0.32,,0.00,A
2011-04-20,361.00,361.00,361.00,361.00,-0.87,,0.00,A
2011-04-21,358.00,358.00,358.00,358.00,-0.73,,0.00,A
2011-04-25,357.00,357.00,357.00,357.00,-0.44,,0.00,A
2011-04-26,356.00,356.00,356.00,356.00,-0.19,,0.00,A
2011-04-27,350.00,350.00,350.00,350.00,-1.70,,0.00,A
2011-04-28,348.00,348.00,348.00,348.00,-0.70,,0.00,A
2011-05-02,345.00,345.00,345.00,345.00,-0.90,,0.00,A
2011-05-03,340.00,340.00,340.00,340.00,-1.46,,0.00,A
2011-05-04,339.00,339.00,339.00,339.00,-0.21,,0.00,A
2011-05-05,340.00,340.00,340.00,340.00,0.20,,0.00,A
2011-05-08,341.00,341.00,341.00,341.00,0.33,,0.00,A
2011-05-09,341.00,341.00,341.00,341.00,0.05,,0.00,A
2011-05-10,344.00,344.00,344.00,344.00,0.95,,0.00,A
2011-05-11,345.00,345.00,345.00,345.00,0.17,,0.00,A
2011-05-12,346.00,346.00,346.00,346.00,0.52,,0.00,A
2011-05-15,349.00,349.00,349.00,349.00,0.80,,0.00,A
2011-05-16,351.00,351.00,351.00,351.00,0.40,,0.00,A
2011-05-18,347.00,347.00,347.00,347.00,-1.06,,0.00,A
2011-05-19,345.00,345.00,345.00,345.00,-0.60,,0.00,A
2011-05-22,344.00,344.00,344.00,344.00,-0.37,,0.00,A
2011-05-23,342.00,342.00,342.00,342.00,-0.43,,0.00,A
2011-05-24,342.00,342.00,342.00,342.00,-0.15,,0.00,A
2011-05-25,342.00,342.00,342.00,342.00,0.03,,0.00,A
2011-05-26,345.00,345.00,345.00,345.00,0.83,,0.00,A
2011-05-30,343.00,343.00,343.00,343.00,-0.51,,0.00,A
2011-05-31,337.00,337.00,337.00,337.00,-1.76,,0.00,A
2011-06-01,336.00,336.00,336.00,336.00,-0.31,,0.00,A
2011-06-02,334.00,334.00,334.00,334.00,-0.58,,0.00,A
2011-06-05,328.00,328.00,328.00,328.00,-1.78,,0.00,A
2011-06-06,323.00,323.00,323.00,323.00,-1.41,,0.00,A
2011-06-07,317.00,317.00,317.00,317.00,-1.76,,0.00,A
2011-06-08,311.00,311.00,311.00,311.00,-1.96,,0.00,A
2011-06-09,309.00,309.00,309.00,309.00,-0.76,,0.00,A
2011-06-12,304.00,304.00,304.00,304.00,-1.54,,0.00,A
2011-06-13,302.00,302.00,302.00,302.00,-0.79,,0.00,A
2011-06-14,298.00,298.00,298.00,298.00,-1.36,,0.00,A
2011-06-15,292.00,292.00,292.00,292.00,-1.78,,0.00,A
2011-06-16,304.00,304.00,304.00,304.00,3.84,,0.00,A
2011-06-19,319.00,319.00,319.00,319.00,5.09,,0.00,A
2011-06-20,331.00,331.00,331.00,331.00,3.69,,0.00,A
2011-06-21,344.00,344.00,344.00,344.00,4.07,,0.00,A
2011-06-23,364.00,364.00,364.00,364.00,5.86,,0.00,A
2011-06-26,347.00,347.00,347.00,347.00,-4.84,,0.00,A
2011-06-27,330.00,330.00,330.00,330.00,-4.98,,0.00,A
2011-06-29,333.00,333.00,333.00,333.00,1.04,,0.00,A
2011-06-30,337.00,337.00,337.00,337.00,1.13,,0.00,A
2011-07-03,333.00,333.00,333.00,333.00,-1.02,,0.00,A
2011-07-04,334.00,334.00,334.00,334.00,0.21,,0.00,A
2011-07-05,341.00,341.00,341.00,341.00,2.06,,0.00,A
2011-07-06,345.00,345.00,345.00,345.00,1.18,,0.00,A
2011-07-07,341.00,341.00,341.00,341.00,-1.02,,0.00,A
2011-07-10,346.00,346.00,346.00,346.00,1.48,,0.00,A
2011-07-11,346.00,346.00,346.00,346.00,0.01,,0.00,A
2011-07-12,352.00,352.00,352.00,352.00,1.79,,0.00,A
2011-07-13,356.00,356.00,356.00,356.00,1.20,,0.00,A
2011-07-14,363.00,363.00,363.00,363.00,1.70,,0.00,A
2011-07-17,378.00,378.00,378.00,378.00,5.34,,0.00,A
2011-07-18,370.00,370.00,370.00,370.00,-2.18,,0.00,A
2011-07-19,374.00,374.00,374.00,374.00,1.08,,0.00,A
2011-07-20,380.00,380.00,380.00,380.00,1.63,,0.00,A
2011-07-21,377.00,377.00,377.00,377.00,-0.96,,0.00,A
2011-07-24,365.00,365.00,365.00,365.00,-2.96,,0.00,A
2011-07-25,360.00,360.00,360.00,360.00,-1.44,,0.00,A
2011-07-26,357.00,357.00,357.00,357.00,-0.78,,0.00,A
2011-07-27,364.00,364.00,364.00,364.00,1.82,,0.00,A
2011-07-28,361.00,361.00,361.00,361.00,-0.67,,0.00,A
2011-07-31,359.00,359.00,359.00,359.00,-1.19,,0.00,A
2011-08-01,358.00,358.00,358.00,358.00,-0.32,,0.00,A
2011-08-02,358.00,358.00,358.00,358.00,-0.02,,0.00,A
2011-08-03,356.00,356.00,356.00,356.00,-0.48,,0.00,A
2011-08-04,358.00,358.00,358.00,358.00,0.49,,0.00,A
2011-08-07,354.00,354.00,354.00,354.00,-1.09,,0.00,A
2011-08-08,352.00,352.00,352.00,352.00,-0.44,,0.00,A
2011-08-09,346.00,346.00,346.00,346.00,-1.81,,0.00,A
2011-08-10,352.00,352.00,352.00,352.00,1.79,,0.00,A
2011-08-11,353.00,353.00,353.00,353.00,0.19,,0.00,A
2011-08-15,353.00,353.00,353.00,353.00,0.19,,0.00,A
2011-08-16,354.00,354.00,354.00,354.00,0.07,,0.00,A
2011-08-17,351.00,351.00,351.00,351.00,-0.76,,0.00,A
2011-08-18,353.00,353.00,353.00,353.00,0.44,,0.00,A
2011-08-22,350.00,350.00,350.00,350.00,-0.76,,0.00,A
2011-08-23,350.00,350.00,350.00,350.00,-0.05,,0.00,A
2011-08-24,349.00,349.00,349.00,349.00,-0.17,,0.00,A
2011-08-25,347.00,347.00,347.00,347.00,-0.57,,0.00,A
2011-08-28,337.00,337.00,337.00,337.00,-2.82,,0.00,A
2011-08-29,338.00,338.00,338.00,338.00,0.25,,0.00,A
2011-08-30,340.00,340.00,340.00,340.00,0.57,,0.00,A
2011-09-01,342.00,342.00,342.00,342.00,0.53,,0.00,A
2011-09-04,339.00,339.00,339.00,339.00,-0.74,,0.00,A
2011-09-05,336.00,336.00,336.00,336.00,-0.84,,0.00,A
2011-09-06,332.00,332.00,332.00,332.00,-1.31,,0.00,A
2011-09-07,331.00,331.00,331.00,331.00,-0.15,,0.00,A
2011-09-08,330.00,330.00,330.00,330.00,-0.51,,0.00,A
2011-09-12,327.00,327.00,327.00,327.00,-0.79,,0.00,A
2011-09-13,326.00,326.00,326.00,326.00,-0.39,,0.00,A
2011-09-14,319.00,319.00,319.00,319.00,-1.97,,0.00,A
2011-09-15,321.00,321.00,321.00,321.00,0.57,,0.00,A
2011-09-18,319.00,319.00,319.00,319.00,-0.82,,0.00,A
2011-09-19,317.00,317.00,317.00,317.00,-0.37,,0.00,A
2011-09-20,320.00,320.00,320.00,320.00,0.85,,0.00,A
2011-09-21,323.00,323.00,323.00,323.00,0.91,,0.00,A
2011-09-22,328.00,328.00,328.00,328.00,1.41,,0.00,A
2011-09-25,332.00,332.00,332.00,332.00,1.23,,0.00,A
2011-09-26,331.00,331.00,331.00,331.00,-0.15,,0.00,A
2011-09-27,331.00,331.00,331.00,331.00,0.10,,0.00,A
2011-09-29,331.00,331.00,331.00,331.00,0.01,,0.00,A
2011-10-02,331.00,331.00,331.00,331.00,-0.01,,0.00,A
2011-10-09,331.00,331.00,331.00,331.00,-0.09,,0.00,A
2011-10-10,333.00,333.00,333.00,333.00,0.67,,0.00,A
2011-10-12,334.00,334.00,334.00,334.00,0.36,,0.00,A
2011-10-13,333.00,333.00,333.00,333.00,-0.30,,0.00,A
2011-10-16,332.00,332.00,332.00,332.00,-0.56,,0.00,A
2011-10-17,331.00,331.00,331.00,331.00,-0.18,,0.00,A
2011-10-18,330.00,330.00,330.00,330.00,-0.32,,0.00,A
2011-10-19,330.00,330.00,330.00,330.00,-0.09,,0.00,A
2011-10-20,328.00,328.00,328.00,328.00,-0.45,,0.00,A
2011-10-23,326.00,326.00,326.00,326.00,-0.54,,0.00,A
2011-10-24,327.00,327.00,327.00,327.00,0.11,,0.00,A
2011-10-25,328.00,328.00,328.00,328.00,0.37,,0.00,A
2011-10-30,328.00,328.00,328.00,328.00,-0.09,,0.00,A
2011-10-31,330.00,330.00,330.00,330.00,0.77,,0.00,A
2011-11-02,347.00,347.00,347.00,347.00,5.03,,0.00,A
2011-11-03,344.00,344.00,344.00,344.00,-0.95,,0.00,A
2011-11-06,338.00,338.00,338.00,338.00,-1.64,,0.00,A
2011-11-08,335.00,335.00,335.00,335.00,-0.93,,0.00,A
2011-11-09,332.00,332.00,332.00,332.00,-0.70,,0.00,A
2011-11-10,332.00,332.00,332.00,332.00,-0.19,,0.00,A
2011-11-13,331.00,331.00,331.00,331.00,-0.38,,0.00,A
2011-11-14,331.00,331.00,331.00,331.00,0.04,,0.00,A
2011-11-15,327.00,327.00,327.00,327.00,-1.12,,0.00,A
2011-11-16,326.00,326.00,326.00,326.00,-0.41,,0.00,A
2011-11-17,329.00,329.00,329.00,329.00,1.16,,0.00,A
2011-11-20,328.00,328.00,328.00,328.00,-0.35,,0.00,A
2011-11-21,329.00,329.00,329.00,329.00,0.09,,0.00,A
2011-11-22,327.00,327.00,327.00,327.00,-0.34,,0.00,A
2011-11-23,325.00,325.00,325.00,325.00,-0.62,,0.00,A
2011-11-24,325.00,325.00,325.00,325.00,-0.24,,0.00,A
2011-11-27,325.00,325.00,325.00,325.00,0.03,,0.00,A
2011-11-28,323.00,323.00,323.00,323.00,-0.41,,0.00,A
2011-12-01,323.00,323.00,323.00,323.00,-0.35,,0.00,A
2011-12-04,322.00,322.00,322.00,322.00,-0.14,,0.00,A
2011-12-05,321.00,321.00,321.00,321.00,-0.27,,0.00,A
2011-12-06,321.00,321.00,321.00,321.00,-0.10,,0.00,A
2011-12-07,321.00,321.00,321.00,321.00,-0.18,,0.00,A
2011-12-08,320.00,320.00,320.00,320.00,-0.11,,0.00,A
2011-12-11,318.00,318.00,318.00,318.00,-0.80,,0.00,A
2011-12-12,315.00,315.00,315.00,315.00,-0.93,,0.00,A
2011-12-13,314.00,314.00,314.00,314.00,-0.32,,0.00,A
2011-12-14,317.00,317.00,317.00,317.00,1.17,,0.00,A
2011-12-15,316.00,316.00,316.00,316.00,-0.36,,0.00,A
2011-12-18,314.00,314.00,314.00,314.00,-0.82,,0.00,A
2011-12-19,313.00,313.00,313.00,313.00,-0.07,,0.00,A
2011-12-20,314.00,314.00,314.00,314.00,0.07,,0.00,A
2011-12-21,313.00,313.00,313.00,313.00,-0.19,,0.00,A
2011-12-22,313.00,313.00,313.00,313.00,-0.05,,0.00,A
2011-12-26,312.00,312.00,312.00,312.00,-0.14,,0.00,A
2011-12-27,314.00,314.00,314.00,314.00,0.46,,0.00,A
2011-12-28,314.00,314.00,314.00,314.00,0.08,,0.00,A
2011-12-29,316.00,316.00,316.00,316.00,0.58,,0.00,A
2012-01-01,319.00,319.00,319.00,319.00,0.87,,0.00,A
2012-01-02,324.00,324.00,324.00,324.00,1.77,,0.00,A
2012-01-03,324.00,324.00,324.00,324.00,-0.07,,0.00,A
2012-01-04,319.00,319.00,319.00,319.00,-1.59,,0.00,A
2012-01-05,320.00,320.00,320.00,320.00,0.18,,0.00,A
2012-01-08,317.00,317.00,317.00,317.00,-0.79,,0.00,A
2012-01-09,318.00,318.00,318.00,318.00,0.15,,0.00,A
2012-01-10,320.00,320.00,320.00,320.00,0.65,,0.00,A
2012-01-11,321.00,321.00,321.00,321.00,0.56,,0.00,A
2012-01-12,324.00,324.00,324.00,324.00,0.68,,0.00,A
2012-01-16,322.00,322.00,322.00,322.00,-0.44,,0.00,A
2012-01-17,322.00,322.00,322.00,322.00,-0.01,,0.00,A
2012-01-18,320.00,320.00,320.00,320.00,-0.69,,0.00,A
2012-01-19,321.00,321.00,321.00,321.00,0.19,,0.00,A
2012-01-22,320.00,320.00,320.00,320.00,-0.11,,0.00,A
2012-01-23,318.00,318.00,318.00,318.00,-0.73,,0.00,A
2012-01-25,318.00,318.00,318.00,318.00,-0.08,,0.00,A
2012-01-26,317.00,317.00,317.00,317.00,-0.29,,0.00,A
2012-01-29,317.00,317.00,317.00,317.00,-0.05,,0.00,A
2012-01-31,316.00,316.00,316.00,316.00,-0.17,,0.00,A
2012-02-01,317.00,317.00,317.00,317.00,0.26,,0.00,A
2012-02-02,316.00,316.00,316.00,316.00,-0.10,,0.00,A
2012-02-05,315.00,315.00,315.00,315.00,-0.55,,0.00,A
2012-02-06,314.00,314.00,314.00,314.00,-0.24,,0.00,A
2012-02-07,313.00,313.00,313.00,313.00,-0.28,,0.00,A
2012-02-08,312.00,312.00,312.00,312.00,-0.20,,0.00,A
2012-02-09,312.00,312.00,312.00,312.00,-0.11,,0.00,A
2012-02-12,312.00,312.00,312.00,312.00,-0.07,,0.00,A
2012-02-13,313.00,313.00,313.00,313.00,0.30,,0.00,A
2012-02-14,312.00,312.00,312.00,312.00,-0.30,,0.00,A
2012-02-15,312.00,312.00,312.00,312.00,-0.03,,0.00,A
2012-02-17,312.00,312.00,312.00,312.00,0.12,,0.00,A
2012-02-21,312.00,312.00,312.00,312.00,-0.08,,0.00,A
2012-02-23,313.00,313.00,313.00,313.00,0.23,,0.00,A
2012-02-26,312.00,312.00,312.00,312.00,-0.04,,0.00,A
2012-02-27,312.00,312.00,312.00,312.00,-0.04,,0.00,A
2012-02-28,315.00,315.00,315.00,315.00,0.76,,0.00,A
2012-02-29,315.00,315.00,315.00,315.00,0.14,,0.00,A
2012-03-01,317.00,317.00,317.00,317.00,0.71,,0.00,A
2012-03-04,316.00,316.00,316.00,316.00,-0.51,,0.00,A
2012-03-05,316.00,316.00,316.00,316.00,0.22,,0.00,A
2012-03-06,316.00,316.00,316.00,316.00,-0.18,,0.00,A
2012-03-11,315.00,315.00,315.00,315.00,-0.14,,0.00,A
2012-03-12,314.00,314.00,314.00,314.00,-0.50,,0.00,A
2012-03-13,314.00,314.00,314.00,314.00,0.03,,0.00,A
2012-03-14,313.00,313.00,313.00,313.00,-0.28,,0.00,A
2012-03-15,311.00,311.00,311.00,311.00,-0.72,,0.00,A
2012-03-18,303.00,303.00,303.00,303.00,-2.44,,0.00,A
2012-03-19,303.00,303.00,303.00,303.00,-0.13,,0.00,A
2012-03-20,302.00,302.00,302.00,302.00,-0.39,,0.00,A
2012-03-21,304.00,304.00,304.00,304.00,0.69,,0.00,A
2012-03-25,303.00,303.00,303.00,303.00,-0.34,,0.00,A
2012-03-26,301.00,301.00,301.00,301.00,-0.62,,0.00,A
2012-03-27,300.00,300.00,300.00,300.00,-0.10,,0.00,A
2012-03-28,300.00,300.00,300.00,300.00,-0.11,,0.00,A
2012-03-29,299.00,299.00,299.00,299.00,-0.41,,0.00,A
2012-04-01,299.00,299.00,299.00,299.00,0.15,,0.00,A
2012-04-02,301.00,301.00,301.00,301.00,0.66,,0.00,A
2012-04-03,302.00,302.00,302.00,302.00,0.13,,0.00,A
2012-04-04,302.00,302.00,302.00,302.00,0.06,,0.00,A
2012-04-05,302.00,302.00,302.00,302.00,0.19,,0.00,A
2012-04-08,303.00,303.00,303.00,303.00,0.15,,0.00,A
2012-04-09,304.00,304.00,304.00,304.00,0.26,,0.00,A
2012-04-10,306.00,306.00,306.00,306.00,0.76,,0.00,A
2012-04-11,309.00,309.00,309.00,309.00,1.04,,0.00,A
2012-04-12,320.00,320.00,320.00,320.00,3.48,,0.00,A
2012-04-15,337.00,337.00,337.00,337.00,5.44,,0.00,A
2012-04-16,355.00,355.00,355.00,355.00,5.09,,0.00,A
2012-04-17,336.00,336.00,336.00,336.00,-5.13,,0.00,A
2012-04-18,348.00,348.00,348.00,348.00,3.45,,0.00,A
2012-04-19,355.00,355.00,355.00,355.00,1.97,,0.00,A
2012-04-22,369.00,369.00,369.00,369.00,4.04,,0.00,A
2012-04-24,388.00,388.00,388.00,388.00,5.22,,0.00,A
2012-04-25,409.00,409.00,409.00,409.00,5.43,,0.00,A
2012-04-26,425.00,425.00,425.00,425.00,3.92,,0.00,A
2012-04-29,423.00,423.00,423.00,423.00,-0.58,,0.00,A
2012-04-30,405.00,405.00,405.00,405.00,-4.32,,0.00,A
2012-05-02,384.00,384.00,384.00,384.00,-5.03,,0.00,A
2012-05-03,404.00,404.00,404.00,404.00,5.16,,0.00,A
2012-05-07,428.00,428.00,428.00,428.00,5.98,,0.00,A
2012-05-08,433.00,433.00,433.00,433.00,1.02,,0.00,A
2012-05-09,420.00,420.00,420.00,420.00,-3.01,,0.00,A
2012-05-10,411.00,411.00,411.00,411.00,-2.00,,0.00,A
2012-05-13,391.00,391.00,391.00,391.00,-5.05,,0.00,A
2012-05-14,373.00,373.00,373.00,373.00,-4.46,,0.00,A
2012-05-15,392.00,392.00,392.00,392.00,5.01,,0.00,A
2012-05-16,412.00,412.00,412.00,412.00,5.18,,0.00,A
2012-05-17,416.00,416.00,416.00,416.00,1.01,,0.00,A
2012-05-20,409.00,409.00,409.00,409.00,-1.87,,0.00,A
2012-05-21,414.00,414.00,414.00,414.00,1.36,,0.00,A
2012-05-22,406.00,406.00,406.00,406.00,-1.95,,0.00,A
2012-05-23,386.00,386.00,386.00,386.00,-5.03,,0.00,A
2012-05-24,399.00,399.00,399.00,399.00,3.35,,0.00,A
2012-05-27,413.00,413.00,413.00,413.00,3.58,,0.00,A
2012-05-29,392.00,392.00,392.00,392.00,-5.08,,0.00,A
2012-05-30,373.00,373.00,373.00,373.00,-4.77,,0.00,A
2012-05-31,374.00,374.00,374.00,374.00,0.09,,0.00,A
2012-06-03,391.00,391.00,391.00,391.00,4.67,,0.00,A
2012-06-04,382.00,382.00,382.00,382.00,-2.40,,0.00,A
2012-06-05,373.00,373.00,373.00,373.00,-2.24,,0.00,A
2012-06-06,366.00,366.00,366.00,366.00,-2.01,,0.00,A
2012-06-07,370.00,370.00,370.00,370.00,1.16,,0.00,A
2012-06-10,364.00,364.00,364.00,364.00,-1.69,,0.00,A
2012-06-11,366.00,366.00,366.00,366.00,0.77,,0.00,A
2012-06-12,368.00,368.00,368.00,368.00,0.44,,0.00,A
2012-06-13,366.00,366.00,366.00,366.00,-0.47,,0.00,A
2012-06-14,365.00,365.00,365.00,365.00,-0.42,,0.00,A
2012-06-17,361.00,361.00,361.00,361.00,-1.01,,0.00,A
2012-06-18,363.00,363.00,363.00,363.00,0.46,,0.00,A
2012-06-19,362.00,362.00,362.00,362.00,-0.31,,0.00,A
2012-06-20,364.00,364.00,364.00,364.00,0.56,,0.00,A
2012-06-21,365.00,365.00,365.00,365.00,0.44,,0.00,A
2012-06-25,375.00,375.00,375.00,375.00,2.81,,0.00,A
2012-06-26,368.00,368.00,368.00,368.00,-1.84,,0.00,A
2012-06-27,374.00,374.00,374.00,374.00,1.43,,0.00,A
2012-06-28,377.00,377.00,377.00,377.00,1.00,,0.00,A
2012-07-01,375.00,375.00,375.00,375.00,-0.78,,0.00,A
2012-07-02,373.00,373.00,373.00,373.00,-0.43,,0.00,A
2012-07-03,374.00,374.00,374.00,374.00,0.36,,0.00,A
2012-07-04,377.00,377.00,377.00,377.00,0.78,,0.00,A
2012-07-05,377.00,377.00,377.00,377.00,0.05,,0.00,A
2012-07-08,378.00,378.00,378.00,378.00,0.09,,0.00,A
2012-07-09,380.00,380.00,380.00,380.00,0.63,,0.00,A
2012-07-10,385.00,385.00,385.00,385.00,1.36,,0.00,A
2012-07-11,384.00,384.00,384.00,384.00,-0.32,,0.00,A
2012-07-12,383.00,383.00,383.00,383.00,-0.16,,0.00,A
2012-07-15,390.00,390.00,390.00,390.00,1.63,,0.00,A
2012-07-16,385.00,385.00,385.00,385.00,-1.23,,0.00,A
2012-07-17,386.00,386.00,386.00,386.00,0.29,,0.00,A
2012-07-18,392.00,392.00,392.00,392.00,1.55,,0.00,A
2012-07-19,395.00,395.00,395.00,395.00,0.87,,0.00,A
2012-07-22,405.00,405.00,405.00,405.00,2.35,,0.00,A
2012-07-23,408.00,408.00,408.00,408.00,0.90,,0.00,A
2012-07-24,406.00,406.00,406.00,406.00,-0.51,,0.00,A
2012-07-25,405.00,405.00,405.00,405.00,-0.31,,0.00,A
2012-07-26,402.00,402.00,402.00,402.00,-0.86,,0.00,A
2012-07-29,396.00,396.00,396.00,396.00,-1.38,,0.00,A
2012-07-30,401.00,401.00,401.00,401.00,1.15,,0.00,A
2012-07-31,401.00,401.00,401.00,401.00,0.09,,0.00,A
2012-08-01,402.00,402.00,402.00,402.00,0.30,,0.00,A
2012-08-05,403.00,403.00,403.00,403.00,0.18,,0.00,A
2012-08-06,403.00,403.00,403.00,403.00,0.05,,0.00,A
2012-08-07,404.00,404.00,404.00,404.00,0.24,,0.00,A
2012-08-08,402.00,402.00,402.00,402.00,-0.41,,0.00,A
2012-08-12,399.00,399.00,399.00,399.00,-0.81,,0.00,A
2012-08-13,400.00,400.00,400.00,400.00,0.14,,0.00,A
2012-08-14,397.00,397.00,397.00,397.00,-0.65,,0.00,A
2012-08-15,392.00,392.00,392.00,392.00,-1.30,,0.00,A
2012-08-16,398.00,398.00,398.00,398.00,1.59,,0.00,A
2012-08-19,396.00,396.00,396.00,396.00,-0.65,,0.00,A
2012-08-21,396.00,396.00,396.00,396.00,0.15,,0.00,A
2012-08-22,397.00,397.00,397.00,397.00,0.15,,0.00,A
2012-08-23,398.00,398.00,398.00,398.00,0.18,,0.00,A
2012-08-26,397.00,397.00,397.00,397.00,-0.09,,0.00,A
2012-08-27,406.00,406.00,406.00,406.00,2.17,,0.00,A
2012-08-28,406.00,406.00,406.00,406.00,0.09,,0.00,A
2012-08-29,407.00,407.00,407.00,407.00,0.22,,0.00,A
2012-08-30,406.00,406.00,406.00,406.00,-0.30,,0.00,A
2012-09-02,412.00,412.00,412.00,412.00,1.49,,0.00,A
2012-09-03,412.00,412.00,412.00,412.00,-0.01,,0.00,A
2012-09-04,409.00,409.00,409.00,409.00,-0.67,,0.00,A
2012-09-05,407.00,407.00,407.00,407.00,-0.42,,0.00,A
2012-09-06,408.00,408.00,408.00,408.00,0.26,,0.00,A
2012-09-09,408.00,408.00,408.00,408.00,-0.13,,0.00,A
2012-09-10,408.00,408.00,408.00,408.00,-0.06,,0.00,A
2012-09-11,412.00,412.00,412.00,412.00,1.18,,0.00,A
2012-09-12,414.00,414.00,414.00,414.00,0.45,,0.00,A
2012-09-13,419.00,419.00,419.00,419.00,1.09,,0.00,A
2012-09-16,421.00,421.00,421.00,421.00,0.46,,0.00,A
2012-09-17,422.00,422.00,422.00,422.00,0.34,,0.00,A
2012-09-18,425.00,425.00,425.00,425.00,0.76,,0.00,A
2012-09-19,422.00,422.00,422.00,422.00,-0.86,,0.00,A
2012-09-20,420.00,420.00,420.00,420.00,-0.32,,0.00,A
2012-09-23,415.00,415.00,415.00,415.00,-1.27,,0.00,A
2012-09-24,415.00,415.00,415.00,415.00,-0.15,,0.00,A
2012-09-25,414.00,414.00,414.00,414.00,-0.11,,0.00,A
2012-09-26,414.00,414.00,414.00,414.00,-0.10,,0.00,A
2012-09-30,415.00,415.00,415.00,415.00,-0.17,,0.00,A
2012-10-01,417.00,417.00,417.00,417.00,0.45,,0.00,A
2012-10-02,417.00,417.00,417.00,417.00,0.12,,0.00,A
2012-10-03,417.00,417.00,417.00,417.00,-0.02,,0.00,A
2012-10-04,424.00,424.00,424.00,424.00,1.49,,0.00,A
2012-10-07,428.00,428.00,428.00,428.00,1.03,,0.00,A
2012-10-08,427.00,427.00,427.00,427.00,-0.31,,0.00,A
2012-10-09,426.00,426.00,426.00,426.00,-0.10,,0.00,A
2012-10-10,425.00,425.00,425.00,425.00,-0.33,,0.00,A
2012-10-11,424.00,424.00,424.00,424.00,-0.08,,0.00,A
2012-10-14,427.00,427.00,427.00,427.00,0.52,,0.00,A
2012-10-15,427.00,427.00,427.00,427.00,0.16,,0.00,A
2012-10-17,433.00,433.00,433.00,433.00,1.37,,0.00,A
2012-10-18,437.00,437.00,437.00,437.00,0.81,,0.00,A
2012-10-30,448.00,448.00,448.00,448.00,2.55,,0.00,A
2012-10-31,451.00,451.00,451.00,451.00,0.80,,0.00,A
2012-11-01,448.00,448.00,448.00,448.00,-0.76,,0.00,A
2012-11-04,452.00,452.00,452.00,452.00,0.92,,0.00,A
2012-11-05,458.00,458.00,458.00,458.00,1.35,,0.00,A
2012-11-06,463.00,463.00,463.00,463.00,1.13,,0.00,A
2012-11-07,475.00,475.00,475.00,475.00,2.55,,0.00,A
2012-11-08,483.00,483.00,483.00,483.00,1.55,,0.00,A
2012-11-11,475.00,475.00,475.00,475.00,-1.45,,0.00,A
2012-11-12,481.00,481.00,481.00,481.00,1.13,,0.00,A
2012-11-18,493.00,493.00,493.00,493.00,2.49,,0.00,A
2012-11-20,502.00,502.00,502.00,502.00,1.77,,0.00,A
2012-11-21,499.00,499.00,499.00,499.00,-0.44,,0.00,A
2012-11-22,497.00,497.00,497.00,497.00,-0.45,,0.00,A
2012-11-25,497.00,497.00,497.00,497.00,0.06,,0.00,A
2012-11-26,495.00,495.00,495.00,495.00,-0.51,,0.00,A
2012-11-27,493.00,493.00,493.00,493.00,-0.34,,0.00,A
2012-11-28,493.00,493.00,493.00,493.00,-0.07,,0.00,A
2012-11-29,489.00,489.00,489.00,489.00,-0.78,,0.00,A
2012-12-02,484.00,484.00,484.00,484.00,-1.05,,0.00,A
2012-12-03,482.00,482.00,482.00,482.00,-0.39,,0.00,A
2012-12-04,490.00,490.00,490.00,490.00,1.75,,0.00,A
2012-12-05,500.00,500.00,500.00,500.00,1.91,,0.00,A
2012-12-06,498.00,498.00,498.00,498.00,-0.42,,0.00,A
2012-12-09,488.00,488.00,488.00,488.00,-1.94,,0.00,A
2012-12-10,488.00,488.00,488.00,488.00,-0.07,,0.00,A
2012-12-11,489.00,489.00,489.00,489.00,0.23,,0.00,A
2012-12-12,493.00,493.00,493.00,493.00,0.83,,0.00,A
2012-12-13,497.00,497.00,497.00,497.00,0.80,,0.00,A
2012-12-16,509.00,509.00,509.00,509.00,2.43,,0.00,A
2012-12-17,513.00,513.00,513.00,513.00,0.84,,0.00,A
2012-12-18,510.00,510.00,510.00,510.00,-0.60,,0.00,A
2012-12-19,514.00,514.00,514.00,514.00,0.71,,0.00,A
2012-12-20,518.00,518.00,518.00,518.00,0.78,,0.00,A
2012-12-23,520.00,520.00,520.00,520.00,0.34,,0.00,A
2012-12-24,526.00,526.00,526.00,526.00,1.16,,0.00,A
2012-12-26,537.00,537.00,537.00,537.00,2.06,,0.00,A
2012-12-27,541.00,541.00,541.00,541.00,0.86,,0.00,A
2012-12-31,534.00,534.00,534.00,534.00,-1.29,,0.00,A
2013-01-01,531.00,531.00,531.00,531.00,-0.63,,0.00,A
2013-01-02,532.00,532.00,532.00,532.00,0.21,,0.00,A
2013-01-03,534.00,534.00,534.00,534.00,0.32,,0.00,A
2013-01-06,532.00,532.00,532.00,532.00,-0.34,,0.00,A
2013-01-07,529.00,529.00,529.00,529.00,-0.47,,0.00,A
2013-01-08,529.00,529.00,529.00,529.00,-0.08,,0.00,A
2013-01-09,525.00,525.00,525.00,525.00,-0.64,,0.00,A
2013-01-10,529.00,529.00,529.00,529.00,0.66,,0.00,A
2013-01-13,530.00,530.00,530.00,530.00,0.17,,0.00,A
2013-01-15,530.00,530.00,530.00,530.00,0.08,,0.00,A
2013-01-16,528.00,528.00,528.00,528.00,-0.40,,0.00,A
2013-01-17,521.00,521.00,521.00,521.00,-1.37,,0.00,A
2013-01-20,508.00,508.00,508.00,508.00,-2.41,,0.00,A
2013-01-21,518.00,518.00,518.00,518.00,1.95,,0.00,A
2013-01-22,523.00,523.00,523.00,523.00,0.84,,0.00,A
2013-01-23,517.00,517.00,517.00,517.00,-1.04,,0.00,A
2013-01-24,514.00,514.00,514.00,514.00,-0.56,,0.00,A
2013-01-27,514.00,514.00,514.00,514.00,0.04,,0.00,A
2013-01-28,514.00,514.00,514.00,514.00,0.00,,0.00,A
2013-01-30,512.00,512.00,512.00,512.00,-0.50,,0.00,A
2013-01-31,511.00,511.00,511.00,511.00,-0.20,,0.00,A
2013-02-03,516.00,516.00,516.00,516.00,1.00,,0.00,A
2013-02-04,517.00,517.00,517.00,517.00,0.10,,0.00,A
2013-02-05,515.00,515.00,515.00,515.00,-0.22,,0.00,A
2013-02-06,513.00,513.00,513.00,513.00,-0.42,,0.00,A
2013-02-07,513.00,513.00,513.00,513.00,-0.11,,0.00,A
2013-02-10,515.00,515.00,515.00,515.00,0.22,,0.00,A
2013-02-12,533.00,533.00,533.00,533.00,3.53,,0.00,A
2013-02-13,527.00,527.00,527.00,527.00,-1.11,,0.00,A
2013-02-14,530.00,530.00,530.00,530.00,0.61,,0.00,A
2013-02-17,556.00,556.00,556.00,556.00,4.85,,0.00,A
2013-02-19,549.00,549.00,549.00,549.00,-1.26,,0.00,A
2013-02-20,539.00,539.00,539.00,539.00,-1.76,,0.00,A
2013-02-21,544.00,544.00,544.00,544.00,0.89,,0.00,A
2013-02-24,539.00,539.00,539.00,539.00,-1.03,,0.00,A
2013-02-25,544.00,544.00,544.00,544.00,1.06,,0.00,A
2013-02-26,546.00,546.00,546.00,546.00,0.24,,0.00,A
2013-02-27,540.00,540.00,540.00,540.00,-0.97,,0.00,A
2013-02-28,542.00,542.00,542.00,542.00,0.40,,0.00,A
2013-03-03,542.00,542.00,542.00,542.00,-0.16,,0.00,A
2013-03-04,541.00,541.00,541.00,541.00,-0.07,,0.00,A
2013-03-05,538.00,538.00,538.00,538.00,-0.51,,0.00,A
2013-03-06,541.00,541.00,541.00,541.00,0.46,,0.00,A
2013-03-07,539.00,539.00,539.00,539.00,-0.31,,0.00,A
2013-03-11,540.00,540.00,540.00,540.00,0.07,,0.00,A
2013-03-13,546.00,546.00,546.00,546.00,1.20,,0.00,A
2013-03-14,548.00,548.00,548.00,548.00,0.41,,0.00,A
2013-03-17,535.00,535.00,535.00,535.00,-2.41,,0.00,A
2013-03-18,531.00,531.00,531.00,531.00,-0.87,,0.00,A
2013-03-19,532.00,532.00,532.00,532.00,0.29,,0.00,A
2013-03-20,528.00,528.00,528.00,528.00,-0.71,,0.00,A
2013-03-21,528.00,528.00,528.00,528.00,-0.07,,0.00,A
2013-03-24,520.00,520.00,520.00,520.00,-1.57,,0.00,A
2013-03-25,522.00,522.00,522.00,522.00,0.46,,0.00,A
2013-03-27,521.00,521.00,521.00,521.00,-0.25,,0.00,A
2013-03-28,519.00,519.00,519.00,519.00,-0.37,,0.00,A
2013-03-31,511.00,511.00,511.00,511.00,-1.41,,0.00,A
2013-04-01,514.00,514.00,514.00,514.00,0.44,,0.00,A
2013-04-02,519.00,519.00,519.00,519.00,1.03,,0.00,A
2013-04-03,518.00,518.00,518.00,518.00,-0.18,,0.00,A
2013-04-04,513.00,513.00,513.00,513.00,-0.93,,0.00,A
2013-04-07,516.00,516.00,516.00,516.00,0.53,,0.00,A
2013-04-08,515.00,515.00,515.00,515.00,-0.22,,0.00,A
2013-04-09,519.00,519.00,519.00,519.00,0.85,,0.00,A
2013-04-11,523.00,523.00,523.00,523.00,0.80,,0.00,A
2013-04-15,521.00,521.00,521.00,521.00,-0.38,,0.00,A
2013-04-16,521.00,521.00,521.00,521.00,-0.14,,0.00,A
2013-04-17,519.00,519.00,519.00,519.00,-0.28,,0.00,A
2013-04-18,519.00,519.00,519.00,519.00,-0.04,,0.00,A
2013-04-21,514.00,514.00,514.00,514.00,-1.04,,0.00,A
2013-04-22,504.00,504.00,504.00,504.00,-1.85,,0.00,A
2013-04-23,509.00,509.00,509.00,509.00,0.97,,0.00,A
2013-04-25,508.00,508.00,508.00,508.00,-0.14,,0.00,A
2013-04-28,505.00,505.00,505.00,505.00,-0.65,,0.00,A
2013-04-29,502.00,502.00,502.00,502.00,-0.53,,0.00,A
2013-04-30,501.00,501.00,501.00,501.00,-0.32,,0.00,A
2013-05-02,493.00,493.00,493.00,493.00,-1.58,,0.00,A
2013-05-05,488.00,488.00,488.00,488.00,-1.00,,0.00,A
2013-05-06,482.00,482.00,482.00,482.00,-1.23,,0.00,A
2013-05-07,490.00,490.00,490.00,490.00,1.76,,0.00,A
2013-05-08,486.00,486.00,486.00,486.00,-0.83,,0.00,A
2013-05-09,486.00,486.00,486.00,486.00,-0.02,,0.00,A
2013-05-12,483.00,483.00,483.00,483.00,-0.59,,0.00,A
2013-05-13,489.00,489.00,489.00,489.00,1.10,,0.00,A
2013-05-14,491.00,491.00,491.00,491.00,0.38,,0.00,A
2013-05-15,494.00,494.00,494.00,494.00,0.80,,0.00,A
2013-05-16,500.00,500.00,500.00,500.00,1.11,,0.00,A
2013-05-19,498.00,498.00,498.00,498.00,-0.43,,0.00,A
2013-05-20,497.00,497.00,497.00,497.00,-0.07,,0.00,A
2013-05-21,500.00,500.00,500.00,500.00,0.55,,0.00,A
2013-05-22,499.00,499.00,499.00,499.00,-0.29,,0.00,A
2013-05-23,497.00,497.00,497.00,497.00,-0.38,,0.00,A
2013-05-26,499.00,499.00,499.00,499.00,0.43,,0.00,A
2013-05-27,504.00,504.00,504.00,504.00,0.93,,0.00,A
2013-05-28,501.00,501.00,501.00,501.00,-0.57,,0.00,A
2013-05-30,500.00,500.00,500.00,500.00,-0.12,,0.00,A
2013-06-02,497.00,497.00,497.00,497.00,-0.68,,0.00,A
2013-06-03,499.00,499.00,499.00,499.00,0.42,,0.00,A
2013-06-04,498.00,498.00,498.00,498.00,-0.07,,0.00,A
2013-06-05,498.00,498.00,498.00,498.00,-0.04,,0.00,A
2013-06-06,498.00,498.00,498.00,498.00,0.02,,0.00,A
2013-06-09,497.00,497.00,497.00,497.00,-0.19,,0.00,A
2013-06-10,496.00,496.00,496.00,496.00,-0.32,,0.00,A
2013-06-11,496.00,496.00,496.00,496.00,-0.05,,0.00,A
2013-06-12,495.00,495.00,495.00,495.00,-0.04,,0.00,A
2013-06-13,494.00,494.00,494.00,494.00,-0.20,,0.00,A
2013-06-16,495.00,495.00,495.00,495.00,0.12,,0.00,A
2013-06-17,493.00,493.00,493.00,493.00,-0.31,,0.00,A
2013-06-18,491.00,491.00,491.00,491.00,-0.48,,0.00,A
2013-06-19,490.00,490.00,490.00,490.00,-0.21,,0.00,A
2013-06-20,488.00,488.00,488.00,488.00,-0.31,,0.00,A
2013-06-23,488.00,488.00,488.00,488.00,-0.19,,0.00,A
2013-06-24,489.00,489.00,489.00,489.00,0.29,,0.00,A
2013-06-25,494.00,494.00,494.00,494.00,1.02,,0.00,A
2013-06-26,498.00,498.00,498.00,498.00,0.84,,0.00,A
2013-06-27,496.00,496.00,496.00,496.00,-0.50,,0.00,A
2013-06-30,493.00,493.00,493.00,493.00,-0.49,,0.00,A
2013-07-01,494.00,494.00,494.00,494.00,0.24,,0.00,A
2013-07-02,494.00,494.00,494.00,494.00,0.00,,0.00,A
2013-07-03,494.00,494.00,494.00,494.00,0.02,,0.00,A
2013-07-04,494.00,494.00,494.00,494.00,-0.16,,0.00,A
2013-07-07,494.00,494.00,494.00,494.00,0.15,,0.00,A
2013-07-08,501.00,501.00,501.00,501.00,1.32,,0.00,A
2013-07-09,506.00,506.00,506.00,506.00,0.93,,0.00,A
2013-07-10,505.00,505.00,505.00,505.00,-0.06,,0.00,A
2013-07-11,506.00,506.00,506.00,506.00,0.22,,0.00,A
2013-07-14,511.00,511.00,511.00,511.00,0.91,,0.00,A
2013-07-15,518.00,518.00,518.00,518.00,1.41,,0.00,A
2013-07-16,509.00,509.00,509.00,509.00,-1.73,,0.00,A
2013-07-17,512.00,512.00,512.00,512.00,0.45,,0.00,A
2013-07-18,522.00,522.00,522.00,522.00,1.94,,0.00,A
2013-07-21,536.00,536.00,536.00,536.00,2.72,,0.00,A
2013-07-22,533.00,533.00,533.00,533.00,-0.53,,0.00,A
2013-07-23,533.00,533.00,533.00,533.00,0.02,,0.00,A
2013-07-24,530.00,530.00,530.00,530.00,-0.62,,0.00,A
2013-07-25,529.00,529.00,529.00,529.00,-0.11,,0.00,A
2013-07-28,534.00,534.00,534.00,534.00,0.97,,0.00,A
2013-07-29,539.00,539.00,539.00,539.00,0.90,,0.00,A
2013-07-30,546.00,546.00,546.00,546.00,1.28,,0.00,A
2013-07-31,548.00,548.00,548.00,548.00,0.30,,0.00,A
2013-08-01,547.00,547.00,547.00,547.00,-0.14,,0.00,A
2013-08-04,547.00,547.00,547.00,547.00,-0.05,,0.00,A
2013-08-05,541.00,541.00,541.00,541.00,-1.04,,0.00,A
2013-08-06,543.00,543.00,543.00,543.00,0.36,,0.00,A
2013-08-07,542.00,542.00,542.00,542.00,-0.09,,0.00,A
2013-08-08,543.00,543.00,543.00,543.00,0.05,,0.00,A
2013-08-11,539.00,539.00,539.00,539.00,-0.59,,0.00,A
2013-08-12,539.00,539.00,539.00,539.00,-0.16,,0.00,A
2013-08-13,538.00,538.00,538.00,538.00,-0.03,,0.00,A
2013-08-14,537.00,537.00,537.00,537.00,-0.23,,0.00,A
2013-08-15,536.00,536.00,536.00,536.00,-0.13,,0.00,A
2013-08-18,540.00,540.00,540.00,540.00,0.76,,0.00,A
2013-08-19,544.00,544.00,544.00,544.00,0.60,,0.00,A
2013-08-20,548.00,548.00,548.00,548.00,0.85,,0.00,A
2013-08-25,548.00,548.00,548.00,548.00,-0.05,,0.00,A
2013-08-26,547.00,547.00,547.00,547.00,-0.25,,0.00,A
2013-08-27,552.00,552.00,552.00,552.00,1.01,,0.00,A
2013-08-29,551.00,551.00,551.00,551.00,-0.14,,0.00,A
2013-09-01,552.00,552.00,552.00,552.00,0.03,,0.00,A
2013-09-02,550.00,550.00,550.00,550.00,-0.23,,0.00,A
2013-09-03,548.00,548.00,548.00,548.00,-0.39,,0.00,A
2013-09-04,546.00,546.00,546.00,546.00,-0.48,,0.00,A
2013-09-05,546.00,546.00,546.00,546.00,0.18,,0.00,A
2013-09-08,552.00,552.00,552.00,552.00,1.01,,0.00,A
2013-09-09,552.00,552.00,552.00,552.00,0.05,,0.00,A
2013-09-10,548.00,548.00,548.00,548.00,-0.85,,0.00,A
2013-09-11,548.00,548.00,548.00,548.00,0.16,,0.00,A
2013-09-12,550.00,550.00,550.00,550.00,0.25,,0.00,A
2013-09-15,550.00,550.00,550.00,550.00,0.03,,0.00,A
2013-09-16,552.00,552.00,552.00,552.00,0.36,,0.00,A
2013-09-17,552.00,552.00,552.00,552.00,-0.01,,0.00,A
2013-09-19,549.00,549.00,549.00,549.00,-0.54,,0.00,A
2013-09-22,542.00,542.00,542.00,542.00,-1.36,,0.00,A
2013-09-23,538.00,538.00,538.00,538.00,-0.59,,0.00,A
2013-09-24,542.00,542.00,542.00,542.00,0.68,,0.00,A
2013-09-25,543.00,543.00,543.00,543.00,0.25,,0.00,A
2013-09-26,542.00,542.00,542.00,542.00,-0.30,,0.00,A
2013-09-29,542.00,542.00,542.00,542.00,0.03,,0.00,A
2013-09-30,542.00,542.00,542.00,542.00,0.02,,0.00,A
2013-10-01,542.00,542.00,542.00,542.00,-0.02,,0.00,A
2013-10-02,543.00,543.00,543.00,543.00,0.28,,0.00,A
2013-10-03,545.00,545.00,545.00,545.00,0.42,,0.00,A
2013-10-06,552.00,552.00,552.00,552.00,1.13,,0.00,A
2013-10-07,556.00,556.00,556.00,556.00,0.73,,0.00,A
2013-10-08,557.00,557.00,557.00,557.00,0.20,,0.00,A
2013-10-09,560.00,560.00,560.00,560.00,0.66,,0.00,A
2013-10-10,567.00,567.00,567.00,567.00,1.16,,0.00,A
2013-10-17,572.00,572.00,572.00,572.00,0.85,,0.00,A
2013-10-20,584.00,584.00,584.00,584.00,2.15,,0.00,A
2013-10-21,588.00,588.00,588.00,588.00,0.66,,0.00,A
2013-10-22,582.00,582.00,582.00,582.00,-1.04,,0.00,A
2013-10-23,581.00,581.00,581.00,581.00,-0.21,,0.00,A
2013-10-24,580.00,580.00,580.00,580.00,-0.16,,0.00,A
2013-10-27,578.00,578.00,578.00,578.00,-0.31,,0.00,A
2013-10-28,575.00,575.00,575.00,575.00,-0.41,,0.00,A
2013-10-29,576.00,576.00,576.00,576.00,0.04,,0.00,A
2013-10-30,579.00,579.00,579.00,579.00,0.53,,0.00,A
2013-10-31,579.00,579.00,579.00,579.00,0.13,,0.00,A
2013-11-06,579.00,579.00,579.00,579.00,-0.03,,0.00,A
2013-11-07,579.00,579.00,579.00,579.00,0.04,,0.00,A
2013-11-10,580.00,580.00,580.00,580.00,0.17,,0.00,A
2013-11-11,591.00,591.00,591.00,591.00,1.86,,0.00,A
2013-11-12,598.00,598.00,598.00,598.00,1.15,,0.00,A
2013-11-13,600.00,600.00,600.00,600.00,0.34,,0.00,A
2013-11-14,600.00,600.00,600.00,600.00,0.05,,0.00,A
2013-11-21,634.00,634.00,634.00,634.00,5.64,,0.00,A
2013-11-24,657.00,657.00,657.00,657.00,3.53,,0.00,A
2013-11-25,648.00,648.00,648.00,648.00,-1.33,,0.00,A
2013-11-26,649.00,649.00,649.00,649.00,0.17,,0.00,A
2013-11-27,647.00,647.00,647.00,647.00,-0.30,,0.00,A
2013-11-28,644.00,644.00,644.00,644.00,-0.50,,0.00,A
2013-12-01,652.00,652.00,652.00,652.00,1.24,,0.00,A
2013-12-02,662.00,662.00,662.00,662.00,1.51,,0.00,A
2013-12-03,678.00,678.00,678.00,678.00,2.42,,0.00,A
2013-12-04,701.00,701.00,701.00,701.00,3.39,,0.00,A
2013-12-05,707.00,707.00,707.00,707.00,0.94,,0.00,A
2013-12-08,702.00,702.00,702.00,702.00,-0.69,,0.00,A
2013-12-09,704.00,704.00,704.00,704.00,0.23,,0.00,A
2013-12-10,700.00,700.00,700.00,700.00,-0.61,,0.00,A
2013-12-11,711.00,711.00,711.00,711.00,1.56,,0.00,A
2013-12-12,714.00,714.00,714.00,714.00,0.44,,0.00,A
2013-12-15,733.00,733.00,733.00,733.00,2.71,,0.00,A
2013-12-16,771.00,771.00,771.00,771.00,5.18,,0.00,A
2013-12-18,807.00,807.00,807.00,807.00,4.62,,0.00,A
2013-12-19,806.00,806.00,806.00,806.00,-0.14,,0.00,A
2013-12-22,795.00,795.00,795.00,795.00,-1.30,,0.00,A
2013-12-23,769.00,769.00,769.00,769.00,-3.33,,0.00,A
2013-12-24,777.00,777.00,777.00,777.00,1.10,,0.00,A
2013-12-26,787.00,787.00,787.00,787.00,1.30,,0.00,A
2013-12-29,780.00,780.00,780.00,780.00,-0.96,,0.00,A
2013-12-31,771.00,771.00,771.00,771.00,-1.14,,0.00,A
2014-01-01,754.00,754.00,754.00,754.00,-2.13,,0.00,A
2014-01-02,764.00,764.00,764.00,764.00,1.24,,0.00,A
2014-01-05,758.00,758.00,758.00,758.00,-0.69,,0.00,A
2014-01-06,757.00,757.00,757.00,757.00,-0.16,,0.00,A
2014-01-07,762.00,762.00,762.00,762.00,0.56,,0.00,A
2014-01-08,772.00,772.00,772.00,772.00,1.34,,0.00,A
2014-01-09,773.00,773.00,773.00,773.00,0.14,,0.00,A
2014-01-12,782.00,782.00,782.00,782.00,1.22,,0.00,A
2014-01-13,782.00,782.00,782.00,782.00,0.02,,0.00,A
2014-01-14,787.00,787.00,787.00,787.00,0.63,,0.00,A
2014-01-16,795.00,795.00,795.00,795.00,0.93,,0.00,A
2014-01-19,795.00,795.00,795.00,795.00,0.07,,0.00,A
2014-01-20,790.00,790.00,790.00,790.00,-0.62,,0.00,A
2014-01-21,785.00,785.00,785.00,785.00,-0.61,,0.00,A
2014-01-22,784.00,784.00,784.00,784.00,-0.19,,0.00,A
2014-01-23,786.00,786.00,786.00,786.00,0.23,,0.00,A
2014-01-26,784.00,784.00,784.00,784.00,-0.26,,0.00,A
2014-01-27,780.00,780.00,780.00,780.00,-0.41,,0.00,A
2014-01-28,782.00,782.00,782.00,782.00,0.24,,0.00,A
2014-01-29,781.00,781.00,781.00,781.00,-0.12,,0.00,A
2014-02-02,776.00,776.00,776.00,776.00,-0.71,,0.00,A
2014-02-03,770.00,770.00,770.00,770.00,-0.83,,0.00,A
2014-02-04,775.00,775.00,775.00,775.00,0.70,,0.00,A
2014-02-05,781.00,781.00,781.00,781.00,0.83,,0.00,A
2014-02-06,786.00,786.00,786.00,786.00,0.56,,0.00,A
2014-02-09,784.00,784.00,784.00,784.00,-0.23,,0.00,A
2014-02-10,803.00,803.00,803.00,803.00,2.44,,0.00,A
2014-02-11,797.00,797.00,797.00,797.00,-0.82,,0.00,A
2014-02-12,798.00,798.00,798.00,798.00,0.22,,0.00,A
2014-02-13,803.00,803.00,803.00,803.00,0.60,,0.00,A
2014-02-16,801.00,801.00,801.00,801.00,-0.22,,0.00,A
2014-02-17,804.00,804.00,804.00,804.00,0.30,,0.00,A
2014-02-18,815.00,815.00,815.00,815.00,1.34,,0.00,A
2014-02-20,823.00,823.00,823.00,823.00,1.00,,0.00,A
2014-02-23,832.00,832.00,832.00,832.00,1.12,,0.00,A
2014-02-24,830.00,830.00,830.00,830.00,-0.24,,0.00,A
2014-02-25,829.00,829.00,829.00,829.00,-0.05,,0.00,A
2014-02-26,826.00,826.00,826.00,826.00,-0.45,,0.00,A
2014-03-03,811.00,811.00,811.00,811.00,-1.78,,0.00,A
2014-03-04,800.00,800.00,800.00,800.00,-1.36,,0.00,A
2014-03-05,810.00,810.00,810.00,810.00,1.30,,0.00,A
2014-03-06,806.00,806.00,806.00,806.00,-0.60,,0.00,A
2014-03-09,797.00,797.00,797.00,797.00,-1.13,,0.00,A
2014-03-10,794.00,794.00,794.00,794.00,-0.37,,0.00,A
2014-03-11,788.00,788.00,788.00,788.00,-0.70,,0.00,A
2014-03-12,781.00,781.00,781.00,781.00,-0.94,,0.00,A
2014-03-13,783.00,783.00,783.00,783.00,0.32,,0.00,A
2014-03-17,769.00,769.00,769.00,769.00,-1.86,,0.00,A
2014-03-18,755.00,755.00,755.00,755.00,-1.76,,0.00,A
2014-03-19,765.00,765.00,765.00,765.00,1.31,,0.00,A
2014-03-20,775.00,775.00,775.00,775.00,1.36,,0.00,A
2014-03-23,775.00,775.00,775.00,775.00,-0.07,,0.00,A
2014-03-24,783.00,783.00,783.00,783.00,1.03,,0.00,A
2014-03-25,780.00,780.00,780.00,780.00,-0.29,,0.00,A
2014-03-26,781.00,781.00,781.00,781.00,0.07,,0.00,A
2014-03-27,783.00,783.00,783.00,783.00,0.27,,0.00,A
2014-03-31,792.00,792.00,792.00,792.00,1.15,,0.00,A
2014-04-01,801.00,801.00,801.00,801.00,1.11,,0.00,A
2014-04-02,803.00,803.00,803.00,803.00,0.25,,0.00,A
2014-04-03,801.00,801.00,801.00,801.00,-0.30,,0.00,A
2014-04-06,797.00,797.00,797.00,797.00,-0.40,,0.00,A
2014-04-07,796.00,796.00,796.00,796.00,-0.18,,0.00,A
2014-04-09,802.00,802.00,802.00,802.00,0.73,,0.00,A
2014-04-10,811.00,811.00,811.00,811.00,1.20,,0.00,A
2014-04-13,818.00,818.00,818.00,818.00,0.77,,0.00,A
2014-04-15,819.00,819.00,819.00,819.00,0.11,,0.00,A
2014-04-16,811.00,811.00,811.00,811.00,-0.87,,0.00,A
2014-04-17,811.00,811.00,811.00,811.00,-0.04,,0.00,A
2014-04-20,808.00,808.00,808.00,808.00,-0.33,,0.00,A
2014-04-21,808.00,808.00,808.00,808.00,-0.04,,0.00,A
2014-04-22,815.00,815.00,815.00,815.00,0.91,,0.00,A
2014-04-23,820.00,820.00,820.00,820.00,0.60,,0.00,A
2014-04-27,818.00,818.00,818.00,818.00,-0.33,,0.00,A
2014-04-28,814.00,814.00,814.00,814.00,-0.54,,0.00,A
2014-04-29,816.00,816.00,816.00,816.00,0.26,,0.00,A
2014-04-30,823.00,823.00,823.00,823.00,0.86,,0.00,A
2014-05-04,831.00,831.00,831.00,831.00,0.90,,0.00,A
2014-05-05,847.00,847.00,847.00,847.00,1.93,,0.00,A
2014-05-06,862.00,862.00,862.00,862.00,1.73,,0.00,A
2014-05-07,866.00,866.00,866.00,866.00,0.55,,0.00,A
2014-05-08,857.00,857.00,857.00,857.00,-1.09,,0.00,A
2014-05-11,850.00,850.00,850.00,850.00,-0.83,,0.00,A
2014-05-12,853.00,853.00,853.00,853.00,0.36,,0.00,A
2014-05-13,852.00,852.00,852.00,852.00,-0.07,,0.00,A
2014-05-15,853.00,853.00,853.00,853.00,0.13,,0.00,A
2014-05-18,850.00,850.00,850.00,850.00,-0.41,,0.00,A
2014-05-19,844.00,844.00,844.00,844.00,-0.60,,0.00,A
2014-05-20,844.00,844.00,844.00,844.00,0.00,,0.00,A
2014-05-21,848.00,848.00,848.00,848.00,0.48,,0.00,A
2014-05-22,852.00,852.00,852.00,852.00,0.42,,0.00,A
2014-05-25,861.00,861.00,861.00,861.00,1.10,,0.00,A
2014-05-26,861.00,861.00,861.00,861.00,-0.10,,0.00,A
2014-05-27,857.00,857.00,857.00,857.00,-0.47,,0.00,A
2014-05-28,867.00,867.00,867.00,867.00,1.17,,0.00,A
2014-06-01,869.00,869.00,869.00,869.00,0.30,,0.00,A
2014-06-02,880.00,880.00,880.00,880.00,1.26,,0.00,A
2014-06-03,885.00,885.00,885.00,885.00,0.51,,0.00,A
2014-06-04,883.00,883.00,883.00,883.00,-0.20,,0.00,A
2014-06-05,879.00,879.00,879.00,879.00,-0.41,,0.00,A
2014-06-08,883.00,883.00,883.00,883.00,0.44,,0.00,A
2014-06-09,885.00,885.00,885.00,885.00,0.23,,0.00,A
2014-06-10,895.00,895.00,895.00,895.00,1.11,,0.00,A
2014-06-11,900.00,900.00,900.00,900.00,0.50,,0.00,A
2014-06-12,905.00,905.00,905.00,905.00,0.56,,0.00,A
2014-06-15,928.00,928.00,928.00,928.00,2.53,,0.00,A
2014-06-16,939.00,939.00,939.00,939.00,1.22,,0.00,A
2014-06-17,935.00,935.00,935.00,935.00,-0.36,,0.00,A
2014-06-18,932.00,932.00,932.00,932.00,-0.35,,0.00,A
2014-06-19,927.00,927.00,927.00,927.00,-0.61,,0.00,A
2014-06-23,918.00,918.00,918.00,918.00,-0.96,,0.00,A
2014-06-24,924.00,924.00,924.00,924.00,0.65,,0.00,A
2014-06-25,932.00,932.00,932.00,932.00,0.93,,0.00,A
2014-06-26,936.00,936.00,936.00,936.00,0.44,,0.00,A
2014-06-29,943.00,943.00,943.00,943.00,0.77,,0.00,A
2014-06-30,946.00,946.00,946.00,946.00,0.25,,0.00,A
2014-07-01,957.00,957.00,957.00,957.00,1.39,,0.00,A
2014-07-02,972.00,972.00,972.00,972.00,1.66,,0.00,A
2014-07-03,973.00,973.00,973.00,973.00,0.04,,0.00,A
2014-07-06,986.00,986.00,986.00,986.00,1.39,,0.00,A
2014-07-07,995.00,995.00,995.00,995.00,0.89,,0.00,A
2014-07-08,1015.00,1015.00,1015.00,1015.00,1.96,,0.00,A
2014-07-09,1017.00,1017.00,1017.00,1017.00,0.18,,0.00,A
2014-07-10,1023.00,1023.00,1023.00,1023.00,0.69,,0.00,A
2014-07-13,1037.00,1037.00,1037.00,1037.00,1.32,,0.00,A
2014-07-14,1029.00,1029.00,1029.00,1029.00,-0.78,,0.00,A
2014-07-15,1026.00,1026.00,1026.00,1026.00,-0.32,,0.00,A
2014-07-16,1036.00,1036.00,1036.00,1036.00,1.02,,0.00,A
2014-07-17,1046.00,1046.00,1046.00,1046.00,0.94,,0.00,A
2014-07-20,1075.00,1075.00,1075.00,1075.00,2.78,,0.00,A
2014-07-21,1084.00,1084.00,1084.00,1084.00,0.80,,0.00,A
2014-07-22,1078.00,1078.00,1078.00,1078.00,-0.54,,0.00,A
2014-07-23,1082.00,1082.00,1082.00,1082.00,0.36,,0.00,A
2014-07-24,1079.00,1079.00,1079.00,1079.00,-0.22,,0.00,A
2014-07-27,1074.00,1074.00,1074.00,1074.00,-0.48,,0.00,A
2014-07-28,1073.00,1073.00,1073.00,1073.00,-0.10,,0.00,A
2014-07-30,1062.00,1062.00,1062.00,1062.00,-0.97,,0.00,A
2014-07-31,1066.00,1066.00,1066.00,1066.00,0.34,,0.00,A
2014-08-03,1056.00,1056.00,1056.00,1056.00,-0.91,,0.00,A
2014-08-04,1039.00,1039.00,1039.00,1039.00,-1.65,,0.00,A
2014-08-05,1045.00,1045.00,1045.00,1045.00,0.55,,0.00,A
2014-08-06,1041.00,1041.00,1041.00,1041.00,-0.34,,0.00,A
2014-08-07,1041.00,1041.00,1041.00,1041.00,-0.06,,0.00,A
2014-08-12,1022.00,1022.00,1022.00,1022.00,-1.80,,0.00,A
2014-08-13,1026.00,1026.00,1026.00,1026.00,0.43,,0.00,A
2014-08-14,1034.00,1034.00,1034.00,1034.00,0.80,,0.00,A
2014-08-18,1013.00,1013.00,1013.00,1013.00,-2.04,,0.00,A
2014-08-19,1014.00,1014.00,1014.00,1014.00,0.04,,0.00,A
2014-08-20,996.00,996.00,996.00,996.00,-1.77,,0.00,A
2014-08-21,998.00,998.00,998.00,998.00,0.24,,0.00,A
2014-08-24,985.00,985.00,985.00,985.00,-1.27,,0.00,A
2014-08-25,948.00,948.00,948.00,948.00,-3.82,,0.00,A
2014-08-26,922.00,922.00,922.00,922.00,-2.74,,0.00,A
2014-08-27,960.00,960.00,960.00,960.00,4.18,,0.00,A
2014-08-28,972.00,972.00,972.00,972.00,1.22,,0.00,A
2014-08-31,953.00,953.00,953.00,953.00,-2.01,,0.00,A
2014-09-01,947.00,947.00,947.00,947.00,-0.63,,0.00,A
2014-09-03,934.00,934.00,934.00,934.00,-1.34,,0.00,A
2014-09-04,922.00,922.00,922.00,922.00,-1.31,,0.00,A
2014-09-07,876.00,876.00,876.00,876.00,-5.00,,0.00,A
2014-09-09,920.00,920.00,920.00,920.00,5.08,,0.00,A
2014-09-10,911.00,911.00,911.00,911.00,-1.03,,0.00,A
2014-09-11,911.00,911.00,911.00,911.00,0.00,,0.00,A
2014-09-14,902.00,902.00,902.00,902.00,-0.93,,0.00,A
2014-09-15,909.00,909.00,909.00,909.00,0.80,,0.00,A
2014-09-16,920.00,920.00,920.00,920.00,1.15,,0.00,A
2014-09-17,913.00,913.00,913.00,913.00,-0.70,,0.00,A
2014-09-18,900.00,900.00,900.00,900.00,-1.48,,0.00,A
2014-09-21,884.00,884.00,884.00,884.00,-1.82,,0.00,A
2014-09-22,882.00,882.00,882.00,882.00,-0.19,,0.00,A
2014-09-23,896.00,896.00,896.00,896.00,1.60,,0.00,A
2014-09-24,912.00,912.00,912.00,912.00,1.82,,0.00,A
2014-09-28,917.00,917.00,917.00,917.00,0.47,,0.00,A
2014-09-29,937.00,937.00,937.00,937.00,2.26,,0.00,A
2014-09-30,938.00,938.00,938.00,938.00,0.07,,0.00,A
2014-10-08,925.00,925.00,925.00,925.00,-1.36,,0.00,A
2014-10-09,922.00,922.00,922.00,922.00,-0.36,,0.00,A
2014-10-12,915.00,915.00,915.00,915.00,-0.74,,0.00,A
2014-10-13,909.00,909.00,909.00,909.00,-0.68,,0.00,A
2014-10-14,912.00,912.00,912.00,912.00,0.33,,0.00,A
2014-10-15,923.00,923.00,923.00,923.00,1.24,,0.00,A
2014-10-16,924.00,924.00,924.00,924.00,0.05,,0.00,A
2014-10-19,926.00,926.00,926.00,926.00,0.24,,0.00,A
2014-10-20,926.00,926.00,926.00,926.00,-0.04,,0.00,A
2014-10-21,924.00,924.00,924.00,924.00,-0.13,,0.00,A
2014-10-22,929.00,929.00,929.00,929.00,0.50,,0.00,A
2014-10-26,930.00,930.00,930.00,930.00,0.14,,0.00,A
2014-10-27,935.00,935.00,935.00,935.00,0.50,,0.00,A
2014-10-28,933.00,933.00,933.00,933.00,-0.21,,0.00,A
2014-10-30,930.00,930.00,930.00,930.00,-0.31,,0.00,A
2014-11-02,921.00,921.00,921.00,921.00,-0.96,,0.00,A
2014-11-03,904.00,904.00,904.00,904.00,-1.87,,0.00,A
2014-11-04,897.00,897.00,897.00,897.00,-0.73,,0.00,A
2014-11-05,905.00,905.00,905.00,905.00,0.80,,0.00,A
2014-11-06,905.00,905.00,905.00,905.00,0.03,,0.00,A
2014-11-09,895.00,895.00,895.00,895.00,-1.05,,0.00,A
2014-11-10,885.00,885.00,885.00,885.00,-1.19,,0.00,A
2014-11-11,893.00,893.00,893.00,893.00,0.88,,0.00,A
2014-11-12,884.00,884.00,884.00,884.00,-0.92,,0.00,A
2014-11-13,881.00,881.00,881.00,881.00,-0.37,,0.00,A
2014-11-16,866.00,866.00,866.00,866.00,-1.69,,0.00,A
2014-11-17,848.00,848.00,848.00,848.00,-2.08,,0.00,A
2014-11-18,844.00,844.00,844.00,844.00,-0.49,,0.00,A
2014-11-19,854.00,854.00,854.00,854.00,1.17,,0.00,A
2014-11-20,863.00,863.00,863.00,863.00,1.00,,0.00,A
2014-11-23,869.00,869.00,869.00,869.00,0.77,,0.00,A
2014-11-24,864.00,864.00,864.00,864.00,-0.56,,0.00,A
2014-11-25,863.00,863.00,863.00,863.00,-0.15,,0.00,A
2014-11-30,857.00,857.00,857.00,857.00,-0.71,,0.00,A
2014-12-01,851.00,851.00,851.00,851.00,-0.64,,0.00,A
2014-12-02,846.00,846.00,846.00,846.00,-0.59,,0.00,A
2014-12-03,850.00,850.00,850.00,850.00,0.44,,0.00,A
2014-12-04,854.00,854.00,854.00,854.00,0.42,,0.00,A
2014-12-07,851.00,851.00,851.00,851.00,-0.34,,0.00,A
2014-12-08,848.00,848.00,848.00,848.00,-0.29,,0.00,A
2014-12-09,849.00,849.00,849.00,849.00,0.04,,0.00,A
2014-12-10,856.00,856.00,856.00,856.00,0.80,,0.00,A
2014-12-11,871.00,871.00,871.00,871.00,1.77,,0.00,A
2014-12-14,910.00,910.00,910.00,910.00,4.52,,0.00,A
2014-12-15,917.00,917.00,917.00,917.00,0.74,,0.00,A
2014-12-16,910.00,910.00,910.00,910.00,-0.71,,0.00,A
2014-12-17,900.00,900.00,900.00,900.00,-1.08,,0.00,A
2014-12-18,904.00,904.00,904.00,904.00,0.39,,0.00,A
2014-12-21,897.00,897.00,897.00,897.00,-0.81,,0.00,A
2014-12-22,885.00,885.00,885.00,885.00,-1.25,,0.00,A
2014-12-23,877.00,877.00,877.00,877.00,-0.93,,0.00,A
2014-12-24,888.00,888.00,888.00,888.00,0.27,,0.00,A
2014-12-28,904.00,904.00,904.00,904.00,1.79,,0.00,A
2014-12-29,907.00,907.00,907.00,907.00,0.39,,0.00,A
2014-12-31,902.00,902.00,902.00,902.00,-0.54,,0.00,A
2015-01-01,904.00,904.00,904.00,904.00,0.15,,0.00,A
2015-01-04,918.00,918.00,918.00,918.00,1.53,,0.00,A
2015-01-05,920.00,920.00,920.00,920.00,0.25,,0.00,A
2015-01-06,917.00,917.00,917.00,917.00,-0.26,,0.00,A
2015-01-07,925.00,925.00,925.00,925.00,0.78,,0.00,A
2015-01-08,931.00,931.00,931.00,931.00,0.70,,0.00,A
2015-01-11,928.00,928.00,928.00,928.00,-0.28,,0.00,A
2015-01-12,928.00,928.00,928.00,928.00,-0.06,,0.00,A
2015-01-13,937.00,937.00,937.00,937.00,1.04,,0.00,A
2015-01-14,940.00,940.00,940.00,940.00,0.22,,0.00,A
2015-01-18,945.00,945.00,945.00,945.00,0.62,,0.00,A
2015-01-19,975.00,975.00,975.00,975.00,3.18,,0.00,A
2015-01-20,963.00,963.00,963.00,963.00,-1.30,,0.00,A
2015-01-22,959.00,959.00,959.00,959.00,-0.37,,0.00,A
2015-01-25,969.00,969.00,969.00,969.00,1.02,,0.00,A
2015-01-26,969.00,969.00,969.00,969.00,-0.04,,0.00,A
2015-01-27,975.00,975.00,975.00,975.00,0.67,,0.00,A
2015-01-28,988.00,988.00,988.00,988.00,1.33,,0.00,A
2015-01-29,987.00,987.00,987.00,987.00,-0.14,,0.00,A
2015-02-01,991.00,991.00,991.00,991.00,0.48,,0.00,A
2015-02-02,991.00,991.00,991.00,991.00,-0.07,,0.00,A
2015-02-03,988.00,988.00,988.00,988.00,-0.32,,0.00,A
2015-02-04,987.00,987.00,987.00,987.00,-0.05,,0.00,A
2015-02-05,984.00,984.00,984.00,984.00,-0.28,,0.00,A
2015-02-08,986.00,986.00,986.00,986.00,0.18,,0.00,A
2015-02-09,981.00,981.00,981.00,981.00,-0.54,,0.00,A
2015-02-10,981.00,981.00,981.00,981.00,-0.02,,0.00,A
2015-02-11,981.00,981.00,981.00,981.00,0.05,,0.00,A
2015-02-12,985.00,985.00,985.00,985.00,0.36,,0.00,A
2015-02-15,990.00,990.00,990.00,990.00,0.54,,0.00,A
2015-02-16,987.00,987.00,987.00,987.00,-0.28,,0.00,A
2015-02-18,983.00,983.00,983.00,983.00,-0.45,,0.00,A
2015-02-22,971.00,971.00,971.00,971.00,-1.14,,0.00,A
2015-02-23,974.00,974.00,974.00,974.00,0.26,,0.00,A
2015-02-24,971.00,971.00,971.00,971.00,-0.33,,0.00,A
2015-02-25,971.00,971.00,971.00,971.00,-0.02,,0.00,A
2015-02-26,979.00,979.00,979.00,979.00,0.89,,0.00,A
2015-03-01,976.00,976.00,976.00,976.00,-0.37,,0.00,A
2015-03-02,985.00,985.00,985.00,985.00,0.94,,0.00,A
2015-03-03,981.00,981.00,981.00,981.00,-0.35,,0.00,A
2015-03-04,983.00,983.00,983.00,983.00,0.21,,0.00,A
2015-03-09,989.00,989.00,989.00,989.00,0.54,,0.00,A
2015-03-10,984.00,984.00,984.00,984.00,-0.44,,0.00,A
2015-03-11,984.00,984.00,984.00,984.00,-0.04,,0.00,A
2015-03-12,978.00,978.00,978.00,978.00,-0.57,,0.00,A
2015-03-15,971.00,971.00,971.00,971.00,-0.79,,0.00,A
2015-03-16,959.00,959.00,959.00,959.00,-1.19,,0.00,A
2015-03-17,963.00,963.00,963.00,963.00,0.45,,0.00,A
2015-03-18,964.00,964.00,964.00,964.00,0.08,,0.00,A
2015-03-19,968.00,968.00,968.00,968.00,0.35,,0.00,A
2015-03-22,964.00,964.00,964.00,964.00,-0.36,,0.00,A
2015-03-23,957.00,957.00,957.00,957.00,-0.78,,0.00,A
2015-03-24,954.00,954.00,954.00,954.00,-0.29,,0.00,A
2015-03-25,951.00,951.00,951.00,951.00,-0.27,,0.00,A
2015-03-26,942.00,942.00,942.00,942.00,-0.93,,0.00,A
2015-03-29,942.00,942.00,942.00,942.00,-0.01,,0.00,A
2015-03-30,939.00,939.00,939.00,939.00,-0.34,,0.00,A
2015-03-31,946.00,946.00,946.00,946.00,0.71,,0.00,A
2015-04-01,940.00,940.00,940.00,940.00,-0.66,,0.00,A
2015-04-02,940.00,940.00,940.00,940.00,0.06,,0.00,A
2015-04-05,934.00,934.00,934.00,934.00,-0.62,,0.00,A
2015-04-06,938.00,938.00,938.00,938.00,0.41,,0.00,A
2015-04-07,936.00,936.00,936.00,936.00,-0.28,,0.00,A
2015-04-08,942.00,942.00,942.00,942.00,0.71,,0.00,A
2015-04-09,947.00,947.00,947.00,947.00,0.50,,0.00,A
2015-04-12,952.00,952.00,952.00,952.00,0.54,,0.00,A
2015-04-13,948.00,948.00,948.00,948.00,-0.39,,0.00,A
2015-04-15,944.00,944.00,944.00,944.00,-0.45,,0.00,A
2015-04-16,950.00,950.00,950.00,950.00,0.61,,0.00,A
2015-04-19,946.00,946.00,946.00,946.00,-0.44,,0.00,A
2015-04-20,945.00,945.00,945.00,945.00,-0.08,,0.00,A
2015-04-21,945.00,945.00,945.00,945.00,0.01,,0.00,A
2015-04-22,942.00,942.00,942.00,942.00,-0.33,,0.00,A
2015-04-23,938.00,938.00,938.00,938.00,-0.41,,0.00,A
2015-05-24,910.00,910.00,910.00,910.00,-3.02,,0.00,A
2015-05-25,881.00,881.00,881.00,881.00,-3.22,,0.00,A
2015-05-26,860.00,860.00,860.00,860.00,-2.33,,0.00,A
2015-05-27,838.00,838.00,838.00,838.00,-2.57,,0.00,A
2015-05-28,842.00,842.00,842.00,842.00,0.49,,0.00,A
2015-05-31,872.00,872.00,872.00,872.00,3.56,,0.00,A
2015-06-01,890.00,890.00,890.00,890.00,2.12,,0.00,A
2015-06-02,902.00,902.00,902.00,902.00,1.30,,0.00,A
2015-06-03,925.00,925.00,925.00,925.00,2.61,,0.00,A
2015-06-04,927.00,927.00,927.00,927.00,0.15,,0.00,A
2015-06-07,931.00,931.00,931.00,931.00,0.47,,0.00,A
2015-06-08,945.00,945.00,945.00,945.00,1.54,,0.00,A
2015-06-09,967.00,967.00,967.00,967.00,2.23,,0.00,A
2015-06-10,956.00,956.00,956.00,956.00,-1.13,,0.00,A
2015-06-11,938.00,938.00,938.00,938.00,-1.85,,0.00,A
2015-06-14,928.00,928.00,928.00,928.00,-1.02,,0.00,A
2015-06-15,934.00,934.00,934.00,934.00,0.58,,0.00,A
2015-06-16,931.00,931.00,931.00,931.00,-0.32,,0.00,A
2015-06-17,928.00,928.00,928.00,928.00,-0.31,,0.00,A
2015-06-18,925.00,925.00,925.00,925.00,-0.35,,0.00,A
2015-06-21,918.00,918.00,918.00,918.00,-0.72,,0.00,A
2015-06-22,922.00,922.00,922.00,922.00,0.49,,0.00,A
2015-06-23,926.00,926.00,926.00,926.00,0.39,,0.00,A
2015-06-24,928.00,928.00,928.00,928.00,0.22,,0.00,A
2015-06-25,930.00,930.00,930.00,930.00,0.24,,0.00,A
2015-06-28,938.00,938.00,938.00,938.00,0.82,,0.00,A
2015-06-29,946.00,946.00,946.00,946.00,0.89,,0.00,A
2015-06-30,949.00,949.00,949.00,949.00,0.30,,0.00,A
2015-07-01,946.00,946.00,946.00,946.00,-0.35,,0.00,A
2015-07-02,939.00,939.00,939.00,939.00,-0.72,,0.00,A
2015-07-05,938.00,938.00,938.00,938.00,-0.10,,0.00,A
2015-07-06,937.00,937.00,937.00,937.00,-0.13,,0.00,A
2015-07-07,941.00,941.00,941.00,941.00,0.49,,0.00,A
2015-07-08,943.00,943.00,943.00,943.00,0.19,,0.00,A
2015-07-09,943.00,943.00,943.00,943.00,0.03,,0.00,A
2015-07-12,945.00,945.00,945.00,945.00,0.16,,0.00,A
2015-07-13,944.00,944.00,944.00,944.00,-0.10,,0.00,A
2015-07-14,946.00,946.00,946.00,946.00,0.26,,0.00,A
2015-07-15,951.00,951.00,951.00,951.00,0.45,,0.00,A
2015-07-16,961.00,961.00,961.00,961.00,1.11,,0.00,A
2015-07-22,963.00,963.00,963.00,963.00,0.21,,0.00,A
2015-07-23,1003.00,1003.00,1003.00,1003.00,4.16,,0.00,A
2015-07-26,1054.00,1054.00,1054.00,1054.00,5.04,,0.00,A
2015-07-27,1046.00,1046.00,1046.00,1046.00,-0.72,,0.00,A
2015-07-28,1028.00,1028.00,1028.00,1028.00,-1.75,,0.00,A
2015-07-29,1021.00,1021.00,1021.00,1021.00,-0.66,,0.00,A
2015-07-30,1028.00,1028.00,1028.00,1028.00,0.65,,0.00,A
2015-08-02,1034.00,1034.00,1034.00,1034.00,0.60,,0.00,A
2015-08-03,1030.00,1030.00,1030.00,1030.00,-0.36,,0.00,A
2015-08-04,1030.00,1030.00,1030.00,1030.00,-0.05,,0.00,A
2015-08-05,1034.00,1034.00,1034.00,1034.00,0.40,,0.00,A
2015-08-06,1040.00,1040.00,1040.00,1040.00,0.61,,0.00,A
2015-08-09,1063.00,1063.00,1063.00,1063.00,2.22,,0.00,A
2015-08-10,1081.00,1081.00,1081.00,1081.00,1.69,,0.00,A
2015-08-11,1078.00,1078.00,1078.00,1078.00,-0.38,,0.00,A
2015-08-12,1077.00,1077.00,1077.00,1077.00,-0.05,,0.00,A
2015-08-13,1088.00,1088.00,1088.00,1088.00,1.04,,0.00,A
2015-08-16,1112.00,1112.00,1112.00,1112.00,2.17,,0.00,A
2015-08-17,1158.00,1158.00,1158.00,1158.00,4.10,,0.00,A
2015-08-18,1160.00,1160.00,1160.00,1160.00,0.20,,0.00,A
2015-08-19,1192.00,1192.00,1192.00,1192.00,2.76,,0.00,A
2015-08-20,1201.00,1201.00,1201.00,1201.00,0.76,,0.00,A
2015-08-23,1185.00,1185.00,1185.00,1185.00,-1.35,,0.00,A
2015-08-24,1182.00,1182.00,1182.00,1182.00,-0.25,,0.00,A
2015-08-25,1181.00,1181.00,1181.00,1181.00,-0.03,,0.00,A
2015-08-26,1176.00,1176.00,1176.00,1176.00,-0.49,,0.00,A
2015-08-27,1184.00,1184.00,1184.00,1184.00,0.70,,0.00,A
2015-08-31,1200.00,1200.00,1200.00,1200.00,1.39,,0.00,A
2015-09-01,1191.00,1191.00,1191.00,1191.00,-0.73,,0.00,A
2015-09-02,1176.00,1176.00,1176.00,1176.00,-1.27,,0.00,A
2015-09-03,1169.00,1169.00,1169.00,1169.00,-0.58,,0.00,A
2015-09-06,1167.00,1167.00,1167.00,1167.00,-0.23,,0.00,A
2015-09-07,1171.00,1171.00,1171.00,1171.00,0.37,,0.00,A
2015-09-08,1175.00,1175.00,1175.00,1175.00,0.32,,0.00,A
2015-09-09,1173.00,1173.00,1173.00,1173.00,-0.13,,0.00,A
2015-09-10,1169.00,1169.00,1169.00,1169.00,-0.38,,0.00,A
2015-09-13,1184.00,1184.00,1184.00,1184.00,1.30,,0.00,A
2015-09-14,1194.00,1194.00,1194.00,1194.00,0.86,,0.00,A
2015-09-15,1205.84,1205.84,1205.84,1205.84,0.98,,0.00,A
2015-09-16,1202.81,1202.81,1202.81,1202.81,-0.25,,0.00,A
2015-09-17,1196.02,1196.02,1196.02,1196.02,-0.56,,0.00,A
2015-09-22,1156.08,1156.08,1156.08,1156.08,-3.34,,0.00,A
2015-09-23,1183.36,1183.36,1183.36,1183.36,2.35,,0.00,A
2015-09-24,1176.86,1176.86,1176.86,1176.86,-0.55,,0.00,A
2015-09-28,1160.09,1160.09,1160.09,1160.09,-1.42,,0.00,A
2015-09-29,1169.30,1169.30,1169.30,1169.30,0.79,,0.00,A
2015-09-30,1181.28,1181.28,1181.28,1181.28,1.02,,0.00,A
2015-10-01,1178.74,1178.74,1178.74,1178.74,-0.22,,0.00,A
2015-10-04,1183.48,1183.48,1183.48,1183.48,0.40,,0.00,A
2015-10-05,1171.27,1171.27,1171.27,1171.27,-1.03,,0.00,A
2015-10-06,1158.79,1158.79,1158.79,1158.79,-1.07,,0.00,A
2015-10-07,1149.45,1149.45,1149.45,1149.45,-0.81,,0.00,A
2015-10-08,1162.06,1162.06,1162.06,1162.06,1.10,,0.00,A
2015-10-11,1143.88,1143.88,1143.88,1143.88,-1.56,,0.00,A
2015-10-14,1135.09,1135.09,1135.09,1135.09,-0.77,,0.00,A
2015-10-15,1134.47,1134.47,1134.47,1134.47,-0.05,,0.00,A
2015-10-18,1119.83,1119.83,1119.83,1119.83,-1.29,,0.00,A
2015-10-19,1127.42,1127.42,1127.42,1127.42,0.68,,0.00,A
2015-10-25,1121.05,1121.05,1121.05,1121.05,-0.56,,0.00,A
2015-10-27,1091.73,1091.73,1091.73,1091.73,-2.62,,0.00,A
2015-10-28,1084.37,1084.37,1084.37,1084.37,-0.67,,0.00,A
2015-10-29,1092.04,1092.04,1092.04,1092.04,0.71,,0.00,A
2015-11-01,1088.30,1088.30,1088.30,1088.30,-0.34,,0.00,A
2015-11-02,1091.83,1091.83,1091.83,1091.83,0.32,,0.00,A
2015-11-03,1085.87,1085.87,1085.87,1085.87,-0.55,,0.00,A
2015-11-04,1092.30,1092.30,1092.30,1092.30,0.59,,0.00,A
2015-11-05,1090.68,1090.68,1090.68,1090.68,-0.15,,0.00,A
2015-11-08,1086.57,1086.57,1086.57,1086.57,-0.38,,0.00,A
2015-11-09,1107.43,1107.43,1107.43,1107.43,1.92,,0.00,A
2015-11-10,1109.29,1109.29,1109.29,1109.29,0.17,,0.00,A
2015-11-15,1100.09,1100.09,1100.09,1100.09,-0.83,,0.00,A
2015-11-16,1094.18,1094.18,1094.18,1094.18,-0.54,,0.00,A
2015-11-18,1099.25,1099.25,1099.25,1099.25,0.46,,0.00,A
2015-11-19,1094.57,1094.57,1094.57,1094.57,-0.43,,0.00,A
2015-11-22,1071.38,1071.38,1071.38,1071.38,-2.12,,0.00,A
2015-11-23,1075.80,1075.80,1075.80,1075.80,0.41,,0.00,A
2015-11-24,1066.69,1066.69,1066.69,1066.69,-0.85,,0.00,A
2015-11-25,1056.42,1056.42,1056.42,1056.42,-0.96,,0.00,A
2015-11-26,1044.01,1044.01,1044.01,1044.01,-1.17,,0.00,A
2015-11-29,1022.77,1022.77,1022.77,1022.77,-2.03,,0.00,A
2015-11-30,1034.12,1034.12,1034.12,1034.12,1.11,,0.00,A
2015-12-01,1066.38,1066.38,1066.38,1066.38,3.12,,0.00,A
2015-12-02,1062.78,1062.78,1062.78,1062.78,-0.34,,0.00,A
2015-12-03,1072.94,1072.94,1072.94,1072.94,0.96,,0.00,A
2015-12-06,1102.84,1102.84,1102.84,1102.84,2.79,,0.00,A
2015-12-07,1107.94,1107.94,1107.94,1107.94,0.46,,0.00,A
2015-12-08,1107.23,1107.23,1107.23,1107.23,-0.06,,0.00,A
2015-12-09,1122.79,1122.79,1122.79,1122.79,1.41,,0.00,A
2015-12-10,1119.35,1119.35,1119.35,1119.35,-0.31,,0.00,A
2015-12-13,1118.57,1118.57,1118.57,1118.57,-0.07,,0.00,A
2015-12-14,1120.18,1120.18,1120.18,1120.18,0.14,,0.00,A
2015-12-15,1121.02,1121.02,1121.02,1121.02,0.07,,0.00,A
2015-12-16,1116.19,1116.19,1116.19,1116.19,-0.43,,0.00,A
2015-12-17,1110.68,1110.68,1110.68,1110.68,-0.49,,0.00,A
2015-12-20,1118.81,1118.81,1118.81,1118.81,0.73,,0.00,A
2015-12-21,1131.52,1131.52,1131.52,1131.52,1.12,,0.00,A
2015-12-22,1138.18,1138.18,1138.18,1138.18,0.59,,0.00,A
2015-12-23,1133.34,1133.34,1133.34,1133.34,-0.43,,0.00,A
2015-12-24,1137.03,1137.03,1137.03,1137.03,0.33,,0.00,A
2015-12-27,1135.47,1135.47,1135.47,1135.47,-0.14,,0.00,A
2015-12-28,1131.95,1131.95,1131.95,1131.95,-0.31,,0.00,A
2015-12-29,1142.17,1142.17,1142.17,1142.17,0.90,,0.00,A
2015-12-31,1151.38,1151.38,1151.38,1151.38,0.81,,0.00,A
2016-01-04,1154.62,1154.62,1154.62,1154.62,-0.54,,0.00,A
2016-01-05,1146.11,1146.11,1146.11,1146.11,-0.68,,0.00,A
2016-01-06,1149.89,1149.89,1149.89,1149.89,0.27,,0.00,A
2016-01-07,1164.14,1164.14,1164.14,1164.14,1.24,,0.00,A
2016-01-10,1167.18,1167.18,1167.18,1167.18,0.26,,0.00,A
2016-01-11,1168.81,1168.81,1168.81,1168.81,0.14,,0.00,A
2016-01-12,1173.60,1173.60,1173.60,1173.60,0.41,,0.00,A
2016-01-13,1180.98,1180.98,1180.98,1180.98,0.63,,0.00,A
2016-01-14,1190.16,1190.16,1190.16,1190.16,0.78,,0.00,A
2016-01-17,1212.00,1212.00,1212.00,1212.00,1.84,,0.00,A
2016-01-18,1214.31,1214.31,1214.31,1214.31,0.19,,0.00,A
2016-01-19,1213.71,1213.71,1213.71,1213.71,-0.05,,0.00,A
2016-01-20,1213.57,1213.57,1213.57,1213.57,-0.01,,0.00,A
2016-01-21,1212.32,1212.32,1212.32,1212.32,-0.10,,0.00,A
2016-01-24,1219.62,1219.62,1219.62,1219.62,0.60,,0.00,A
2016-01-25,1222.43,1222.43,1222.43,1222.43,0.23,,0.00,A
2016-01-26,1218.39,1218.39,1218.39,1218.39,-0.33,,0.00,A
2016-01-27,1216.96,1216.96,1216.96,1216.96,-0.12,,0.00,A
2016-01-28,1216.11,1216.11,1216.11,1216.11,-0.07,,0.00,A
2016-01-31,1220.70,1220.70,1220.70,1220.70,0.38,,0.00,A
2016-02-01,1238.02,1238.02,1238.02,1238.02,1.42,,0.00,A
2016-02-02,1240.07,1240.07,1240.07,1240.07,0.17,,0.00,A
2016-02-03,1242.13,1242.13,1242.13,1242.13,0.17,,0.00,A
2016-02-04,1251.42,1251.42,1251.42,1251.42,0.75,,0.00,A
2016-02-07,1262.82,1262.82,1262.82,1262.82,0.91,,0.00,A
2016-02-08,1263.75,1263.75,1263.75,1263.75,0.07,,0.00,A
2016-02-11,1263.72,1263.72,1263.72,1263.72,0.00,,0.00,A
2016-02-14,1259.35,1259.35,1259.35,1259.35,-0.35,,0.00,A
2016-02-15,1258.23,1258.23,1258.23,1258.23,-0.09,,0.00,A
2016-02-16,1257.34,1257.34,1257.34,1257.34,-0.07,,0.00,A
2016-02-17,1266.08,1266.08,1266.08,1266.08,0.70,,0.00,A
2016-02-18,1273.28,1273.28,1273.28,1273.28,0.57,,0.00,A
2016-02-21,1278.92,1278.92,1278.92,1278.92,0.44,,0.00,A
2016-02-22,1291.81,1291.81,1291.81,1291.81,1.01,,0.00,A
2016-02-23,1285.93,1285.93,1285.93,1285.93,-0.46,,0.00,A
2016-02-24,1279.90,1279.90,1279.90,1279.90,-0.47,,0.00,A
2016-02-25,1283.52,1283.52,1283.52,1283.52,0.28,,0.00,A
2016-02-28,1283.67,1283.67,1283.67,1283.67,0.01,,0.00,A
2016-02-29,1283.94,1283.94,1283.94,1283.94,0.02,,0.00,A
2016-03-01,1289.52,1289.52,1289.52,1289.52,0.43,,0.00,A
2016-03-02,1295.78,1295.78,1295.78,1295.78,0.49,,0.00,A
2016-03-03,1300.76,1300.76,1300.76,1300.76,0.38,,0.00,A
2016-03-06,1306.54,1306.54,1306.54,1306.54,0.44,,0.00,A
2016-03-10,1318.03,1318.03,1318.03,1318.03,0.88,,0.00,A
2016-03-13,1318.88,1318.88,1318.88,1318.88,0.06,,0.00,A
2016-03-14,1312.20,1312.20,1312.20,1312.20,-0.51,,0.00,A
2016-03-15,1312.85,1312.85,1312.85,1312.85,0.05,,0.00,A
2016-03-16,1315.77,1315.77,1315.77,1315.77,0.22,,0.00,A
2016-03-17,1326.53,1326.53,1326.53,1326.53,0.82,,0.00,A
2016-03-20,1343.93,1343.93,1343.93,1343.93,1.31,,0.00,A
2016-03-21,1342.07,1342.07,1342.07,1342.07,-0.14,,0.00,A
2016-03-23,1345.53,1345.53,1345.53,1345.53,0.26,,0.00,A
2016-03-24,1357.14,1357.14,1357.14,1357.14,0.86,,0.00,A
2016-03-27,1377.33,1377.33,1377.33,1377.33,1.49,,0.00,A
2016-03-28,1374.75,1374.75,1374.75,1374.75,-0.19,,0.00,A
2016-03-29,1370.04,1370.04,1370.04,1370.04,-0.34,,0.00,A
2016-03-30,1362.98,1362.98,1362.98,1362.98,-0.86,,0.00,A
2016-03-31,1355.48,1355.48,1355.48,1355.48,-0.55,,0.00,A
2016-04-03,1351.54,1351.54,1351.54,1351.54,-0.29,,0.00,A
2016-04-04,1362.53,1362.53,1362.53,1362.53,0.81,,0.00,A
2016-04-05,1375.26,1375.26,1375.26,1375.26,0.93,,0.00,A
2016-04-06,1377.42,1377.42,1377.42,1377.42,0.16,,0.00,A
2016-04-10,1382.42,1382.42,1382.42,1382.42,0.36,,0.00,A
2016-04-11,1383.85,1383.85,1383.85,1383.85,0.10,,0.00,A
2016-04-12,1388.63,1388.63,1388.63,1388.63,0.35,,0.00,A
2016-04-14,1405.78,1405.78,1405.78,1405.78,1.24,,0.00,A
2016-04-17,1409.43,1409.43,1409.43,1409.43,0.26,,0.00,A
2016-04-18,1428.60,1428.60,1428.60,1428.60,1.36,,0.00,A
2016-04-19,1430.81,1430.81,1430.81,1430.81,0.15,,0.00,A
2016-04-20,1440.69,1440.69,1440.69,1440.69,0.69,,0.00,A
2016-04-21,1441.67,1441.67,1441.67,1441.67,0.07,,0.00,A
2016-04-24,1454.35,1454.35,1454.35,1454.35,0.88,,0.00,A
2016-04-25,1461.75,1461.75,1461.75,1461.75,0.51,,0.00,A
2016-04-26,1453.11,1453.11,1453.11,1453.11,-0.59,,0.00,A
2016-04-27,1458.38,1458.38,1458.38,1458.38,0.36,,0.00,A
2016-04-28,1464.91,1464.91,1464.91,1464.91,0.45,,0.00,A
2016-05-02,1474.47,1474.47,1474.47,1474.47,0.65,,0.00,A
2016-05-03,1471.95,1471.95,1471.95,1471.95,-0.17,,0.00,A
2016-05-04,1468.11,1468.11,1468.11,1468.11,-0.26,,0.00,A
2016-05-05,1463.13,1463.13,1463.13,1463.13,-0.34,,0.00,A
2016-05-08,1472.69,1472.69,1472.69,1472.69,0.65,,0.00,A
2016-05-09,1482.90,1482.90,1482.90,1482.90,0.69,,0.00,A
2016-05-10,1484.04,1484.04,1484.04,1484.04,0.08,,0.00,A
2016-05-11,1481.18,1481.18,1481.18,1481.18,-0.19,,0.00,A
2016-05-12,1481.94,1481.94,1481.94,1481.94,0.05,,0.00,A
2016-05-15,1477.38,1477.38,1477.38,1477.38,-0.31,,0.00,A
2016-05-16,1467.51,1467.51,1467.51,1467.51,-0.67,,0.00,A
2016-05-17,1483.68,1483.68,1483.68,1483.68,1.10,,0.00,A
2016-05-18,1496.41,1496.41,1496.41,1496.41,0.86,,0.00,A
2016-05-19,1499.32,1499.32,1499.32,1499.32,0.19,,0.00,A
2016-05-22,1509.39,1509.39,1509.39,1509.39,0.67,,0.00,A
2016-05-23,1524.07,1524.07,1524.07,1524.07,0.97,,0.00,A
2016-05-24,1544.53,1544.53,1544.53,1544.53,1.34,,0.00,A
2016-05-25,1524.12,1524.12,1524.12,1524.12,-1.32,,0.00,A
2016-05-26,1525.09,1525.09,1525.09,1525.09,0.06,,0.00,A
2016-05-29,1522.25,1522.25,1522.25,1522.25,-0.19,,1152870016.00,A
2016-05-30,1526.96,1526.96,1526.96,1526.96,0.31,,1148169984.00,A
2016-05-31,1532.12,1532.12,1532.12,1532.12,0.34,,1298520064.00,A
2016-06-01,1523.56,1523.56,1523.56,1523.56,-0.56,,1196009984.00,A
2016-06-02,1518.12,1518.12,1518.12,1518.12,-0.36,,1009539968.00,A
2016-06-05,1483.14,1483.14,1483.14,1483.14,-2.30,,1246659968.00,A
2016-06-06,1483.21,1516.80,1483.21,1516.80,2.27,,1078499968.00,A
2016-06-07,1516.80,1537.98,1516.80,1531.49,0.97,,1123600000.00,A
2016-06-08,1531.49,1547.65,1529.24,1546.80,1.00,,1269299968.00,A
2016-06-09,1566.70,1566.70,1566.70,1566.70,1.29,,1867000064.00,A
2016-06-12,1566.70,1602.00,1564.45,1597.96,2.00,,1919480064.00,A
2016-06-13,1597.96,1626.03,1595.86,1609.59,0.73,,1671020032.00,A
2016-06-14,1614.15,1614.15,1614.15,1614.15,0.28,,1676819968.00,A
2016-06-15,1620.47,1620.47,1620.47,1620.47,0.39,,1369689984.00,A
2016-06-16,1632.94,1632.94,1632.94,1632.94,0.77,,1997389952.00,A
2016-06-19,1632.94,1637.27,1617.51,1622.27,-0.65,,1463939968.00,A
2016-06-20,1632.94,1625.76,1609.38,1615.10,-0.44,,1115449984.00,A
2016-06-21,1615.22,1628.92,1615.22,1628.81,0.85,,1196109952.00,A
2016-06-22,1628.81,1651.86,1628.84,1647.51,1.15,,1751960064.00,A
2016-06-23,1648.17,1670.71,1648.17,1666.29,1.14,,1894710016.00,A
2016-06-26,1666.29,1688.48,1665.27,1685.17,1.13,,1461120000.00,A
2016-06-27,1685.17,1721.77,1693.68,1721.77,2.17,,1508530048.00,A
2016-06-28,1712.84,1733.28,1711.68,1724.19,0.66,,1700720000.00,A
2016-06-29,1724.19,1732.68,1721.24,1724.59,0.02,,1457209984.00,A
2016-06-30,1724.59,1734.21,1707.66,1723.23,-0.08,,1599010048.00,A
2016-07-03,1723.23,1725.47,1709.34,1719.20,-0.23,,1720080000.00,A
2016-07-04,1723.23,1724.02,1714.84,1716.83,-0.14,,1423340032.00,A
2016-07-05,1716.83,1717.95,1705.06,1713.03,-0.22,,1160760064.00,A
2016-07-06,1713.03,1723.34,1712.94,1715.72,0.16,,1173100032.00,A
2016-07-10,1715.77,1732.22,1715.77,1722.53,0.40,,1324669952.00,A
2016-07-11,1722.53,1727.37,1701.94,1702.27,-1.18,,859897024.00,A
2016-07-12,1702.27,1709.48,1654.02,1693.07,-0.54,,1093299968.00,A
2016-07-13,1693.07,1696.57,1671.05,1690.43,-0.16,,1018860032.00,A
2016-07-14,1690.43,1725.01,1689.52,1718.15,1.64,,1356649984.00,A
2016-07-17,1720.52,1749.96,1715.12,1745.74,1.61,,1285520000.00,A
2016-07-18,1745.74,1786.68,1745.74,1786.57,2.34,,1839369984.00,A
2016-07-19,1786.57,1813.42,1785.33,1800.47,0.78,,2101240064.00,A
2016-07-20,1800.47,1813.44,1782.57,1786.84,-0.76,,2057750016.00,A
2016-07-21,1786.84,1804.75,1779.71,1798.83,0.67,,1429859968.00,A
2016-07-25,1798.83,1838.59,1798.83,1838.49,2.20,,2158749952.00,A
2016-07-26,1838.49,1869.08,1837.97,1866.50,1.52,,2177649920.00,A
2016-07-27,1866.50,1888.36,1866.26,1881.45,0.80,,2178769920.00,A
2016-07-28,1881.45,1888.01,1863.32,1877.93,-0.19,,2106669952.00,A
2016-07-31,1877.93,1878.02,1861.13,1862.76,-0.81,,1715219968.00,A
2016-08-01,1863.05,1866.89,1831.61,1845.41,-0.93,,1496390016.00,A
2016-08-02,1845.41,1846.91,1824.66,1826.47,-1.03,,1364979968.00,A
2016-08-03,1826.47,1831.70,1795.89,1813.72,-0.70,,1245689984.00,A
2016-08-04,1813.72,1814.04,1768.68,1768.60,-2.49,,1403490048.00,A
2016-08-07,1768.60,1805.75,1759.24,1764.72,-0.22,,1495219968.00,A
2016-08-08,1764.72,1766.14,1675.91,1675.91,-5.03,,854620032.00,A
2016-08-09,1675.91,1760.42,1675.92,1760.42,5.04,,294799008.00,A
2016-08-10,1760.74,1789.49,1741.03,1779.57,1.09,,1933049984.00,A
2016-08-11,1779.57,1789.05,1768.02,1774.87,-0.26,,1188630016.00,A
2016-08-14,1774.87,1775.03,1730.95,1733.93,-2.31,,1096530048.00,A
2016-08-15,1733.93,1735.51,1685.26,1694.81,-2.26,,1126070016.00,A
2016-08-16,1694.81,1718.00,1681.67,1717.45,1.34,,983681984.00,A
2016-08-17,1717.45,1742.16,1716.47,1735.06,1.03,,948409984.00,A
2016-08-21,1734.93,1744.84,1719.78,1722.43,-0.73,,618347008.00,A
2016-08-22,1722.43,1725.97,1683.12,1683.12,-2.28,,788593984.00,A
2016-08-23,1683.12,1704.71,1674.85,1681.86,-0.08,,810753024.00,A
2016-08-24,1681.86,1731.07,1682.14,1730.62,2.90,,949550976.00,A
2016-08-28,1730.62,1758.90,1730.48,1748.23,1.02,,1310380032.00,A
2016-08-29,1748.23,1767.60,1747.71,1766.54,1.05,,1410509952.00,A
2016-08-30,1766.54,1790.29,1766.07,1788.08,1.22,,1400060032.00,A
2016-08-31,1788.08,1799.39,1781.43,1797.45,0.52,,1154460032.00,A
2016-09-01,1797.45,1806.13,1797.49,1805.18,0.43,,1293500032.00,A
2016-09-04,1805.18,1821.71,1804.33,1819.83,0.81,,1607699968.00,A
2016-09-05,1819.83,1840.78,1819.50,1838.90,1.05,,1791680000.00,A
2016-09-06,1838.90,1854.69,1818.36,1834.80,-0.22,,1760120064.00,A
2016-09-07,1834.80,1838.83,1818.64,1824.83,-0.54,,1533389952.00,A
2016-09-08,1824.83,1829.27,1816.90,1823.05,-0.10,,1383559936.00,A
2016-09-11,1823.05,1829.20,1815.61,1816.81,-0.34,,1093270016.00,A
2016-09-12,1816.81,1819.95,1809.31,1818.69,0.10,,1076189952.00,A
2016-09-14,1818.69,1821.90,1813.27,1815.17,-0.19,,1331490048.00,A
2016-09-18,1815.17,1818.70,1801.02,1804.48,-0.59,,2397339904.00,A
2016-09-20,1804.48,1807.62,1785.00,1786.50,-1.00,,1259800064.00,A
2016-09-21,1786.50,1788.34,1765.09,1779.13,-0.41,,899432000.00,A
2016-09-22,1786.50,1780.56,1766.25,1766.91,-0.69,,880014016.00,A
2016-09-25,1766.91,1767.82,1725.05,1730.64,-2.05,,1046030016.00,A
2016-09-26,1730.67,1758.22,1730.67,1757.10,1.53,,1011699968.00,A
2016-09-27,1757.10,1767.34,1750.30,1753.72,-0.19,,700600000.00,A
2016-09-28,1753.81,1756.59,1746.69,1749.10,-0.26,,710563008.00,A
2016-09-29,1749.19,1758.16,1744.10,1753.38,0.24,,768590976.00,A
2016-10-02,1753.48,1764.86,1753.21,1763.78,0.59,,853209984.00,A
2016-10-03,1763.90,1784.05,1763.67,1780.40,0.94,,761833984.00,A
2016-10-04,1780.41,1800.50,1780.41,1798.50,1.02,,1087990016.00,A
2016-10-05,1798.50,1806.70,1794.58,1806.60,0.45,,918851008.00,A
2016-10-06,1806.60,1822.41,1806.39,1819.88,0.74,,991689984.00,A
2016-10-16,1806.60,1820.96,1801.41,1803.74,-0.89,,593185984.00,A
2016-10-17,1803.74,1805.42,1784.19,1793.36,-0.58,,626633024.00,A
2016-10-18,1793.36,1794.67,1782.57,1792.73,-0.04,,500712000.00,A
2016-10-19,1792.73,1794.14,1784.79,1787.89,-0.27,,527768992.00,A
2016-10-20,1787.89,1795.24,1787.70,1794.47,0.37,,686382976.00,A
2016-10-23,1794.47,1798.33,1780.83,1782.39,-0.67,,954121984.00,A
2016-10-24,1782.39,1783.83,1763.77,1768.89,-0.76,,917342976.00,A
2016-10-25,1768.89,1769.17,1749.14,1751.00,-1.01,,702017024.00,A
2016-10-26,1751.00,1755.74,1736.71,1753.46,0.14,,771998976.00,A
2016-10-27,1753.46,1763.25,1752.62,1759.71,0.36,,670206976.00,A
2016-11-03,1759.71,1762.92,1753.22,1762.21,0.14,,513843008.00,A
2016-11-07,1762.21,1764.26,1748.93,1749.12,-0.74,,669728000.00,A
2016-11-08,1749.12,1749.51,1722.51,1724.49,-1.41,,729078976.00,A
2016-11-09,1724.49,1724.64,1692.46,1696.86,-1.60,,670987008.00,A
2016-11-10,1696.86,1711.91,1689.20,1697.17,0.02,,702545984.00,A
2016-11-13,1697.17,1708.18,1690.79,1700.00,0.17,,718371968.00,A
2016-11-14,1700.00,1708.84,1700.77,1706.28,0.37,,770372992.00,A
2016-11-15,1706.28,1714.60,1699.88,1701.91,-0.26,,802971008.00,A
2016-11-16,1701.91,1709.61,1695.94,1698.90,-0.18,,1170429952.00,A
2016-11-17,1698.90,1700.95,1657.37,1658.08,-2.40,,1448920064.00,A
2016-11-20,1658.08,1658.51,1577.71,1599.62,-3.53,,1225080064.00,A
2016-11-21,1599.62,1618.95,1572.17,1606.29,0.42,,893379008.00,A
2016-11-22,1606.29,1606.19,1574.81,1582.47,-1.48,,813587008.00,A
2016-11-23,1582.47,1583.00,1539.04,1540.01,-2.68,,1037779968.00,A
2016-11-24,1540.01,1572.72,1516.74,1534.03,-0.39,,913265984.00,A
2016-11-27,1534.03,1536.53,1468.99,1469.48,-4.21,,891988992.00,A
2016-11-28,1469.48,1512.19,1404.20,1510.16,2.77,,1088150016.00,A
2016-11-29,1510.16,1554.59,1468.28,1553.68,2.88,,1173600000.00,A
2016-11-30,1553.68,1608.37,1553.42,1608.33,3.52,,1348320000.00,A
2016-12-01,1608.33,1624.79,1586.47,1600.49,-0.49,,1186850048.00,A
2016-12-04,1600.49,1600.63,1569.47,1570.95,-1.85,,702654016.00,A
2016-12-05,1570.95,1573.97,1541.21,1544.60,-1.68,,639254976.00,A
2016-12-06,1544.60,1559.54,1536.78,1554.51,0.64,,711153984.00,A
2016-12-07,1554.51,1557.42,1548.01,1553.90,-0.04,,488444000.00,A
2016-12-08,1553.90,1554.24,1541.52,1544.68,-0.59,,584075008.00,A
2016-12-11,1544.68,1546.21,1522.64,1522.80,-1.42,,388068000.00,A
2016-12-12,1522.80,1523.98,1495.91,1509.43,-0.88,,519555008.00,A
2016-12-14,1509.43,1518.07,1502.10,1516.08,0.44,,466484992.00,A
2016-12-15,1516.08,1531.32,1514.17,1530.06,0.92,,479159008.00,A
2016-12-18,1530.06,1531.43,1518.74,1531.35,0.08,,566508992.00,A
2016-12-19,1531.35,1532.00,1512.79,1514.88,-1.08,,537187008.00,A
2016-12-20,1514.88,1515.08,1494.76,1495.99,-1.25,,668400000.00,A
2016-12-21,1495.99,1496.23,1469.55,1470.63,-1.70,,475655008.00,A
2016-12-22,1470.63,1480.19,1466.75,1475.41,0.33,,444880992.00,A
2016-12-26,1475.41,1476.50,1432.57,1432.57,-2.90,,458576992.00,A
2016-12-27,1432.57,1433.60,1394.18,1407.53,-1.75,,546097024.00,A
2016-12-28,1407.53,1422.89,1402.81,1413.15,0.40,,433379008.00,A
2016-12-29,1413.15,1454.64,1412.90,1443.38,2.14,,560499008.00,A
2017-01-01,1443.38,1476.82,1443.80,1465.72,1.55,,561280000.00,A
2017-01-02,1465.72,1484.89,1465.72,1482.85,1.17,,494264992.00,A
2017-01-03,1482.85,1484.26,1456.69,1456.82,-1.76,,385836992.00,A
2017-01-04,1456.82,1462.83,1442.51,1457.82,0.07,,320670016.00,A
2017-01-05,1457.82,1465.72,1451.36,1454.14,-0.25,,326768000.00,A
2017-01-08,1454.14,1453.89,1445.66,1447.45,-0.46,,385014016.00,A
2017-01-09,1447.45,1461.23,1447.50,1458.97,0.80,,261236992.00,A
2017-01-10,1458.97,1477.81,1460.60,1476.90,1.23,,356823008.00,A
2017-01-11,1476.90,1484.57,1473.71,1476.51,-0.03,,290327008.00,A
2017-01-12,1476.51,1481.77,1476.26,1479.86,0.23,,257332992.00,A
2017-01-15,1479.86,1484.43,1476.25,1477.72,-0.14,,267938000.00,A
2017-01-16,1477.72,1480.07,1465.53,1466.09,-0.79,,260408992.00,A
2017-01-17,1466.09,1467.38,1454.99,1463.04,-0.21,,333654016.00,A
2017-01-18,1463.04,1463.66,1456.95,1462.23,-0.05,,291684992.00,A
2017-01-19,1462.23,1468.86,1461.42,1462.56,0.02,,297208992.00,A
2017-01-22,1462.56,1468.72,1462.41,1465.84,0.22,,231915008.00,A
2017-01-23,1465.84,1467.01,1457.85,1457.88,-0.54,,298895008.00,A
2017-01-24,1457.88,1460.37,1432.99,1432.99,-1.71,,317612992.00,A
2017-01-25,1432.99,1433.63,1395.91,1396.61,-2.54,,398868000.00,A
2017-01-26,1396.61,1396.61,1357.31,1375.14,-1.54,,490808000.00,A
2017-01-30,1375.14,1375.93,1307.62,1309.70,-4.76,,512318016.00,A
2017-01-31,1309.70,1335.23,1292.98,1326.60,1.29,,469633984.00,A
2017-02-01,1326.60,1390.56,1326.60,1389.83,4.77,,564668032.00,A
2017-02-02,1389.83,1416.93,1377.19,1382.45,-0.53,,516676000.00,A
2017-02-05,1382.45,1384.00,1353.76,1364.50,-1.30,,255400992.00,A
2017-02-06,1364.50,1364.86,1346.19,1348.84,-1.15,,222291008.00,A
2017-02-07,1348.84,1350.96,1338.06,1344.60,-0.31,,297356992.00,A
2017-02-08,1344.60,1346.26,1321.23,1322.98,-1.61,,324199008.00,A
2017-02-09,1322.98,1323.32,1296.20,1296.23,-2.02,,411400992.00,A
2017-02-12,1296.23,1297.30,1252.42,1252.50,-3.37,,451153984.00,A
2017-02-13,1252.50,1278.98,1218.86,1278.98,2.11,,462281984.00,A
2017-02-14,1278.98,1284.04,1260.84,1274.97,-0.31,,390963008.00,A
2017-02-15,1274.97,1316.81,1275.06,1316.80,3.28,,520287008.00,A
2017-02-16,1316.80,1345.33,1314.08,1343.85,2.05,,621523968.00,A
2017-02-19,1343.85,1369.41,1326.71,1369.35,1.90,,628798016.00,A
2017-02-20,1369.35,1394.06,1361.05,1365.11,-0.31,,798889024.00,A
2017-02-21,1365.11,1385.90,1346.59,1357.57,-0.55,,577590016.00,A
2017-02-22,1357.57,1358.91,1338.45,1344.11,-0.99,,319015008.00,A
2017-02-23,1344.11,1344.07,1335.68,1337.46,-0.49,,269056000.00,A
2017-02-26,1337.46,1338.49,1313.01,1313.01,-1.83,,245987008.00,A
2017-02-28,1313.01,1313.01,1294.19,1299.29,-1.04,,528111008.00,A
2017-03-01,1299.29,1316.96,1299.10,1316.80,1.35,,314716000.00,A
2017-03-02,1316.80,1329.41,1316.80,1329.41,0.96,,400524992.00,A
2017-03-05,1329.41,1358.27,1328.00,1354.34,1.88,,558435968.00,A
2017-03-06,1354.34,1371.53,1353.47,1358.41,0.30,,732656000.00,A
2017-03-07,1358.41,1358.48,1339.27,1341.56,-1.24,,402360992.00,A
2017-03-09,1341.56,1353.45,1341.48,1347.53,0.44,,452680992.00,A
2017-03-13,1347.53,1359.49,1347.56,1355.23,0.57,,335582016.00,A
2017-03-14,1355.23,1360.37,1346.70,1347.09,-0.60,,309343008.00,A
2017-03-15,1347.09,1358.24,1340.30,1356.13,0.67,,287448992.00,A
2017-03-16,1356.13,1359.65,1354.75,1357.34,0.09,,417496000.00,A
2017-03-19,1357.34,1382.30,1357.08,1382.19,1.83,,640144000.00,A
2017-03-20,1382.19,1424.78,1381.87,1424.38,3.05,,1205650048.00,A
2017-03-21,1424.38,1463.09,1412.97,1462.23,2.66,,1313200000.00,A
2017-03-22,1462.23,1513.19,1462.23,1481.08,1.29,,1306419968.00,A
2017-03-23,1481.08,1495.58,1469.57,1486.04,0.33,,961484032.00,A
2017-03-26,1486.04,1546.48,1486.04,1533.83,3.22,,1511490048.00,A
2017-03-28,1533.83,1610.67,1533.83,1610.62,5.01,,1339960064.00,A
2017-03-29,1610.62,1644.77,1587.21,1588.29,-1.39,,2043980032.00,A
2017-03-30,1588.29,1600.57,1569.43,1587.64,-0.04,,1447270016.00,A
2017-04-02,1587.64,1667.11,1587.64,1667.11,5.01,,903900032.00,A
2017-04-03,1667.11,1746.82,1648.21,1660.52,-0.40,,2442589952.00,A
2017-04-04,1660.52,1675.95,1635.22,1657.02,-0.21,,1566310016.00,A
2017-04-06,1657.02,1666.91,1642.91,1651.04,-0.36,,1351320064.00,A
2017-04-09,1651.04,1665.55,1644.31,1651.60,0.03,,1194230016.00,A
2017-04-10,1651.60,1677.18,1651.28,1676.22,1.49,,1542029952.00,A
2017-04-11,1676.22,1710.74,1676.25,1709.82,2.00,,1860470016.00,A
2017-04-12,1709.82,1737.91,1702.70,1703.07,-0.40,,1986259968.00,A
2017-04-13,1703.07,1709.08,1679.68,1697.13,-0.35,,1391820032.00,A
2017-04-16,1697.13,1704.02,1651.10,1651.61,-2.68,,1163069952.00,A
2017-04-18,1651.61,1651.74,1603.59,1612.04,-2.40,,1458509952.00,A
2017-04-19,1612.04,1662.02,1609.80,1662.02,3.10,,1037200000.00,A
2017-04-20,1662.02,1684.33,1653.62,1658.34,-0.22,,1299580032.00,A
2017-04-23,1658.34,1724.54,1659.46,1693.72,2.13,,1515859968.00,A
2017-04-24,1693.72,1696.85,1673.08,1675.78,-1.06,,941086976.00,A
2017-04-25,1675.78,1682.91,1668.71,1672.38,-0.20,,1036600000.00,A
2017-04-26,1672.38,1677.90,1666.09,1670.30,-0.12,,856094976.00,A
2017-04-27,1670.30,1679.31,1656.68,1670.62,0.02,,1063420032.00,A
2017-04-30,1670.62,1670.69,1648.11,1650.78,-1.19,,747966016.00,A
2017-05-02,1650.78,1667.97,1642.37,1658.33,0.46,,874723968.00,A
2017-05-03,1658.33,1679.82,1658.88,1662.38,0.24,,864366976.00,A
2017-05-04,1662.38,1668.30,1652.21,1653.18,-0.55,,752230976.00,A
2017-05-07,1653.18,1655.72,1625.76,1628.98,-1.46,,668144000.00,A
2017-05-08,1628.98,1647.21,1627.02,1637.30,0.51,,560332032.00,A
2017-05-09,1637.30,1651.09,1637.21,1650.81,0.83,,597118976.00,A
2017-05-11,1650.81,1659.05,1650.72,1658.58,0.47,,840556032.00,A
2017-05-15,1658.58,1675.57,1658.16,1659.23,0.04,,596112000.00,A
2017-05-16,1659.23,1660.52,1647.63,1649.24,-0.60,,447912000.00,A
2017-05-17,1649.24,1655.09,1644.25,1644.26,-0.30,,574614976.00,A
2017-05-18,1644.26,1646.04,1635.65,1643.87,-0.02,,757734976.00,A
2017-05-21,1643.87,1648.35,1625.49,1627.24,-1.01,,641156992.00,A
2017-05-22,1627.24,1629.38,1612.07,1616.40,-0.67,,513321984.00,A
2017-05-23,1616.40,1636.14,1611.61,1626.51,0.63,,754849024.00,A
2017-05-24,1626.51,1632.11,1615.18,1629.58,0.19,,629254976.00,A
2017-05-28,1629.58,1629.90,1611.22,1615.58,-0.86,,723315968.00,A
2017-05-30,1615.58,1616.07,1592.40,1594.43,-1.31,,732868992.00,A
2017-05-31,1594.43,1612.80,1582.72,1608.11,0.86,,649315968.00,A
2017-06-01,1608.11,1614.85,1604.20,1604.31,-0.24,,562675968.00,A
2017-06-04,1604.31,1606.13,1590.67,1593.81,-0.65,,527332000.00,A
2017-06-05,1593.81,1610.30,1593.90,1602.65,0.55,,546643008.00,A
2017-06-06,1602.65,1637.39,1602.65,1637.37,2.17,,896185024.00,A
2017-06-07,1637.37,1651.29,1622.27,1623.13,-0.87,,752364032.00,A
2017-06-08,1623.13,1623.50,1610.02,1615.19,-0.49,,474460992.00,A
2017-06-11,1615.19,1618.98,1589.71,1590.49,-1.53,,646574976.00,A
2017-06-12,1590.49,1593.39,1577.75,1580.52,-0.63,,482025984.00,A
2017-06-13,1580.52,1592.02,1576.46,1585.15,0.29,,468572000.00,A
2017-06-14,1585.15,1586.92,1581.41,1584.49,-0.04,,530158016.00,A
2017-06-15,1584.49,1605.01,1578.66,1589.59,0.32,,612854976.00,A
2017-06-18,1589.59,1591.90,1574.73,1575.98,-0.86,,533216000.00,A
2017-06-19,1575.98,1576.82,1554.09,1555.16,-1.32,,614467968.00,A
2017-06-20,1555.16,1560.35,1542.06,1551.07,-0.26,,552184000.00,A
2017-06-21,1551.07,1559.07,1548.04,1554.69,0.23,,425968000.00,A
2017-06-22,1554.69,1565.56,1554.43,1559.49,0.31,,494652000.00,A
2017-06-25,1559.49,1569.94,1559.30,1567.72,0.53,,582424000.00,A
2017-06-27,1567.72,1571.72,1563.04,1565.09,-0.17,,578462976.00,A
2017-06-28,1565.09,1566.35,1559.61,1563.81,-0.08,,450164992.00,A
2017-07-02,1563.81,1563.93,1539.75,1541.82,-1.41,,520582016.00,A
2017-07-03,1541.82,1551.98,1541.06,1544.29,0.16,,402097984.00,A
2017-07-04,1544.29,1546.13,1540.62,1541.28,-0.19,,354695008.00,A
2017-07-05,1541.28,1551.07,1537.99,1551.06,0.63,,455596992.00,A
2017-07-06,1551.06,1582.52,1550.77,1582.11,2.00,,712723008.00,A
2017-07-09,1582.11,1605.39,1561.79,1584.15,0.13,,1042430016.00,A
2017-07-10,1584.15,1584.34,1572.00,1575.22,-0.56,,642406976.00,A
2017-07-11,1575.22,1586.35,1571.75,1585.01,0.62,,544070976.00,A
2017-07-12,1585.01,1590.61,1582.06,1587.56,0.16,,561254016.00,A
2017-07-13,1587.56,1589.16,1578.94,1582.67,-0.31,,716166976.00,A
2017-07-16,1582.67,1584.38,1580.08,1583.57,0.06,,430724000.00,A
2017-07-17,1583.57,1604.31,1582.48,1604.15,1.30,,599289984.00,A
2017-07-18,1604.15,1638.41,1603.76,1638.41,2.14,,1102710016.00,A
2017-07-19,1638.41,1652.73,1634.97,1637.27,-0.07,,1107469952.00,A
2017-07-20,1637.27,1640.34,1633.60,1635.75,-0.09,,907945984.00,A
2017-07-23,1635.75,1640.30,1633.82,1635.56,-0.01,,1021249984.00,A
2017-07-24,1635.56,1636.01,1625.09,1629.08,-0.40,,1008200000.00,A
2017-07-25,1629.08,1645.57,1627.76,1636.19,0.44,,808281984.00,A
2017-07-26,1636.19,1649.53,1636.19,1645.03,0.54,,1109970048.00,A
2017-07-27,1645.03,1653.20,1637.67,1646.53,0.09,,1120790016.00,A
2017-07-30,1646.53,1649.93,1635.42,1643.28,-0.20,,932892992.00,A
2017-07-31,1643.28,1657.01,1643.28,1652.69,0.57,,978681024.00,A
2017-08-01,1652.69,1661.73,1652.36,1660.25,0.46,,1013820032.00,A
2017-08-02,1660.25,1668.55,1659.19,1662.74,0.15,,1019910016.00,A
2017-08-03,1662.74,1669.00,1658.88,1660.58,-0.13,,1081469952.00,A
2017-08-06,1660.58,1670.01,1659.99,1665.05,0.27,,962364992.00,A
2017-08-07,1665.05,1671.46,1663.26,1667.94,0.17,,868548992.00,A
2017-08-09,1667.94,1675.31,1661.25,1661.72,-0.37,,824171008.00,A
2017-08-10,1661.72,1664.11,1650.20,1653.53,-0.49,,869953984.00,A
2017-08-13,1653.53,1661.18,1640.84,1642.13,-0.69,,743803008.00,A
2017-08-15,1642.13,1644.74,1628.04,1629.16,-0.79,,701028992.00,A
2017-08-16,1629.16,1644.52,1625.01,1632.66,0.21,,631038976.00,A
2017-08-17,1632.66,1633.90,1624.05,1629.75,-0.18,,629568000.00,A
2017-08-20,1629.75,1633.72,1617.06,1617.97,-0.72,,705353984.00,A
2017-08-21,1617.97,1619.32,1609.41,1611.57,-0.40,,474737984.00,A
2017-08-22,1611.57,1622.68,1607.18,1614.05,0.15,,662060032.00,A
2017-08-23,1614.05,1617.58,1609.89,1611.27,-0.17,,574001024.00,A
2017-08-24,1611.27,1618.03,1608.96,1617.81,0.41,,555446976.00,A
2017-08-27,1617.81,1627.98,1617.86,1622.32,0.28,,718817984.00,A
2017-08-28,1622.32,1627.35,1611.91,1612.91,-0.58,,870353984.00,A
2017-08-30,1612.91,1614.75,1595.92,1598.36,-0.90,,848014976.00,A
2017-08-31,1598.36,1599.03,1577.68,1580.03,-1.15,,789476992.00,A
2017-09-04,1580.03,1580.86,1553.87,1554.56,-1.61,,809582016.00,A
2017-09-06,1554.56,1580.40,1554.56,1566.50,0.77,,702812032.00,A
2017-09-07,1566.50,1571.01,1553.99,1554.55,-0.76,,653435008.00,A
2017-09-10,1554.55,1556.77,1519.12,1519.66,-2.24,,877347968.00,A
2017-09-11,1519.66,1530.23,1510.23,1523.26,0.24,,727353984.00,A
2017-09-12,1523.26,1523.26,1499.55,1502.20,-1.38,,540275008.00,A
2017-09-13,1502.20,1509.24,1483.96,1493.20,-0.60,,591177984.00,A
2017-09-14,1493.20,1530.31,1489.40,1530.31,2.49,,591177984.00,A
2017-09-17,1530.31,1549.11,1528.94,1547.94,1.15,,576883008.00,A
2017-09-18,1547.94,1556.34,1541.31,1543.70,-0.27,,450840992.00,A
2017-09-20,1543.70,1546.89,1530.23,1539.81,-0.25,,414631008.00,A
2017-09-24,1539.81,1540.38,1534.61,1536.92,-0.19,,271105984.00,A
2017-09-25,1536.92,1545.65,1536.85,1545.44,0.55,,255570000.00,A
2017-09-26,1545.44,1553.44,1545.34,1549.46,0.26,,303448000.00,A
2017-10-03,1549.46,1556.35,1546.10,1556.35,0.44,,129759000.00,A
2017-10-04,1556.35,1558.61,1539.89,1542.65,-0.88,,272360992.00,A
2017-10-08,1542.65,1542.53,1492.20,1510.01,-2.12,,389966016.00,A
2017-10-09,1510.01,1513.06,1493.83,1501.89,-0.54,,308187008.00,A
2017-10-10,1501.89,1507.82,1493.97,1502.63,0.05,,297796000.00,A
2017-10-11,1502.63,1513.38,1499.38,1505.99,0.22,,274908000.00,A
2017-10-12,1505.99,1512.30,1505.52,1510.02,0.27,,386200992.00,A
2017-10-15,1510.02,1518.47,1507.95,1518.28,0.55,,498376000.00,A
2017-10-16,1518.28,1564.99,1518.28,1564.90,3.07,,545788032.00,A
2017-10-17,1564.90,1573.91,1552.12,1559.18,-0.37,,554140032.00,A
2017-10-18,1559.18,1568.52,1548.32,1568.35,0.59,,350052000.00,A
2017-10-22,1568.35,1586.89,1567.96,1571.92,0.23,,346168992.00,A
2017-10-23,1571.92,1575.67,1564.48,1568.30,-0.23,,377179008.00,A
2017-10-24,1568.30,1572.40,1562.56,1567.64,-0.04,,377179008.00,A
2017-10-25,1567.64,1568.06,1552.91,1553.72,-0.89,,409729984.00,A
2017-10-29,1553.72,1555.21,1539.41,1540.23,-0.87,,373524000.00,A
2017-10-30,1540.23,1542.91,1534.20,1536.72,-0.23,,389572000.00,A
2017-10-31,1536.72,1539.94,1528.12,1533.53,-0.21,,339512992.00,A
2017-11-01,1533.53,1535.88,1523.52,1526.51,-0.46,,368937984.00,A
2017-11-02,1526.51,1527.08,1519.77,1522.81,-0.24,,360876000.00,A
2017-11-05,1522.81,1524.43,1489.17,1496.46,-1.73,,581257024.00,A
2017-11-06,1496.46,1503.43,1480.32,1493.42,-0.20,,486160000.00,A
2017-11-07,1493.42,1503.32,1483.92,1484.45,-0.60,,377729984.00,A
2017-11-08,1484.45,1484.54,1459.40,1466.62,-1.20,,446584992.00,A
2017-11-09,1466.62,1475.83,1452.24,1460.73,-0.40,,444492992.00,A
2017-11-12,1460.73,1477.19,1456.66,1477.14,1.12,,323486016.00,A
2017-11-13,1477.14,1492.02,1476.86,1490.88,0.93,,514395008.00,A
2017-11-14,1490.88,1521.87,1490.82,1516.02,1.69,,681294016.00,A
2017-11-15,1516.02,1521.01,1503.97,1504.79,-0.74,,584502016.00,A
2017-11-16,1504.79,1506.81,1488.52,1489.06,-1.05,,416516000.00,A
2017-11-19,1489.06,1494.20,1475.04,1475.72,-0.90,,424575008.00,A
2017-11-20,1475.72,1476.53,1467.07,1469.16,-0.44,,354720000.00,A
2017-11-21,1469.16,1481.30,1465.89,1472.24,0.21,,290092000.00,A
2017-11-22,1469.16,1482.05,1470.97,1480.26,0.54,,295387008.00,A
2017-11-23,1480.26,1494.10,1480.26,1493.29,0.88,,426372000.00,A
2017-11-26,1493.29,1516.73,1493.29,1514.34,1.41,,588665984.00,A
2017-11-27,1514.34,1521.15,1508.22,1513.74,-0.04,,640464000.00,A
2017-11-28,1513.74,1524.01,1510.23,1523.86,0.67,,542232000.00,A
2017-11-29,1523.86,1548.67,1523.86,1536.12,0.80,,1009910016.00,A
2017-11-30,1536.12,1540.84,1527.14,1537.67,0.10,,714825984.00,A
2017-12-04,1537.67,1544.93,1524.54,1526.77,-0.71,,525312992.00,A
2017-12-05,1526.77,1528.63,1517.99,1524.87,-0.12,,490348992.00,A
2017-12-06,1524.87,1537.51,1524.36,1536.54,0.77,,608851968.00,A
2017-12-10,1536.54,1556.84,1529.12,1530.49,-0.39,,807576000.00,A
2017-12-11,1530.49,1533.01,1520.19,1527.75,-0.18,,379048000.00,A
2017-12-12,1527.75,1530.84,1509.86,1510.21,-1.15,,556129984.00,A
2017-12-13,1510.21,1520.81,1504.13,1520.74,0.70,,430999008.00,A
2017-12-14,1520.74,1524.39,1515.16,1520.15,-0.04,,404048000.00,A
2017-12-17,1520.15,1520.95,1505.84,1509.14,-0.72,,479945984.00,A
2017-12-18,1509.14,1516.90,1507.68,1508.25,-0.06,,518272992.00,A
2017-12-19,1508.25,1510.96,1493.00,1493.76,-0.96,,490559008.00,A
2017-12-20,1493.76,1494.06,1482.52,1484.47,-0.62,,391591008.00,A
2017-12-21,1484.47,1487.16,1470.64,1472.15,-0.83,,447976000.00,A
2017-12-24,1472.15,1481.06,1466.46,1467.68,-0.30,,500308000.00,A
2017-12-26,1467.68,1470.84,1445.25,1447.04,-1.41,,523652992.00,A
2017-12-27,1447.04,1447.30,1421.29,1425.51,-1.49,,643049984.00,A
2017-12-28,1425.51,1427.47,1409.31,1414.78,-0.75,,732625984.00,A
2017-12-31,1414.78,1414.87,1382.33,1390.58,-1.71,,422227008.00,A
2018-01-01,1390.58,1434.95,1390.59,1434.80,3.18,,462478016.00,A
2018-01-02,1434.80,1453.85,1429.85,1437.24,0.17,,603081984.00,A
2018-01-03,1437.24,1439.24,1414.96,1416.61,-1.44,,435828992.00,A
2018-01-04,1416.61,1423.83,1414.74,1423.83,0.51,,365937984.00,A
2018-01-07,1423.83,1435.23,1422.31,1431.80,0.56,,316608992.00,A
2018-01-08,1431.80,1448.78,1431.80,1443.80,0.84,,444126016.00,A
2018-01-09,1443.80,1457.90,1441.88,1456.07,0.85,,459059008.00,A
2018-01-10,1456.07,1457.89,1439.87,1440.29,-1.08,,356148000.00,A
2018-01-14,1440.29,1442.03,1426.45,1431.10,-0.64,,316456000.00,A
2018-01-16,1431.10,1431.17,1408.88,1413.71,-1.22,,340700992.00,A
2018-01-17,1413.71,1413.77,1399.39,1406.52,-0.51,,398921984.00,A
2018-01-21,1406.52,1413.45,1402.31,1402.67,-0.27,,381268992.00,A
2018-01-22,1402.67,1407.28,1400.60,1402.09,-0.04,,336096000.00,A
2018-01-23,1402.09,1402.94,1392.09,1393.04,-0.65,,301217984.00,A
2018-01-24,1393.04,1397.10,1391.35,1394.73,0.12,,218552000.00,A
2018-01-25,1394.73,1404.53,1394.28,1404.53,0.70,,271240000.00,A
2018-01-28,1404.53,1411.68,1403.46,1405.95,0.10,,341291008.00,A
2018-01-29,1405.95,1407.86,1397.73,1402.23,-0.26,,261374000.00,A
2018-01-31,1402.23,1405.99,1399.67,1404.49,0.16,,291264000.00,A
2018-02-01,1404.49,1415.18,1403.15,1411.52,0.50,,396398016.00,A
2018-02-04,1404.49,1418.21,1409.62,1410.51,-0.07,,440143008.00,A
2018-02-05,1404.49,1413.14,1399.20,1400.05,-0.74,,287900992.00,A
2018-02-06,1400.05,1401.58,1393.16,1394.03,-0.43,,222879008.00,A
2018-02-07,1394.03,1395.25,1380.99,1382.02,-0.86,,255580000.00,A
2018-02-08,1382.02,1391.12,1378.58,1391.03,0.65,,256940000.00,A
2018-02-11,1391.03,1394.37,1383.95,1384.71,-0.45,,194698000.00,A
2018-02-12,1384.71,1385.87,1378.64,1380.29,-0.32,,218002000.00,A
2018-02-14,1380.29,1389.04,1376.18,1388.94,0.63,,277982016.00,A
2018-02-15,1388.94,1426.56,1388.94,1424.95,2.59,,628467008.00,A
2018-02-18,1424.95,1444.94,1413.07,1413.90,-0.78,,567721984.00,A
2018-02-20,1413.90,1424.38,1396.59,1396.72,-1.22,,310777984.00,A
2018-02-21,1396.72,1397.66,1386.00,1387.08,-0.69,,244471008.00,A
2018-02-22,1387.08,1395.40,1382.04,1386.98,-0.01,,330896992.00,A
2018-02-25,1386.98,1389.31,1374.08,1374.73,-0.88,,252644000.00,A
2018-02-26,1374.73,1379.78,1356.64,1358.95,-1.15,,446529984.00,A
2018-02-27,1358.95,1377.62,1358.69,1364.81,0.43,,437884992.00,A
2018-02-28,1364.81,1364.96,1343.80,1345.99,-1.38,,491740992.00,A
2018-03-04,1345.99,1345.79,1291.42,1304.43,-3.09,,440904000.00,A
2018-03-05,1304.43,1319.54,1286.19,1287.74,-1.28,,371527008.00,A
2018-03-06,1287.74,1306.10,1267.23,1296.44,0.68,,430979008.00,A
2018-03-07,1296.44,1315.13,1295.83,1315.13,1.44,,422131008.00,A
2018-03-11,1315.13,1315.51,1283.85,1284.09,-2.36,,303252992.00,A
2018-03-12,1284.09,1289.52,1273.03,1277.01,-0.55,,297712992.00,A
2018-03-13,1277.01,1281.90,1276.68,1281.90,0.38,,226427008.00,A
2018-03-14,1281.90,1285.96,1279.28,1285.96,0.32,,168392000.00,A
2018-03-15,1285.96,1298.68,1284.75,1288.36,0.19,,221290000.00,A
2018-03-18,1288.36,1292.72,1277.53,1278.96,-0.73,,266955008.00,A
2018-03-19,1278.96,1281.34,1269.25,1270.52,-0.66,,256922000.00,A
2018-03-20,1270.52,1271.13,1249.60,1255.47,-1.18,,302363008.00,A
2018-03-21,1255.47,1257.52,1224.39,1231.07,-1.94,,360376992.00,A
2018-03-22,1231.07,1238.61,1207.56,1220.44,-0.86,,431647008.00,A
2018-03-26,1220.44,1220.44,1166.01,1168.55,-4.25,,453727008.00,A
2018-03-27,1168.55,1217.39,1134.92,1207.71,3.35,,468104000.00,A
2018-03-28,1207.71,1222.95,1187.04,1204.81,-0.24,,493057984.00,A
2018-03-29,1204.81,1222.58,1204.69,1220.29,1.28,,321771008.00,A
2018-04-01,1204.81,1222.63,1185.51,1196.24,-1.97,,293590016.00,A
2018-04-02,1196.24,1199.78,1191.24,1192.96,-0.27,,184803008.00,A
2018-04-03,1192.96,1200.35,1188.51,1199.00,0.51,,213594000.00,A
2018-04-04,1199.00,1227.97,1199.06,1226.45,2.29,,318393984.00,A
2018-04-05,1226.45,1250.49,1226.45,1250.39,1.95,,605590976.00,A
2018-04-08,1250.39,1303.30,1250.19,1294.65,3.54,,885886976.00,A
2018-04-09,1294.65,1316.60,1286.76,1287.78,-0.53,,796424000.00,A
2018-04-10,1287.78,1292.00,1266.85,1270.23,-1.36,,333681984.00,A
2018-04-11,1270.23,1273.35,1257.92,1273.33,0.24,,250412000.00,A
2018-04-12,1273.33,1285.54,1273.37,1277.55,0.33,,404896992.00,A
2018-04-15,1277.55,1280.90,1259.21,1280.15,0.20,,292868992.00,A
2018-04-16,1280.15,1302.10,1277.01,1297.57,1.36,,560924992.00,A
2018-04-17,1297.57,1334.45,1297.58,1331.18,2.59,,916345984.00,A
2018-04-18,1331.18,1392.16,1327.78,1363.01,2.39,,1064979968.00,A
2018-04-19,1363.01,1391.74,1361.18,1388.31,1.86,,1044529984.00,A
2018-04-22,1388.31,1438.57,1388.66,1438.49,3.61,,1154540032.00,A
2018-04-23,1438.49,1461.21,1398.41,1410.85,-1.92,,1457789952.00,A
2018-04-24,1410.85,1413.99,1391.19,1394.86,-1.13,,688872000.00,A
2018-04-25,1394.86,1399.46,1384.59,1386.47,-0.60,,529377984.00,A
2018-04-26,1386.47,1392.63,1354.19,1357.22,-2.11,,567923968.00,A
2018-04-29,1357.22,1362.66,1337.93,1349.01,-0.60,,378035008.00,A
2018-05-02,1349.01,1360.87,1335.39,1360.38,0.84,,362500000.00,A
2018-05-03,1360.38,1376.68,1360.41,1366.15,0.42,,710668992.00,A
2018-05-06,1366.15,1366.67,1353.40,1353.64,-0.92,,345672992.00,A
2018-05-07,1353.64,1353.79,1344.00,1345.37,-0.61,,406921984.00,A
2018-05-08,1345.37,1361.02,1344.32,1361.02,1.16,,476043008.00,A
2018-05-09,1361.02,1365.62,1352.67,1356.15,-0.36,,331771008.00,A
2018-05-10,1356.15,1356.93,1348.45,1348.45,-0.57,,332507008.00,A
2018-05-14,1348.45,1350.14,1337.44,1338.17,-0.76,,395136992.00,A
2018-05-15,1338.17,1341.18,1332.41,1333.85,-0.32,,136671008.00,A
2018-05-16,1333.85,1338.45,1333.54,1338.01,0.31,,213126000.00,A
2018-05-17,1338.01,1348.12,1337.65,1339.65,0.12,,276532000.00,A
2018-05-20,1339.65,1356.94,1335.94,1339.19,-0.03,,322665984.00,A
2018-05-21,1339.19,1340.72,1332.27,1337.13,-0.15,,300710016.00,A
2018-05-22,1337.15,1338.29,1331.81,1332.82,-0.32,,310732992.00,A
2018-05-23,1332.82,1333.05,1326.28,1328.27,-0.34,,290099008.00,A
2018-05-24,1328.27,1331.02,1317.34,1318.22,-0.76,,364064992.00,A
2018-05-27,1318.22,1318.30,1300.13,1300.41,-1.35,,368198016.00,A
2018-05-28,1300.41,1336.71,1291.34,1336.39,2.77,,397385984.00,A
2018-05-29,1336.39,1340.60,1322.34,1327.21,-0.69,,407628992.00,A
2018-05-30,1327.21,1341.71,1318.24,1322.27,-0.37,,428747008.00,A
2018-05-31,1327.21,1323.11,1305.61,1307.66,-1.10,,327692000.00,A
2018-06-03,1307.66,1307.63,1273.02,1273.95,-2.58,,496812000.00,A
2018-06-04,1273.95,1281.98,1258.58,1268.84,-0.40,,403524992.00,A
2018-06-06,1268.84,1295.82,1268.91,1282.75,1.10,,189312992.00,A
2018-06-07,1282.75,1285.84,1256.75,1257.07,-2.00,,413830016.00,A
2018-06-10,1257.07,1259.04,1231.06,1231.64,-2.02,,427745984.00,A
2018-06-11,1231.64,1252.70,1223.78,1241.19,0.78,,371065984.00,A
2018-06-12,1241.19,1244.85,1230.42,1239.26,-0.16,,271081984.00,A
2018-06-13,1239.26,1243.10,1235.01,1242.07,0.23,,189940992.00,A
2018-06-14,1239.26,1252.87,1241.85,1247.30,0.42,,269468000.00,A
2018-06-17,1247.30,1248.62,1232.41,1233.23,-1.13,,226919008.00,A
2018-06-18,1233.23,1235.15,1221.92,1235.15,0.16,,188058000.00,A
2018-06-19,1235.15,1236.48,1223.93,1226.18,-0.73,,189708992.00,A
2018-06-20,1226.18,1226.83,1217.46,1217.84,-0.68,,242912992.00,A
2018-06-21,1217.84,1225.43,1211.31,1218.46,0.05,,170062000.00,A
2018-06-24,1218.46,1227.74,1216.21,1219.81,0.11,,173104992.00,A
2018-06-25,1219.81,1220.76,1209.02,1210.09,-0.80,,178132000.00,A
2018-06-26,1210.09,1211.17,1194.35,1194.80,-1.26,,208990000.00,A
2018-06-27,1194.80,1205.53,1190.95,1199.42,0.39,,159571008.00,A
2018-06-28,1199.42,1203.96,1197.34,1198.54,-0.07,,219600992.00,A
2018-07-01,1198.54,1199.05,1183.52,1184.53,-1.17,,187736992.00,A
2018-07-02,1184.53,1187.04,1174.83,1179.71,-0.41,,196692992.00,A
2018-07-03,1179.71,1183.03,1174.56,1180.36,0.06,,180480000.00,A
2018-07-04,1180.36,1190.17,1175.88,1188.40,0.68,,226062000.00,A
2018-07-05,1188.40,1224.41,1188.37,1224.41,3.03,,445847008.00,A
2018-07-08,1224.41,1240.93,1224.37,1224.39,0.00,,453251008.00,A
2018-07-09,1224.39,1226.09,1204.95,1206.43,-1.47,,381536000.00,A
2018-07-10,1206.43,1214.45,1202.79,1205.93,-0.04,,252370000.00,A
2018-07-11,1205.93,1221.75,1204.29,1205.64,-0.02,,353544992.00,A
2018-07-12,1205.64,1210.60,1190.09,1191.98,-1.13,,372244992.00,A
2018-07-15,1191.98,1200.31,1192.00,1200.09,0.68,,160974000.00,A
2018-07-16,1200.09,1212.36,1197.06,1212.36,1.02,,93616400.00,A
2018-07-17,1212.36,1214.85,1202.85,1204.31,-0.66,,192836992.00,A
2018-07-18,1204.31,1205.15,1196.21,1198.77,-0.46,,163767008.00,A
2018-07-19,1198.77,1199.54,1192.78,1193.39,-0.45,,239239008.00,A
2018-07-22,1193.39,1194.00,1181.12,1181.66,-0.98,,198144992.00,A
2018-07-23,1181.66,1194.90,1181.40,1194.50,1.09,,178876992.00,A
2018-07-24,1194.50,1213.15,1194.09,1199.27,0.40,,281844992.00,A
2018-07-25,1194.50,1200.00,1192.26,1194.35,-0.41,,148591008.00,A
2018-07-26,1194.35,1197.00,1188.15,1191.20,-0.26,,179884992.00,A
2018-07-29,1191.20,1196.79,1191.20,1194.82,0.30,,175888992.00,A
2018-07-30,1194.82,1198.56,1193.17,1194.38,-0.04,,271272992.00,A
2018-07-31,1194.38,1196.56,1189.77,1191.47,-0.24,,162706000.00,A
2018-08-01,1191.47,1194.61,1190.04,1193.87,0.20,,166588000.00,A
2018-08-02,1193.87,1195.94,1191.13,1191.31,-0.21,,185231008.00,A
2018-08-05,1191.31,1192.53,1188.44,1189.88,-0.12,,158752992.00,A
2018-08-06,1189.88,1192.97,1188.05,1189.67,-0.02,,156654000.00,A
2018-08-07,1189.67,1192.06,1186.26,1188.21,-0.12,,171795008.00,A
2018-08-08,1188.21,1190.30,1186.09,1187.32,-0.08,,139159008.00,A
2018-08-09,1187.32,1189.23,1179.25,1180.63,-0.56,,185994000.00,A
2018-08-12,1180.63,1181.58,1163.41,1163.94,-1.41,,240828992.00,A
2018-08-13,1163.94,1174.62,1161.96,1174.37,0.90,,162339008.00,A
2018-08-14,1174.37,1181.39,1170.09,1180.98,0.56,,179439008.00,A
2018-08-15,1180.98,1210.09,1180.99,1209.71,2.43,,315848000.00,A
2018-08-16,1209.71,1218.71,1203.14,1210.32,0.05,,410744992.00,A
2018-08-19,1210.32,1210.75,1195.70,1196.29,-1.16,,281052992.00,A
2018-08-20,1196.29,1196.84,1185.82,1188.07,-0.69,,193962000.00,A
2018-08-21,1188.08,1188.27,1181.98,1183.89,-0.35,,173720000.00,A
2018-08-22,1183.89,1185.34,1180.26,1182.42,-0.12,,105630000.00,A
2018-08-23,1182.42,1183.13,1175.35,1178.50,-0.33,,261260992.00,A
2018-08-26,1178.50,1178.67,1175.50,1175.72,-0.24,,131823000.00,A
2018-08-28,1175.72,1177.09,1172.78,1177.09,0.12,,176827008.00,A
2018-08-29,1177.09,1177.79,1171.00,1172.30,-0.41,,177668000.00,A
2018-08-30,1172.30,1181.69,1170.69,1181.69,0.80,,214779008.00,A
2018-09-02,1181.69,1191.93,1178.59,1190.28,0.73,,283239008.00,A
2018-09-03,1190.28,1213.86,1190.27,1206.26,1.34,,519075008.00,A
2018-09-04,1206.26,1214.20,1202.68,1210.24,0.33,,405795008.00,A
2018-09-05,1210.24,1243.61,1210.30,1234.13,1.97,,690163008.00,A
2018-09-06,1234.15,1247.35,1224.25,1229.77,-0.35,,695782016.00,A
2018-09-09,1229.77,1230.37,1217.33,1218.98,-0.88,,298512992.00,A
2018-09-10,1218.98,1220.25,1206.88,1210.88,-0.66,,234584000.00,A
2018-09-11,1210.88,1224.60,1210.88,1217.65,0.56,,314528000.00,A
2018-09-12,1217.65,1230.96,1215.62,1230.71,1.07,,399812000.00,A
2018-09-13,1230.71,1246.24,1230.80,1244.84,1.15,,687436992.00,A
2018-09-16,1244.84,1270.19,1244.99,1256.53,0.94,,886097024.00,A
2018-09-17,1256.55,1261.19,1247.90,1256.40,-0.01,,579804992.00,A
2018-09-18,1256.40,1261.61,1251.25,1258.81,0.19,,440420000.00,A
2018-09-20,1258.81,1260.96,1249.78,1255.07,-0.30,,528860992.00,A
2018-09-23,1255.09,1260.39,1250.90,1257.68,0.21,,618721024.00,A
2018-09-25,1257.68,1283.45,1257.74,1280.05,1.78,,1051049984.00,A
2018-09-26,1280.05,1288.52,1270.05,1277.74,-0.18,,890030016.00,A
2018-09-27,1277.74,1278.71,1266.18,1267.18,-0.83,,492740992.00,A
2018-09-30,1267.18,1267.76,1253.44,1256.71,-0.83,,561558976.00,A
2018-10-01,1256.71,1258.26,1237.97,1238.67,-1.44,,524752000.00,A
2018-10-02,1238.67,1247.44,1237.53,1241.36,0.22,,440748992.00,A
2018-10-03,1241.36,1242.27,1230.60,1230.60,-0.87,,365169984.00,A
2018-10-04,1230.60,1231.84,1221.33,1227.37,-0.26,,365169984.00,A
2018-10-07,1227.37,1227.37,1212.88,1214.36,-1.06,,378448000.00,A
2018-10-08,1214.36,1222.78,1213.36,1220.52,0.51,,360992992.00,A
2018-10-09,1220.52,1227.07,1217.06,1217.93,-0.21,,336793984.00,A
2018-10-10,1217.93,1218.86,1213.58,1218.33,0.03,,218171008.00,A
2018-10-11,1218.33,1228.28,1214.77,1228.28,0.82,,231244000.00,A
2018-10-14,1228.28,1242.43,1228.16,1242.43,1.15,,265802000.00,A
2018-10-15,1242.43,1246.14,1241.48,1241.63,-0.06,,306736992.00,A
2018-10-21,1241.63,1248.51,1241.15,1246.52,0.39,,136048000.00,A
2018-10-22,1246.52,1248.09,1240.58,1244.54,-0.16,,167090000.00,A
2018-10-23,1244.54,1246.22,1238.63,1241.84,-0.22,,192782000.00,A
2018-10-24,1241.84,1250.45,1239.01,1249.93,0.65,,218378000.00,A
2018-10-25,1249.93,1250.30,1240.58,1241.11,-0.71,,270716000.00,A
2018-10-28,1241.11,1241.82,1225.38,1227.49,-1.10,,300731008.00,A
2018-10-29,1227.49,1227.49,1215.82,1216.93,-0.86,,214403008.00,A
2018-10-30,1216.93,1224.36,1216.00,1224.36,0.61,,213728000.00,A
2018-10-31,1224.36,1224.99,1218.83,1221.46,-0.24,,158274000.00,A
2018-11-01,1221.46,1223.76,1217.46,1220.98,-0.04,,241964000.00,A
2018-11-04,1220.98,1221.22,1206.48,1207.28,-1.12,,280206016.00,A
2018-11-05,1207.28,1219.75,1205.81,1219.20,0.99,,239046000.00,A
2018-11-06,1222.53,1222.53,1222.53,1222.53,0.27,,33213900.00,A
2018-11-11,1224.39,1224.39,1205.22,1205.22,-1.42,,98566496.00,A
2018-11-12,1204.64,1204.64,1192.22,1193.34,-0.99,,132057000.00,A
2018-11-13,1192.87,1209.10,1191.72,1207.57,1.19,,166104000.00,A
2018-11-14,1208.28,1209.23,1203.58,1208.89,0.11,,178260736.00,A
2018-11-15,1208.89,1213.63,1205.20,1205.02,-0.32,,236074000.00,A
2018-11-18,1203.94,1204.79,1194.18,1195.45,-0.79,,319399008.00,A
2018-11-19,1196.08,1196.15,1187.96,1190.20,-0.44,,207570000.00,A
2018-11-20,1189.97,1190.15,1181.66,1181.75,-0.72,,171414000.00,A
2018-11-21,1182.17,1182.74,1176.45,1182.55,0.07,,227711008.00,A
2018-11-22,1184.01,1184.92,1181.34,1181.24,-0.11,,248907008.00,A
2018-11-25,1181.96,1182.44,1166.01,1166.63,-1.24,,244220992.00,A
2018-11-26,1166.59,1167.19,1159.31,1159.82,-0.58,,293713984.00,A
2018-11-27,1159.75,1167.17,1159.75,1161.49,0.14,,218848992.00,A
2018-11-28,1161.50,1162.98,1158.75,1159.08,-0.21,,396228000.00,A
2018-11-29,1159.07,1160.42,1148.13,1148.36,-0.92,,314926016.00,A
2018-12-02,1148.29,1148.36,1129.89,1130.89,-1.52,,451952000.00,A
2018-12-03,1130.31,1144.00,1128.91,1131.73,0.08,,622254976.00,A
2018-12-04,1133.00,1142.01,1131.15,1142.01,0.91,,363332992.00,A
2018-12-05,1140.99,1142.06,1117.45,1118.13,-2.09,,329556992.00,A
2018-12-06,1117.97,1126.00,1109.32,1120.84,0.24,,338912992.00,A
2018-12-09,1121.16,1128.45,1121.10,1131.70,0.97,,218708992.00,A
2018-12-10,1131.43,1145.61,1131.43,1144.19,1.10,,386500000.00,A
2018-12-11,1143.85,1145.75,1139.95,1141.10,-0.27,,370360992.00,A
2018-12-12,1140.83,1143.70,1137.67,1141.18,0.01,,208110000.00,A
2018-12-13,1141.25,1153.17,1140.54,1148.78,0.67,,298800000.00,A
2018-12-16,1149.23,1168.59,1149.23,1167.67,1.64,,437036992.00,A
2018-12-17,1167.55,1182.81,1166.06,1182.78,1.29,,360561984.00,A
2018-12-18,1183.12,1185.36,1165.59,1168.17,-1.24,,512580992.00,A
2018-12-19,1168.29,1171.58,1158.88,1162.70,-0.47,,342703008.00,A
2018-12-20,1162.65,1173.80,1162.65,1165.97,0.28,,393798016.00,A
2018-12-23,1166.33,1198.18,1166.33,1198.18,2.76,,756868992.00,A
2018-12-24,1198.26,1207.88,1190.86,1191.74,-0.54,,695494976.00,A
2018-12-25,1192.61,1192.95,1182.41,1186.03,-0.48,,337190016.00,A
2018-12-26,1186.11,1216.27,1184.30,1216.27,2.55,,679681024.00,A
2018-12-27,1216.57,1232.74,1211.72,1215.16,-0.09,,1097720064.00,A
2018-12-30,1215.14,1219.29,1204.24,1204.54,-0.87,,433888992.00,A
2018-12-31,1204.68,1207.25,1188.19,1188.19,-1.36,,390624000.00,A
2019-01-01,1187.30,1196.18,1183.84,1185.91,-0.19,,227166000.00,A
2019-01-02,1185.91,1186.90,1180.43,1180.43,-0.46,,246231008.00,A
2019-01-03,1180.47,1184.95,1178.06,1178.87,-0.13,,262468000.00,A
2019-01-06,1178.25,1181.58,1170.11,1170.79,-0.69,,298870016.00,A
2019-01-07,1170.72,1181.17,1170.36,1177.46,0.57,,322203008.00,A
2019-01-08,1177.87,1180.85,1177.15,1177.07,-0.03,,332627008.00,A
2019-01-09,1177.87,1177.07,1183.12,1179.36,0.19,,275980992.00,A
2019-01-10,1179.36,1183.19,1179.36,1180.84,0.13,,344812992.00,A
2019-01-13,1181.53,1182.44,1173.46,1175.05,-0.49,,353560000.00,A
2019-01-14,1175.05,1179.00,1175.00,1178.03,0.25,,259270000.00,A
2019-01-15,1180.98,1195.54,1180.78,1195.54,1.49,,391993984.00,A
2019-01-16,1195.54,1200.32,1187.97,1187.97,-0.63,,474423008.00,A
2019-01-17,1190.66,1190.66,1186.52,1187.77,-0.02,,281347008.00,A
2019-01-20,1190.67,1191.41,1177.02,1179.17,-0.72,,361756992.00,A
2019-01-21,1175.68,1175.68,1167.69,1167.69,-0.97,,335558016.00,A
2019-01-22,1164.56,1172.03,1163.58,1168.83,0.10,,277291008.00,A
2019-01-23,1168.14,1172.98,1167.99,1172.98,0.36,,238475008.00,A
2019-01-24,1172.27,1175.42,1170.54,1172.78,-0.02,,306295008.00,A
2019-01-27,1171.35,1171.72,1160.84,1160.84,-1.02,,306070016.00,A
2019-01-28,1162.94,1164.89,1161.48,1164.89,0.35,,203579008.00,A
2019-01-29,1164.91,1165.09,1160.10,1160.99,-0.33,,259283008.00,A
2019-01-30,1160.53,1163.27,1159.35,1160.59,-0.03,,190572992.00,A
2019-01-31,1162.34,1163.86,1160.26,1161.63,0.09,,268244992.00,A
2019-02-03,1160.57,1161.22,1152.16,1153.06,-0.74,,321743008.00,A
2019-02-04,1152.98,1155.08,1144.27,1144.27,-0.76,,322760992.00,A
2019-02-05,1143.58,1149.40,1143.39,1147.10,0.25,,221967008.00,A
2019-02-06,1147.23,1147.31,1139.09,1139.72,-0.64,,226248992.00,A
2019-02-07,1139.29,1140.62,1137.14,1139.57,-0.01,,242260000.00,A
2019-02-10,1138.62,1138.86,1125.83,1127.53,-1.06,,228292000.00,A
2019-02-11,1126.46,1132.37,1124.51,1128.86,0.12,,191024000.00,A
2019-02-12,1131.32,1132.50,1126.42,1128.19,-0.06,,156376000.00,A
2019-02-13,1129.86,1132.39,1121.08,1121.08,-0.63,,230651008.00,A
2019-02-14,1120.19,1120.30,1112.15,1112.87,-0.73,,231671008.00,A
2019-02-17,1117.70,1122.10,1107.92,1109.72,-0.28,,194344992.00,A
2019-02-18,1110.27,1111.14,1101.81,1102.51,-0.65,,208487008.00,A
2019-02-19,1103.35,1124.23,1102.30,1124.23,1.97,,202684000.00,A
2019-02-20,1128.97,1128.97,1112.33,1112.23,-1.13,,154584000.00,A
2019-02-21,1113.60,1114.14,1110.15,1113.07,0.08,,157692000.00,A
2019-02-24,1115.20,1115.25,1102.32,1102.32,-0.97,,193956992.00,A
2019-02-25,1102.45,1109.73,1100.13,1109.73,0.67,,182428992.00,A
2019-02-26,1109.77,1110.22,1101.59,1102.56,-0.65,,149262000.00,A
2019-02-27,1103.65,1111.04,1103.17,1105.53,0.27,,204516992.00,A
2019-03-03,1108.26,1108.84,1100.58,1100.58,-0.45,,221026000.00,A
2019-03-05,1100.95,1104.61,1098.95,1102.64,0.19,,213340992.00,A
2019-03-06,1103.17,1111.76,1100.97,1111.76,0.83,,211804992.00,A
2019-03-07,1112.45,1127.77,1112.45,1127.77,1.44,,283819008.00,A
2019-03-10,1127.29,1129.41,1118.21,1128.71,0.08,,102317000.00,A
2019-03-11,1129.51,1142.93,1125.94,1142.93,1.26,,382284992.00,A
2019-03-12,1148.69,1163.26,1143.99,1163.26,1.78,,513876992.00,A
2019-03-13,1157.85,1166.24,1150.10,1150.10,-1.13,,407008000.00,A
2019-03-14,1149.64,1156.19,1142.89,1155.50,0.47,,263186000.00,A
2019-03-17,1156.18,1165.19,1156.18,1161.45,0.51,,316537984.00,A
2019-03-18,1161.05,1164.62,1153.98,1153.98,-0.64,,279032000.00,A
2019-03-19,1155.72,1158.78,1147.15,1147.15,-0.59,,129145000.00,A
2019-03-21,1148.61,1150.30,1140.00,1140.60,-0.57,,248614000.00,A
2019-03-24,1141.33,1142.14,1131.14,1134.80,-0.51,,211912992.00,A
2019-03-25,1134.65,1139.71,1132.06,1138.67,0.34,,216906000.00,A
2019-03-26,1138.86,1140.90,1136.70,1140.72,0.18,,190316992.00,A
2019-03-27,1140.69,1142.81,1140.16,1142.61,0.17,,208898000.00,A
2019-03-28,1142.00,1144.53,1140.56,1144.53,0.17,,215416992.00,A
2019-03-31,1145.95,1149.81,1139.68,1143.09,-0.13,,241951008.00,A
2019-04-01,1142.65,1152.05,1142.06,1149.99,0.56,,326448992.00,A
2019-04-02,1153.89,1164.41,1153.89,1163.82,1.22,,472344992.00,A
2019-04-03,1163.71,1172.40,1158.79,1165.84,0.17,,524422016.00,A
2019-04-04,1165.85,1169.87,1159.90,1165.20,-0.05,,386452000.00,A
2019-04-07,1164.94,1182.36,1161.66,1182.36,1.47,,518228000.00,A
2019-04-08,1183.46,1197.88,1179.47,1191.68,0.79,,864142976.00,A
2019-04-09,1191.78,1194.62,1180.00,1181.10,-0.89,,622529984.00,A
2019-04-10,1181.72,1187.98,1174.88,1184.61,0.30,,358990016.00,A
2019-04-11,1184.29,1189.98,1180.18,1184.02,-0.05,,387624000.00,A
2019-04-15,1184.22,1188.71,1181.95,1188.71,0.40,,289871008.00,A
2019-04-16,1187.73,1212.05,1187.73,1212.05,1.96,,723990016.00,A
2019-04-17,1212.34,1223.42,1210.35,1217.04,0.41,,803244992.00,A
2019-04-18,1217.11,1232.26,1214.95,1232.26,1.25,,732081024.00,A
2019-04-21,1232.53,1264.20,1230.22,1264.20,2.59,,1004000000.00,A
2019-04-22,1264.77,1280.08,1247.65,1256.94,-0.57,,1000550016.00,A
2019-04-23,1256.61,1268.32,1248.50,1260.68,0.30,,561851008.00,A
2019-04-24,1265.11,1280.84,1261.69,1279.29,1.48,,921345984.00,A
2019-04-25,1279.67,1296.92,1279.67,1292.12,1.00,,1335980032.00,A
2019-04-28,1293.77,1322.88,1293.77,1314.51,1.73,,1616089984.00,A
2019-04-29,1318.44,1322.95,1299.09,1310.31,-0.32,,1160230016.00,A
2019-04-30,1310.65,1316.53,1296.07,1298.60,-0.89,,913017984.00,A
2019-05-02,1298.80,1300.43,1282.95,1294.39,-0.32,,573145024.00,A
2019-05-05,1293.71,1293.71,1276.73,1277.68,-1.29,,628641024.00,A
2019-05-06,1278.00,1299.41,1270.06,1299.41,1.70,,619564992.00,A
2019-05-07,1298.35,1311.18,1295.73,1301.28,0.14,,699849024.00,A
2019-05-08,1301.39,1304.15,1295.32,1297.60,-0.28,,494902016.00,A
2019-05-09,1297.57,1302.62,1290.11,1291.96,-0.43,,605086976.00,A
2019-05-12,1292.12,1295.03,1284.17,1295.03,0.24,,672155008.00,A
2019-05-13,1295.99,1301.68,1295.99,1301.34,0.49,,775121984.00,A
2019-05-14,1307.84,1321.00,1307.84,1315.45,1.08,,1007529984.00,A
2019-05-15,1316.79,1334.06,1316.21,1321.00,0.42,,1302630016.00,A
2019-05-16,1322.68,1326.69,1313.93,1318.71,-0.17,,881396992.00,A
2019-05-19,1319.33,1322.09,1312.81,1316.84,-0.14,,1055840000.00,A
2019-05-20,1319.21,1322.85,1305.43,1307.71,-0.69,,1164889984.00,A
2019-05-21,1308.40,1317.79,1304.59,1312.14,0.34,,796716992.00,A
2019-05-22,1314.94,1322.47,1314.82,1319.63,0.57,,918484992.00,A
2019-05-23,1321.69,1324.15,1309.12,1314.55,-0.38,,913235968.00,A
2019-05-26,1315.97,1317.86,1301.32,1302.61,-0.91,,603897024.00,A
2019-05-27,1302.98,1309.90,1298.36,1302.96,0.03,,499910016.00,A
2019-05-28,1304.22,1307.08,1300.45,1305.49,0.19,,749068992.00,A
2019-05-29,1307.30,1315.16,1307.13,1313.88,0.64,,884201024.00,A
2019-05-30,1328.62,1349.38,1317.67,1319.47,0.43,,1504460032.00,A
2019-06-02,1317.91,1317.91,1304.53,1305.68,-1.05,,735995008.00,A
2019-06-03,1306.88,1308.63,1291.02,1292.84,-0.98,,664590016.00,A
2019-06-04,1292.86,1297.91,1286.37,1289.28,-0.28,,694590976.00,A
2019-06-06,1296.50,1296.80,1284.59,1284.59,-0.36,,579563008.00,A
2019-06-10,1285.49,1289.54,1274.62,1275.82,-0.68,,553347008.00,A
2019-06-11,1276.26,1281.32,1274.82,1275.99,0.01,,459071008.00,A
2019-06-12,1276.09,1277.04,1267.17,1272.49,-0.27,,399464992.00,A
2019-06-13,1272.91,1274.83,1264.46,1269.55,-0.23,,418750016.00,A
2019-06-16,1271.18,1271.27,1256.85,1258.27,-0.89,,472520800.00,A
2019-06-17,1259.38,1264.97,1254.52,1260.90,0.21,,403538144.00,A
2019-06-18,1261.04,1263.56,1258.36,1258.66,-0.18,,359411296.00,A
2019-06-19,1258.25,1262.11,1256.72,1258.46,-0.02,,304189632.00,A
2019-06-20,1258.90,1266.33,1257.93,1264.36,0.47,,375315200.00,A
2019-06-23,1264.53,1264.53,1253.43,1254.35,-0.79,,481859744.00,A
2019-06-24,1254.67,1260.10,1253.01,1260.10,0.46,,481492832.00,A
2019-06-25,1260.23,1264.52,1259.35,1261.07,0.08,,364773344.00,A
2019-06-26,1261.10,1261.49,1255.45,1258.29,-0.22,,570123456.00,A
2019-06-27,1259.16,1260.43,1256.63,1257.15,-0.09,,627908800.00,A
2019-06-30,1258.31,1258.85,1244.81,1244.89,-0.98,,645099008.00,A
2019-07-01,1245.58,1245.68,1237.43,1241.61,-0.26,,364343808.00,A
2019-07-02,1242.83,1253.06,1238.77,1253.06,0.92,,429477280.00,A
2019-07-03,1253.52,1270.04,1249.50,1268.68,1.25,,550247808.00,A
2019-07-04,1269.48,1272.79,1258.87,1260.47,-0.65,,670169920.00,A
2019-07-07,1262.98,1263.82,1255.01,1256.04,-0.35,,540529472.00,A
2019-07-08,1256.15,1257.57,1245.62,1247.35,-0.69,,591053824.00,A
2019-07-09,1247.41,1252.20,1244.36,1250.27,0.23,,468263776.00,A
2019-07-10,1250.43,1251.89,1246.15,1249.15,-0.09,,573447488.00,A
2019-07-11,1249.46,1251.09,1247.63,1248.53,-0.05,,460036576.00,A
2019-07-14,1248.94,1253.09,1248.59,1249.49,0.08,,285214560.00,A
2019-07-15,1250.09,1254.56,1249.17,1254.56,0.41,,430525920.00,A
2019-07-16,1285.48,1285.50,1256.46,1259.01,0.35,,347289280.00,A
2019-07-17,1258.94,1274.86,1258.81,1274.86,1.26,,426743456.00,A
2019-07-18,1275.71,1283.63,1272.49,1272.49,-0.19,,411369312.00,A
2019-07-21,1276.29,1276.31,1265.60,1268.74,-0.29,,298157120.00,A
2019-07-22,1268.77,1272.38,1267.92,1271.23,0.20,,316643424.00,A
2019-07-23,1271.24,1279.42,1271.22,1277.17,0.47,,368980864.00,A
2019-07-24,1277.48,1284.99,1276.07,1284.07,0.54,,443481376.00,A
2019-07-25,1284.41,1284.41,1269.35,1269.92,-1.10,,550532160.00,A
2019-07-28,1266.63,1266.63,1250.18,1252.80,-1.35,,492673664.00,A
2019-07-29,1252.72,1259.69,1252.72,1255.98,0.25,,350812576.00,A
2019-07-30,1256.01,1262.16,1256.01,1259.37,0.27,,294305024.00,A
2019-07-31,1259.53,1267.73,1257.91,1265.57,0.49,,370002048.00,A
2019-08-01,1265.52,1270.88,1262.55,1263.84,-0.14,,590588224.00,A
2019-08-04,1263.87,1266.37,1258.27,1259.64,-0.33,,474151744.00,A
2019-08-05,1260.30,1261.63,1253.50,1255.09,-0.36,,443205472.00,A
2019-08-06,1255.74,1255.74,1243.74,1245.73,-0.75,,450755168.00,A
2019-08-07,1245.20,1249.98,1239.55,1248.48,0.22,,368645664.00,A
2019-08-08,1248.91,1248.91,1237.70,1238.56,-0.79,,454629568.00,A
2019-08-11,1236.62,1237.97,1229.69,1233.71,-0.39,,311756864.00,A
2019-08-12,1234.68,1236.82,1232.11,1233.85,0.01,,314228928.00,A
2019-08-13,1234.59,1236.47,1229.06,1231.07,-0.23,,481629760.00,A
2019-08-14,1230.97,1231.49,1224.43,1225.90,-0.42,,257285008.00,A
2019-08-15,1225.11,1226.06,1221.80,1224.03,-0.15,,424323136.00,A
2019-08-18,1224.03,1226.07,1214.33,1214.83,-0.75,,329527904.00,A
2019-08-19,1214.96,1229.50,1210.80,1222.06,0.60,,389625280.00,A
2019-08-20,1222.04,1222.87,1212.10,1213.63,-0.69,,272509024.00,A
2019-08-21,1213.96,1216.30,1209.77,1214.05,0.03,,292641728.00,A
2019-08-22,1214.37,1220.90,1212.43,1213.06,-0.08,,261670203.00,A
2019-08-25,1212.76,1213.23,1201.71,1209.62,-0.28,,350269509.00,A
2019-08-26,1209.70,1210.24,1199.31,1203.13,-0.54,,380596571.00,A
2019-08-27,1203.42,1212.30,1203.40,1208.00,0.40,,244668209.00,A
2019-08-28,1209.70,1213.46,1197.32,1197.75,-0.85,,371022592.00,A
2019-08-29,1198.49,1201.23,1194.09,1196.41,-0.11,,277359659.00,A
2019-09-01,1196.60,1198.51,1184.06,1184.78,-0.97,,297398003.00,A
2019-09-02,1184.93,1190.88,1167.81,1170.34,-1.22,,407569712.00,A
2019-09-03,1170.87,1190.90,1156.72,1190.90,1.76,,510552041.00,A
2019-09-04,1192.21,1198.48,1183.40,1194.77,0.32,,436444688.00,A
2019-09-05,1195.89,1196.92,1189.05,1191.07,-0.31,,290177357.00,A
2019-09-08,1192.07,1192.33,1176.41,1178.46,-1.06,,305310719.00,A
2019-09-09,1178.47,1180.28,1166.09,1168.91,-0.81,,299200764.00,A
2019-09-10,1168.91,1172.82,1161.20,1166.67,-0.19,,237959653.00,A
2019-09-11,1166.68,1168.06,1161.95,1163.21,-0.30,,341745136.00,A
2019-09-12,1163.71,1164.09,1156.37,1157.88,-0.46,,376184491.00,A
2019-09-15,1157.68,1160.55,1140.01,1140.01,-1.54,,288099912.00,A
2019-09-16,1140.49,1140.55,1122.02,1123.83,-1.42,,343918221.00,A
2019-09-17,1127.26,1152.51,1127.26,1150.74,2.39,,383957426.00,A
2019-09-18,1150.65,1173.14,1150.65,1172.15,1.86,,455311885.00,A
2019-09-19,1173.44,1178.28,1155.30,1155.30,-1.44,,399930871.00,A
2019-09-22,1155.30,1157.79,1135.18,1139.25,-1.39,,226950238.00,A
2019-09-23,1139.92,1147.85,1137.87,1140.98,0.15,,177279039.00,A
2019-09-24,1140.99,1141.62,1132.72,1134.56,-0.56,,218278449.00,A
2019-09-25,1134.56,1135.26,1130.88,1131.53,-0.27,,166921799.00,A
2019-09-26,1131.52,1133.80,1128.61,1129.80,-0.15,,212541352.00,A
2019-09-29,1129.81,1131.87,1123.66,1125.14,-0.41,,241498554.00,A
2019-09-30,1125.49,1135.56,1121.09,1135.56,0.93,,168828923.00,A
2019-10-01,1135.05,1146.11,1134.82,1145.69,0.89,,311488652.00,A
2019-10-02,1145.69,1149.70,1140.07,1140.71,-0.43,,203287237.00,A
2019-10-03,1142.44,1149.40,1138.58,1149.40,0.76,,176633514.00,A
2019-10-10,1149.03,1151.81,1148.13,1149.01,-0.03,,63845411.00,A
2019-10-14,1149.01,1151.52,1135.04,1136.96,-1.05,,218635691.00,A
2019-10-15,1138.38,1142.04,1135.86,1142.04,0.45,,222452078.00,A
2019-10-16,1142.39,1142.71,1136.00,1137.03,-0.44,,196618963.00,A
2019-10-17,1137.03,1140.38,1135.87,1137.75,0.06,,182994905.00,A
2019-10-20,1137.69,1138.99,1132.58,1133.71,-0.36,,113359956.00,A
2019-10-21,1133.73,1135.84,1130.14,1132.40,-0.12,,164349536.00,A
2019-10-22,1132.45,1134.81,1130.21,1134.79,0.21,,165296005.00,A
2019-10-23,1135.40,1142.82,1135.40,1142.60,0.69,,163757847.00,A
2019-10-24,1142.41,1150.47,1141.39,1149.34,0.59,,327632258.00,A
2019-10-31,1149.74,1151.48,1143.07,1146.17,-0.28,,254312462.00,A
2019-11-03,1145.83,1146.88,1136.39,1139.29,-0.60,,175544472.00,A
2019-11-04,1139.57,1141.13,1135.96,1140.26,0.09,,191854333.00,A
2019-11-05,1140.21,1141.86,1138.66,1139.45,-0.07,,284472501.00,A
2019-11-06,1139.49,1141.08,1136.74,1138.02,-0.13,,206253847.00,A
2019-11-07,1138.27,1139.36,1131.33,1131.97,-0.53,,374150571.00,A
2019-11-10,1132.47,1135.90,1129.89,1131.80,-0.02,,293149044.00,A
2019-11-11,1132.70,1147.74,1132.70,1145.57,1.22,,549998241.00,A
2019-11-12,1146.14,1147.06,1138.57,1139.96,-0.49,,379849435.00,A
2019-11-13,1140.65,1140.65,1133.49,1135.16,-0.42,,275427886.00,A
2019-11-14,1135.15,1139.41,1133.67,1135.95,0.07,,228357493.00,A
2019-11-17,1135.73,1137.25,1129.15,1131.36,-0.40,,355159768.00,A
2019-11-18,1131.40,1133.43,1128.00,1131.12,-0.02,,356861857.00,A
2019-11-19,1131.13,1132.40,1127.91,1129.99,-0.10,,259330595.00,A
2019-11-20,1130.01,1139.74,1127.63,1128.34,-0.15,,303724204.00,A
2019-11-21,1128.34,1128.69,1118.10,1120.60,-0.69,,297797071.00,A
2019-11-24,1120.62,1121.94,1108.76,1110.08,-0.94,,280534415.00,A
2019-11-25,1110.11,1112.15,1102.46,1110.08,0.00,,288858484.00,A
2019-11-26,1110.08,1111.76,1107.57,1109.16,-0.08,,295869180.00,A
2019-11-27,1109.09,1117.46,1108.02,1117.46,0.66,,212363736.00,A
2019-11-28,1117.64,1119.63,1112.79,1112.79,-0.42,,243391320.00,A
2019-12-01,1112.79,1114.31,1109.97,1112.85,0.01,,206314323.00,A
2019-12-02,1112.87,1113.73,1110.98,1111.99,-0.08,,232259331.00,A
2019-12-03,1112.06,1117.82,1111.19,1115.74,0.34,,266801558.00,A
2019-12-04,1116.12,1128.00,1116.12,1124.47,0.78,,308214465.00,A
2019-12-05,1124.47,1134.93,1124.44,1131.92,0.66,,358839860.00,A
2019-12-08,1131.92,1135.37,1125.81,1135.37,0.30,,287527825.00,A
2019-12-09,1135.36,1155.06,1132.88,1148.89,1.19,,464220392.00,A
2019-12-10,1149.09,1158.11,1147.43,1151.36,0.21,,500328915.00,A
2019-12-11,1155.05,1166.15,1153.14,1161.47,0.88,,551377852.00,A
2019-12-12,1162.25,1175.30,1159.91,1172.64,0.80,,675173000.00,A
2019-12-15,1172.44,1181.70,1167.86,1167.86,-0.41,,686076111.00,A
2019-12-16,1167.82,1170.56,1153.23,1154.11,-1.18,,407900555.00,A
2019-12-17,1154.86,1158.36,1150.66,1155.37,0.11,,279244135.00,A
2019-12-18,1155.32,1158.15,1150.14,1152.07,-0.29,,294709858.00,A
2019-12-19,1152.06,1154.28,1148.35,1149.64,-0.21,,419088133.00,A
2019-12-22,1149.62,1151.30,1147.67,1150.81,0.10,,374466465.00,A
2019-12-23,1150.92,1168.79,1150.92,1168.58,1.54,,595764544.00,A
2019-12-24,1169.32,1176.70,1164.85,1166.21,-0.20,,721642965.00,A
2019-12-25,1166.56,1173.14,1165.77,1168.03,0.16,,538340829.00,A
2019-12-26,1167.74,1170.45,1165.94,1167.41,-0.05,,588677887.00,A
2019-12-29,1166.86,1167.24,1159.23,1162.43,-0.43,,422453909.00,A
2019-12-30,1161.82,1167.95,1159.25,1167.95,0.47,,622363488.00,A
2019-12-31,1168.61,1171.48,1163.02,1166.03,-0.16,,442256156.00,A
2020-01-01,1166.52,1169.50,1163.99,1169.50,0.30,,372988301.00,A
2020-01-02,1168.63,1169.27,1165.24,1166.21,-0.28,,532211211.00,A
2020-01-05,1166.49,1187.33,1163.39,1182.31,1.38,,712425827.00,A
2020-01-06,1183.35,1200.69,1183.35,1200.69,1.55,,842582150.00,A
2020-01-07,1200.65,1218.14,1200.65,1216.92,1.35,,1102736748.00,A
2020-01-08,1217.82,1223.66,1207.26,1209.60,-0.60,,732169261.00,A
2020-01-09,1209.87,1216.23,1206.49,1213.11,0.29,,837035757.00,A
2020-01-12,1213.19,1255.72,1213.19,1255.72,3.51,,1335747967.00,A
2020-01-13,1260.01,1285.50,1259.34,1270.86,1.21,,1665520000.00,A
2020-01-14,1271.11,1274.86,1254.30,1263.38,-0.59,,1026443666.00,A
2020-01-15,1263.32,1287.20,1263.32,1284.23,1.65,,893677000.00,A
2020-01-16,1284.28,1313.19,1284.28,1310.23,2.02,,1682330000.00,A
2020-01-19,1310.26,1349.10,1310.26,1343.65,2.55,,2090877917.00,A
2020-01-20,1342.70,1359.32,1308.62,1317.11,-1.98,,1953780000.00,A
2020-01-21,1318.65,1331.28,1309.14,1320.47,0.26,,1519976760.00,A
2020-01-22,1324.32,1325.69,1310.64,1313.42,-0.53,,1581381364.00,A
2020-01-23,1314.16,1320.76,1295.80,1297.47,-1.21,,1384209412.00,A
2020-01-26,1298.67,1299.46,1275.52,1276.68,-1.60,,965018662.00,A
2020-01-27,1276.68,1300.62,1274.03,1300.62,1.88,,917359865.00,A
2020-01-28,1300.65,1316.44,1300.65,1306.15,0.43,,1400467805.00,A
2020-01-29,1306.16,1311.74,1302.14,1305.88,-0.02,,1293711383.00,A
2020-01-30,1306.29,1331.83,1306.29,1325.38,1.49,,1966219749.00,A
2020-02-02,1325.62,1349.68,1331.87,1346.64,1.49,,2077987799.00,A
2020-02-03,1348.12,1355.27,1339.60,1349.13,0.18,,1611719203.00,A
2020-02-04,1351.01,1353.27,1334.09,1337.04,-0.90,,1570166163.00,A
2020-02-05,1338.50,1342.62,1335.72,1342.36,0.40,,1082483909.00,A
2020-02-06,1341.03,1346.60,1331.02,1333.69,-0.65,,1049345436.00,A
2020-02-09,1332.91,1333.85,1316.10,1319.99,-1.03,,950402584.00,A
2020-02-10,1320.77,1329.84,1315.37,1324.26,0.32,,932086055.00,A
2020-02-11,1324.31,1342.91,1323.69,1341.38,1.29,,1532250440.00,A
2020-02-12,1341.07,1353.29,1340.87,1345.97,0.34,,1509784311.00,A
2020-02-13,1346.45,1354.88,1342.90,1344.59,-0.10,,1773805746.00,A
2020-02-16,1344.73,1363.97,1344.73,1363.97,1.44,,1978108701.00,A
2020-02-17,1364.34,1403.21,1364.34,1398.24,2.51,,2687533442.00,A
2020-02-18,1399.47,1416.87,1387.68,1400.01,0.13,,2125977034.00,A
2020-02-19,1399.29,1406.25,1389.12,1405.25,0.37,,1628841389.00,A
2020-02-20,1405.51,1434.57,1405.51,1434.57,2.09,,2785004908.00,A
2020-02-23,1435.87,1509.92,1435.87,1504.14,4.85,,3608526354.00,A
2020-02-24,1507.98,1536.83,1499.04,1502.18,-0.13,,3410516278.00,A
2020-02-25,1504.80,1544.07,1480.24,1545.19,2.86,,2992160524.00,A
2020-02-26,1548.32,1596.13,1548.32,1596.13,3.30,,4154883092.00,A
2020-02-27,1598.81,1635.51,1558.65,1632.17,1.97,,4460536251.00,A
2020-03-01,1639.87,1667.74,1591.36,1591.36,-2.50,,4847437505.00,A
2020-03-02,1593.08,1593.50,1495.30,1495.30,-6.04,,2154428215.00,A
2020-03-03,1491.23,1540.59,1439.53,1509.67,0.96,,3851622996.00,A
2020-03-04,1511.41,1513.43,1439.38,1441.20,-4.54,,2908472603.00,A
2020-03-05,1442.92,1464.62,1408.82,1435.70,-0.38,,2457093463.00,A
2020-03-10,1435.86,1436.66,1349.31,1349.31,-6.02,,1076696300.00,A
2020-03-11,1349.86,1423.09,1349.86,1423.09,5.47,,2221081690.00,A
2020-03-12,1424.60,1430.77,1371.56,1377.18,-3.23,,2206662182.00,A
2020-03-15,1362.25,1362.25,1310.71,1313.04,-4.66,,2101417292.00,A
2020-03-16,1312.69,1334.12,1291.67,1316.39,0.26,,1615341877.00,A
2020-03-17,1316.74,1321.26,1266.44,1272.06,-3.37,,1465184656.00,A
2020-03-18,1272.10,1286.46,1234.16,1255.80,-1.28,,1184416878.00,A
2020-03-19,1249.26,1278.93,1223.04,1269.30,1.08,,1903142008.00,A
2020-03-22,1269.08,1275.42,1246.20,1251.45,-1.43,,194642984.00,A
2020-05-12,1250.95,1250.95,1226.15,1226.15,-2.02,,104372646.00,A
2020-05-13,1225.68,1225.68,1201.57,1201.57,-2.00,,3613523.00,A
2020-06-29,1197.09,1200.64,1149.73,1188.70,-1.07,,347771833.00,A
2020-06-30,1187.25,1260.75,1185.72,1260.75,6.06,,227212194.00,A
2020-07-01,1261.54,1336.52,1261.54,1336.52,6.01,,407352247.00,A
2020-07-02,1351.89,1362.35,1256.11,1256.11,-6.02,,476654971.00,A
2020-07-05,1256.18,1280.93,1246.80,1265.45,0.74,,1033390231.00,A
2020-07-06,1266.08,1298.73,1259.94,1298.73,2.63,,927841329.00,A
2020-07-07,1299.72,1345.96,1299.72,1336.66,2.92,,1199041859.00,A
2020-07-08,1338.54,1343.59,1319.10,1326.53,-0.76,,1078462141.00,A
2020-07-09,1327.13,1333.25,1312.01,1331.27,0.34,,908086197.00,A
2020-07-12,1331.31,1351.82,1331.31,1340.29,0.69,,1111090272.00,A
2020-07-13,1342.59,1352.69,1334.17,1342.40,0.16,,1088716118.00,A
2020-07-14,1344.42,1349.24,1340.66,1347.44,0.38,,994545109.00,A
2020-07-15,1347.88,1367.82,1347.88,1362.34,1.11,,1160491522.00,A
2020-07-16,1364.24,1395.82,1362.62,1394.77,2.38,,1041770867.00,A
2020-07-19,1408.51,1479.03,1408.51,1479.03,6.04,,62566293.00,A
2020-07-20,1539.37,1556.19,1460.15,1464.94,-0.96,,2802233715.00,A
2020-07-21,1472.19,1479.30,1444.50,1449.94,-1.02,,1872220447.00,A
2020-07-22,1452.78,1461.29,1429.65,1432.44,-1.21,,1532511716.00,A
2020-07-23,1434.08,1440.32,1417.32,1442.61,0.71,,1327135218.00,A
2020-07-26,1445.60,1464.88,1444.77,1465.10,1.55,,1942679380.00,A
2020-07-27,1467.89,1475.20,1456.47,1462.48,-0.18,,1793915286.00,A
2020-07-28,1463.81,1466.04,1449.86,1454.89,-0.52,,1259751557.00,A
2020-07-29,1452.07,1452.07,1431.46,1431.52,-1.61,,1687093091.00,A
2020-07-30,1433.14,1444.06,1421.07,1439.06,0.53,,1320266678.00,A
2020-08-02,1441.26,1441.26,1396.02,1396.28,-2.97,,1841242332.00,A
2020-08-03,1395.08,1411.13,1384.86,1403.86,0.54,,1290252213.00,A
2020-08-05,1403.88,1403.88,1374.13,1382.66,-1.51,,1189526408.00,A
2020-08-06,1387.44,1388.68,1365.66,1381.37,-0.09,,920997056.00,A
2020-08-09,1383.98,1392.68,1363.22,1392.68,0.82,,977895525.00,A
2020-08-10,1394.78,1430.41,1394.34,1430.41,2.71,,1555518923.00,A
2020-08-11,1433.35,1441.31,1421.17,1423.81,-0.46,,1271738914.00,A
2020-08-12,1426.55,1427.15,1413.55,1425.32,0.11,,951960208.00,A
2020-08-13,1431.89,1431.89,1407.43,1408.79,-1.16,,1048911791.00,A
2020-08-16,1407.85,1407.85,1381.89,1391.46,-1.23,,1259320850.00,A
2020-08-17,1391.79,1402.21,1385.70,1402.21,0.77,,1074932597.00,A
2020-08-18,1403.98,1414.29,1400.81,1407.89,0.41,,1239017426.00,A
2020-08-19,1409.44,1409.44,1388.17,1391.29,-1.18,,976235059.00,A
2020-08-20,1392.89,1403.75,1392.89,1397.57,0.45,,393129068.00,A
2020-08-23,1399.48,1410.34,1394.09,1410.34,0.91,,1108053597.00,A
2020-08-24,1413.09,1431.60,1413.09,1431.60,1.51,,2139202075.00,A
2020-08-25,1435.21,1440.94,1428.74,1440.94,0.65,,1855180510.00,A
2020-08-26,1445.47,1468.03,1445.47,1462.03,1.46,,2656163730.00,A
2020-08-27,1467.07,1472.73,1454.96,1458.04,-0.27,,1981761050.00,A
2020-08-30,1459.16,1462.67,1444.92,1462.67,0.32,,1614554300.00,A
2020-08-31,1466.57,1489.01,1466.57,1484.99,1.53,,3462586125.00,A
2020-09-02,1509.40,1519.78,1499.72,1510.57,1.72,,4181036115.00,A
2020-09-03,1524.19,1524.67,1497.47,1510.42,-0.01,,2634886231.00,A
2020-09-06,1538.42,1538.42,1494.97,1499.97,-0.69,,2782377887.00,A
2020-09-07,1503.37,1503.37,1483.65,1487.81,-0.81,,2164930214.00,A
2020-09-08,1491.33,1500.15,1477.25,1495.15,0.49,,1798363063.00,A
2020-09-09,1501.86,1511.93,1495.11,1508.20,0.87,,2563415186.00,A
2020-09-10,1514.13,1532.48,1512.53,1520.69,0.83,,2170068283.00,A
2020-09-13,1528.15,1537.25,1522.28,1537.25,1.09,,3386859972.00,A
2020-09-14,1545.68,1553.56,1538.43,1540.51,0.21,,3134135908.00,A
2020-09-15,1544.71,1548.35,1531.05,1536.03,-0.29,,1800197903.00,A
2020-09-16,1537.35,1543.98,1530.67,1541.40,0.35,,1845634030.00,A
2020-09-17,1555.86,1577.99,1547.13,1572.18,2.00,,3315664319.00,A
2020-09-20,1595.47,1605.12,1574.08,1575.18,0.19,,2742795692.00,A
2020-09-21,1587.82,1587.99,1561.49,1569.06,-0.39,,2637376216.00,A
2020-09-22,1576.55,1577.19,1541.75,1546.15,-1.46,,2810425268.00,A
2020-09-23,1543.37,1555.52,1535.03,1555.52,0.61,,1727821707.00,A
2020-09-24,1565.31,1565.31,1554.38,1561.27,0.37,,2233489024.00,A
2020-09-27,1569.06,1575.43,1562.11,1565.55,0.27,,3138243371.00,A
2020-09-28,1566.44,1569.31,1557.42,1560.83,-0.30,,1690154525.00,A
2020-09-29,1564.92,1564.92,1552.77,1553.62,-0.46,,1829872968.00,A
2020-09-30,1561.58,1563.40,1542.57,1550.43,-0.21,,1953636694.00,A
2020-10-01,1553.95,1572.94,1553.95,1571.04,1.33,,2807708137.00,A
2020-10-04,1577.77,1588.05,1577.77,1585.75,0.94,,3178853719.00,A
2020-10-05,1587.31,1594.89,1580.65,1582.12,-0.23,,2578607088.00,A
2020-10-06,1588.01,1588.01,1581.75,1586.29,0.26,,2510585332.00,A
2020-10-07,1593.04,1602.14,1587.59,1600.97,0.93,,3358506296.00,A
2020-10-08,1607.52,1614.04,1586.96,1589.63,-0.71,,2862712521.00,A
2020-10-11,1594.01,1594.36,1574.62,1576.27,-0.84,,2395432599.00,A
2020-10-12,1580.14,1580.80,1566.70,1578.01,0.11,,1949060194.00,A
2020-10-13,1583.29,1584.28,1567.23,1568.59,-0.60,,1819638977.00,A
2020-10-14,1572.35,1573.08,1560.45,1561.17,-0.47,,1496387992.00,A
2020-10-15,1564.69,1579.55,1560.69,1562.46,0.08,,1425890738.00,A
2020-10-18,1565.90,1567.89,1554.14,1556.80,-0.36,,1252748181.00,A
2020-10-19,1556.85,1570.38,1555.46,1570.38,0.87,,954656107.00,A
2020-10-20,1576.62,1583.60,1573.06,1583.60,0.84,,1271829990.00,A
2020-10-21,1591.04,1597.71,1588.78,1597.71,0.88,,1633246148.00,A
2020-10-22,1609.11,1609.52,1596.22,1606.25,0.53,,1994543919.00,A
2020-10-28,1612.50,1647.45,1612.37,1647.45,2.57,,2725994069.00,A
2020-10-29,1661.64,1663.41,1640.48,1645.67,-0.11,,3037694845.00,A
2020-11-01,1654.15,1654.15,1634.63,1640.95,-0.29,,2930939007.00,A
2020-11-02,1644.01,1646.90,1635.64,1637.63,-0.20,,2453954688.00,A
2020-11-03,1636.20,1644.61,1635.15,1643.03,0.33,,2237964572.00,A
2020-11-04,1645.53,1645.70,1638.69,1640.64,-0.15,,1757423745.00,A
2020-11-05,1644.94,1645.08,1634.38,1636.17,-0.27,,2842469177.00,A
2020-11-08,1643.29,1648.58,1637.80,1648.58,0.76,,3526777261.00,A
2020-11-09,1648.75,1661.32,1648.75,1652.80,0.26,,3699879726.00,A
2020-11-10,1660.37,1678.79,1659.18,1678.79,1.57,,4096190256.00,A
2020-11-11,1681.82,1707.67,1681.82,1707.67,1.72,,4099604742.00,A
2020-11-12,1713.71,1722.32,1702.70,1718.49,0.63,,4256475891.00,A
2020-11-18,1714.86,1741.81,1708.87,1741.81,1.36,,4791041649.00,A
2020-11-19,1750.42,1779.21,1750.42,1778.12,2.08,,6116730071.00,A
2020-11-22,1791.21,1811.63,1761.75,1782.81,0.26,,6878787665.00,A
2020-11-23,1789.35,1792.41,1772.11,1780.43,-0.13,,4762704611.00,A
2020-11-24,1790.19,1813.86,1786.71,1810.11,1.67,,5442950189.00,A
2020-11-25,1820.87,1874.81,1820.87,1874.81,3.57,,6817774994.00,A
2020-11-26,1894.78,1926.91,1879.00,1893.24,0.98,,7613030091.00,A
2020-11-29,1912.11,1971.42,1912.11,1968.27,3.96,,9227348348.00,A
2020-11-30,2000.00,2028.45,1971.24,1997.05,1.46,,8867714682.00,A
2020-12-01,2009.46,2022.25,1966.18,2000.40,0.17,,7404154007.00,A
2020-12-02,2016.82,2077.70,2016.82,2071.02,3.53,,7463482972.00,A
2020-12-03,2090.79,2118.41,2040.99,2055.45,-0.75,,8026023798.00,A
2020-12-06,2051.51,2051.51,1932.11,1932.11,-6.00,,7209180213.00,A
2020-12-07,1929.46,2004.39,1914.42,2004.39,3.74,,6667956831.00,A
2020-12-08,2033.97,2047.35,1982.07,1995.35,-0.45,,5719436384.00,A
2020-12-09,2006.40,2009.81,1948.98,1955.75,-1.98,,4745649292.00,A
2020-12-10,1954.60,1974.12,1938.92,1964.02,0.42,,4146321050.00,A
2020-12-13,1973.75,2010.45,1967.44,2010.45,2.36,,4899484131.00,A
2020-12-14,2022.72,2069.06,2022.72,2067.17,2.82,,7204136923.00,A
2020-12-15,2085.56,2100.96,2050.90,2061.41,-0.28,,6069331687.00,A
2020-12-16,2097.20,2097.20,2041.85,2055.22,-0.30,,5144675578.00,A
2020-12-17,2058.72,2059.80,2025.19,2032.51,-1.10,,6769890815.00,A
2020-12-20,2046.57,2046.57,1935.40,1935.63,-4.77,,8612857317.00,A
2020-12-21,1919.05,1977.42,1874.07,1965.96,1.57,,6698874354.00,A
2020-12-22,1987.47,2061.41,1987.47,2061.41,4.86,,6740744432.00,A
2020-12-23,2094.27,2127.22,2063.13,2068.45,0.34,,6862445215.00,A
2020-12-24,2091.59,2091.59,2025.65,2038.63,-1.44,,5369046322.00,A
2020-12-27,2047.12,2047.19,1994.80,1998.65,-1.96,,4623452312.00,A
2020-12-28,1998.81,2013.51,1981.50,2007.29,0.43,,3850320045.00,A
2020-12-29,2016.26,2031.47,2009.38,2012.89,0.28,,4092227802.00,A
2020-12-30,2023.59,2062.06,2023.40,2062.06,2.44,,4446222579.00,A
2020-12-31,2079.37,2112.59,2073.80,2087.27,1.22,,5703469837.00,A
2021-01-03,2104.85,2175.39,2104.85,2175.39,4.22,,6344017889.00,A
2021-01-04,2207.05,2216.44,2154.00,2169.04,-0.29,,5961733122.00,A
2021-01-05,2167.82,2182.39,2149.74,2165.49,-0.16,,4566381178.00,A
2021-01-06,2170.82,2185.20,2170.31,2178.57,0.60,,4425472339.00,A
2021-01-07,2181.27,2204.97,2179.09,2194.48,0.73,,5874708279.00,A
2021-01-10,2201.38,2238.24,2201.38,2235.72,1.88,,6326646806.00,A
2021-01-11,2264.27,2266.44,2229.13,2239.42,0.17,,5524832993.00,A
2021-01-12,2243.16,2267.73,2233.61,2267.73,1.26,,4982391897.00,A
2021-01-13,2279.04,2296.17,2277.26,2286.54,0.83,,5914389261.00,A
2021-01-17,2299.33,2316.80,2297.50,2315.00,1.24,,6374267782.00,A
2021-01-18,2333.87,2340.57,2319.58,2332.31,0.75,,6314664167.00,A
2021-01-19,2361.99,2362.86,2304.98,2326.90,-0.24,,7467439848.00,A
2021-01-20,2361.52,2362.99,2322.72,2342.76,0.68,,6210966026.00,A
2021-01-21,2372.86,2376.13,2354.70,2374.64,1.36,,7798528433.00,A
2021-01-24,2396.74,2429.11,2396.74,2424.84,2.11,,9376053220.00,A
2021-01-25,2447.01,2456.22,2408.87,2440.87,0.66,,8903538731.00,A
2021-01-26,2461.42,2462.28,2419.89,2423.09,-0.73,,8279701077.00,A
2021-01-27,2433.74,2449.42,2416.62,2441.85,0.77,,8006238770.00,A
2021-01-28,2460.83,2460.83,2420.64,2425.29,-0.68,,9898456128.00,A
2021-01-31,2425.53,2425.53,2366.46,2370.54,-2.26,,8973206450.00,A
2021-02-01,2372.04,2413.18,2372.04,2408.24,1.59,,6972936529.00,A
2021-02-02,2434.48,2473.73,2429.90,2473.73,2.72,,8593472987.00,A
2021-02-03,2490.53,2519.85,2457.99,2466.92,-0.28,,9531716496.00,A
2021-02-04,2479.60,2481.59,2443.68,2475.26,0.34,,7615071093.00,A
2021-02-07,2486.79,2524.00,2486.79,2524.00,1.97,,10441951304.00,A
2021-02-08,2553.78,2563.29,2538.83,2561.47,1.48,,10619163869.00,A
2021-02-09,2562.43,2585.15,2524.44,2534.37,-1.06,,8146269193.00,A
2021-02-10,2544.80,2547.76,2511.03,2543.03,0.34,,7649411398.00,A
2021-02-11,2552.33,2565.13,2524.81,2526.92,-0.63,,8411732003.00,A
2021-02-14,2536.47,2536.47,2482.24,2493.59,-1.32,,6927668931.00,A
2021-02-15,2517.46,2586.01,2538.22,2586.01,3.71,,10384197669.00,A
2021-02-16,2615.36,2631.37,2584.14,2601.51,0.60,,10035454955.00,A
2021-02-17,2619.80,2623.64,2596.19,2611.45,0.38,,8035510844.00,A
2021-02-18,2634.47,2642.47,2619.17,2636.68,0.97,,8762146785.00,A
2021-02-21,2667.27,2667.59,2619.58,2640.34,0.14,,8834603967.00,A
2021-02-22,2665.86,2673.85,2603.86,2607.67,-1.24,,8406310671.00,A
2021-02-23,2627.33,2627.33,2519.41,2586.51,-0.81,,8561539426.00,A
2021-02-24,2600.32,2620.45,2498.58,2599.07,0.49,,6701872439.00,A
2021-02-25,2622.70,2622.77,2547.84,2554.13,-1.73,,6098188414.00,A
2021-02-28,2557.79,2559.43,2474.39,2474.39,-3.12,,8355289814.00,A
2021-03-01,2488.33,2524.40,2442.60,2515.03,1.64,,5692316831.00,A
2021-03-02,2523.45,2529.64,2437.25,2455.33,-2.37,,6119638669.00,A
2021-03-03,2449.23,2428.88,2391.40,2416.00,-1.60,,6254809442.00,A
2021-03-04,2425.20,2506.68,2427.25,2506.68,3.75,,6058104317.00,A
2021-03-07,2519.96,2525.30,2473.57,2485.09,-0.86,,5005466480.00,A
2021-03-09,2494.05,2494.05,2453.53,2461.88,-0.93,,4752708147.00,A
2021-03-10,2476.93,2477.71,2446.33,2458.48,-0.14,,4100406337.00,A
2021-03-14,2466.26,2467.20,2397.52,2407.25,-2.08,,4952722195.00,A
2021-03-15,2418.51,2432.17,2380.16,2389.19,-0.75,,4248424066.00,A
2021-03-16,2400.04,2416.84,2369.66,2391.74,0.11,,3375699339.00,A
2021-03-17,2399.21,2432.14,2390.42,2432.14,1.69,,3374552178.00,A
2021-03-18,2448.72,2476.36,2441.65,2475.09,1.77,,4661792187.00,A
2021-03-21,2494.48,2538.46,2492.90,2538.46,2.56,,5919824569.00,A
2021-03-22,2564.07,2568.07,2509.38,2514.39,-0.95,,5351353625.00,A
2021-03-23,2524.43,2531.04,2496.38,2528.95,0.58,,5141897169.00,A
2021-03-24,2550.07,2570.26,2550.07,2570.25,1.63,,6674423941.00,A
2021-03-25,2584.79,2594.25,2544.15,2548.97,-0.83,,6500806040.00,A
2021-03-29,2558.23,2562.03,2537.82,2543.52,-0.21,,4410345030.00,A
2021-03-30,2545.54,2575.95,2545.54,2575.67,1.26,,6185679498.00,A
2021-03-31,2596.66,2619.02,2592.99,2619.03,1.68,,6166957318.00,A
2021-04-01,2645.49,2645.49,2615.43,2631.89,0.49,,7250924124.00,A
2021-04-04,2658.30,2658.55,2646.59,2657.61,0.98,,9006858558.00,A
2021-04-05,2679.38,2681.76,2639.92,2658.74,0.04,,7296760156.00,A
2021-04-06,2675.57,2675.57,2642.17,2674.46,0.59,,7477795738.00,A
2021-04-07,2694.54,2694.54,2668.34,2671.61,-0.11,,7266972570.00,A
2021-04-08,2690.12,2690.12,2672.48,2674.35,0.10,,6556616680.00,A
2021-04-12,2681.60,2693.70,2671.89,2691.55,0.64,,7610828050.00,A
2021-04-13,2698.07,2714.79,2688.48,2714.79,0.86,,7143151000.00,A
2021-04-15,2735.40,2755.00,2732.41,2735.46,0.76,,8636668659.00,A
2021-04-18,2759.89,2759.89,2697.88,2699.51,-1.31,,8801803215.00,A
2021-04-19,2715.83,2716.18,2656.63,2661.93,-1.39,,6766801224.00,A
2021-04-20,2673.24,2684.55,2646.43,2664.61,0.10,,5538617640.00,A
2021-04-21,2674.82,2674.82,2625.92,2632.20,-1.22,,5772251203.00,A
2021-04-22,2647.11,2650.14,2609.75,2648.00,0.60,,5915139888.00,A
2021-04-25,2664.69,2664.70,2564.43,2572.22,-2.86,,7284194901.00,A
2021-04-26,2571.49,2579.18,2501.38,2506.61,-2.55,,6590928202.00,A
2021-04-27,2506.52,2599.08,2506.52,2599.07,3.69,,5109096957.00,A
2021-04-28,2606.56,2622.43,2564.73,2585.28,-0.53,,3990431236.00,A
2021-04-29,2601.21,2611.37,2583.18,2611.10,1.00,,4357019249.00,A
2021-05-02,2627.81,2665.10,2611.03,2665.11,2.07,,7360800500.00,A
2021-05-03,2676.45,2692.89,2645.80,2652.75,-0.46,,7529290146.00,A
2021-05-04,2652.27,2663.39,2640.63,2654.69,0.07,,6052236811.00,A
2021-05-05,2675.95,2675.95,2648.74,2649.60,-0.19,,6216814313.00,A
2021-05-06,2658.69,2658.69,2626.38,2637.13,-0.47,,6810091453.00,A
2021-05-09,2652.58,2652.58,2613.78,2618.56,-0.70,,6148966772.00,A
2021-05-10,2613.17,2646.76,2608.13,2645.85,1.05,,4203832789.00,A
2021-05-11,2647.48,2680.62,2645.77,2673.32,1.04,,5810673071.00,A
2021-05-12,2685.40,2687.34,2664.32,2673.88,0.02,,5326052801.00,A
2021-05-13,2701.82,2701.82,2679.18,2684.01,0.38,,7126885280.00,A
2021-05-16,2693.90,2738.29,2693.90,2738.29,2.02,,10026628116.00,A
2021-05-17,2748.83,2770.86,2748.04,2759.21,0.76,,9576361139.00,A
2021-05-18,2780.70,2794.28,2767.25,2793.89,1.26,,11359360092.00,A
2021-05-19,2816.26,2821.86,2769.72,2780.81,-0.47,,11958097411.00,A
2021-05-20,2807.52,2807.52,2776.17,2787.18,0.23,,9305222004.00,A
2021-05-23,2768.86,2820.00,2738.70,2820.00,1.18,,11695034728.00,A
2021-05-24,2840.21,2850.55,2807.95,2823.06,0.11,,13175353188.00,A
2021-05-25,2828.06,2836.10,2804.44,2816.56,-0.23,,11133398108.00,A
2021-05-27,2784.59,2835.39,2763.19,2815.39,-0.04,,14768808492.00,A
2021-05-30,2836.11,2854.48,2815.86,2827.93,0.45,,17028432245.00,A
2021-05-31,2842.28,2849.26,2781.69,2782.68,-1.60,,13909113291.00,A
2021-06-01,2790.71,2799.07,2751.44,2771.15,-0.42,,8598160117.00,A
2021-06-02,2793.22,2827.12,2771.42,2827.12,2.01,,11351815356.00,A
2021-06-03,2833.84,2875.04,2833.84,2856.67,1.05,,16907020286.00,A
2021-06-06,2884.07,2919.10,2884.74,2906.89,1.75,,17271787525.00,A
2021-06-07,2928.09,2932.39,2892.98,2906.70,-0.01,,15818659063.00,A
2021-06-08,2931.17,2960.14,2926.51,2960.14,1.84,,16951299040.00,A
2021-06-09,2995.08,3005.00,2934.98,2946.58,-0.46,,16997092703.00,A
2021-06-10,2968.09,2969.35,2926.15,2944.78,-0.06,,16100412436.00,A
2021-06-13,2965.77,2983.10,2957.33,2983.10,1.30,,19550166636.00,A
2021-06-14,3009.46,3051.02,3009.46,3025.82,1.43,,18884031519.00,A
2021-06-15,3061.81,3063.06,3013.77,3022.10,-0.12,,16528749739.00,A
2021-06-16,2989.55,3030.43,2943.95,2969.69,-1.73,,15484479319.00,A
2021-06-17,2982.87,2989.53,2945.42,2968.43,-0.04,,10904958935.00,A
2021-06-20,2975.25,2978.26,2881.01,2905.14,-2.13,,11819428289.00,A
2021-06-21,2924.07,2924.07,2828.73,2834.40,-2.45,,11845454604.00,A
2021-06-22,2844.70,2913.84,2825.03,2913.84,2.80,,10286269957.00,A
2021-06-23,2939.04,2939.04,2857.17,2862.18,-1.77,,8362671681.00,A
2021-06-24,2871.65,2872.51,2833.53,2843.00,-0.59,,7033603740.00,A
2021-06-27,2856.05,2882.62,2835.51,2870.38,0.96,,7167432728.00,A
2021-06-28,2898.42,2900.89,2861.58,2875.49,0.18,,7725512716.00,A
2021-06-29,2880.33,2888.39,2823.74,2828.00,-1.65,,6726361869.00,A
2021-06-30,2835.66,2844.02,2782.21,2823.87,-0.15,,5838551435.00,A
2021-07-01,2833.52,2867.02,2833.52,2843.00,0.68,,6707775484.00,A
2021-07-04,2852.24,2857.63,2832.56,2834.51,-0.30,,5053538257.00,A
2021-07-05,2845.50,2846.70,2814.82,2822.73,-0.42,,4582212579.00,A
2021-07-06,2829.99,2834.77,2813.39,2818.10,-0.19,,4224018255.00,A
2021-07-07,2815.49,2825.74,2794.38,2801.13,-0.60,,4585861976.00,A
2021-07-08,2815.28,2832.54,2793.43,2825.10,0.86,,4815520294.00,A
2021-07-11,2845.43,2899.82,2845.43,2899.82,2.64,,8061382496.00,A
2021-07-12,2915.56,2929.70,2843.17,2854.76,-1.55,,9980026527.00,A
2021-07-13,2867.15,2884.09,2847.34,2871.03,0.57,,5546356224.00,A
2021-07-14,2882.06,2883.19,2857.87,2872.05,0.04,,5654576205.00,A
2021-07-15,2885.40,2890.20,2877.32,2883.38,0.39,,8143614302.00,A
2021-07-18,2892.47,2980.61,2892.47,2980.61,3.37,,11638126493.00,A
2021-07-19,3003.47,3031.87,2981.91,2994.58,0.47,,11813754607.00,A
2021-07-20,3005.43,3005.43,2975.71,2985.57,-0.30,,7897594269.00,A
2021-07-22,2990.90,3018.27,2987.45,3004.31,0.63,,11114121616.00,A
2021-07-25,3017.56,3058.63,3017.56,3058.63,1.81,,14232417472.00,A
2021-07-26,3072.92,3075.51,3041.94,3050.42,-0.27,,14139785431.00,A
2021-07-27,3030.51,3085.80,3002.10,3079.67,0.96,,15170651643.00,A
2021-07-28,3088.45,3111.28,3076.04,3094.94,0.50,,13291954535.00,A
2021-07-29,3103.53,3107.00,3076.75,3079.83,-0.49,,10905830064.00,A
2021-08-01,3088.44,3097.67,3075.90,3081.05,0.04,,12103871862.00,A
2021-08-02,3087.91,3100.80,3079.48,3085.07,0.13,,10983599094.00,A
2021-08-03,3094.24,3111.09,3092.61,3111.09,0.84,,11529217775.00,A
2021-08-04,3126.99,3140.38,3121.13,3123.24,0.39,,15595794271.00,A
2021-08-05,3130.54,3136.79,3102.08,3107.45,-0.51,,14316249965.00,A
2021-08-08,3117.02,3121.14,3099.18,3108.12,0.02,,14308136887.00,A
2021-08-09,3113.95,3121.72,3098.90,3109.66,0.05,,14137338881.00,A
2021-08-10,3120.29,3164.34,3114.77,3161.44,1.67,,17846147279.00,A
2021-08-11,3172.54,3197.00,3158.73,3162.59,0.03,,15455941754.00,A
2021-08-12,3172.75,3188.93,3167.79,3179.00,0.52,,17513276115.00,A
2021-08-15,3170.65,3187.14,3105.32,3154.03,-0.78,,21647600655.00,A
2021-08-16,3165.09,3169.18,3138.10,3160.05,0.18,,15930897938.00,A
2021-08-17,3165.69,3176.31,3154.98,3160.31,0.01,,18204939237.00,A
2021-08-18,3172.29,3220.33,3154.10,3198.60,1.21,,21313489269.00,A
2021-08-19,3208.53,3226.89,3178.58,3180.78,-0.57,,20499210767.00,A
2021-08-24,3186.47,3186.47,3122.31,3124.87,-1.76,,16124468060.00,A
2021-08-25,3126.02,3126.02,3068.90,3076.45,-1.55,,12092103504.00,A
2021-08-26,3085.04,3107.57,3069.88,3094.05,0.57,,13421974792.00,A
2021-08-29,3105.74,3115.80,3039.03,3044.86,-1.59,,15651244505.00,A
2021-08-31,3047.26,3047.26,2970.51,2975.84,-2.27,,13259696107.00,A
2021-09-01,2977.28,3018.64,2961.12,2977.02,0.04,,9351799655.00,A
2021-09-02,2976.17,2993.40,2916.26,2926.89,-1.68,,9505970822.00,A
2021-09-05,2928.80,2928.80,2779.33,2818.72,-3.70,,11240391045.00,A
2021-09-06,2816.93,2980.79,2805.00,2980.78,5.74,,9826222807.00,A
2021-09-07,2999.62,3001.10,2913.01,2936.60,-1.48,,7495812161.00,A
2021-09-08,2940.91,2940.91,2874.07,2876.59,-2.04,,6646623427.00,A
2021-09-09,2880.54,2911.82,2866.05,2875.97,-0.02,,7050770070.00,A
2021-09-12,2887.50,2947.42,2887.50,2947.42,2.48,,9440035244.00,A
2021-09-13,2962.81,2984.28,2939.96,2947.69,0.01,,9290554155.00,A
2021-09-14,2950.37,2963.65,2916.77,2929.28,-0.63,,5195295443.00,A
2021-09-15,2933.23,2936.77,2882.10,2889.03,-1.37,,5358097251.00,A
2021-09-16,2889.21,2889.21,2795.51,2812.38,-2.65,,9033900623.00,A
2021-09-20,2817.98,2818.49,2698.24,2698.24,-4.05,,8493401009.00,A
2021-09-21,2693.42,2766.41,2615.49,2712.07,0.51,,7364798652.00,A
2021-09-22,2719.91,2818.86,2719.91,2816.95,3.87,,6179300158.00,A
2021-09-23,2833.52,2882.32,2804.53,2819.65,0.10,,7726371029.00,A
2021-09-26,2836.36,2844.09,2756.51,2758.48,-2.17,,6500117780.00,A
2021-09-27,2762.60,2769.10,2678.36,2685.41,-2.65,,5120973096.00,A
2021-09-28,2683.60,2694.97,2602.38,2615.40,-2.61,,5745488179.00,A
2021-09-29,2616.78,2665.93,2579.82,2665.93,1.93,,5028555092.00,A
2021-09-30,2667.45,2687.02,2630.58,2633.42,-1.22,,3700029507.00,A
2021-10-03,2637.36,2640.41,2573.31,2577.49,-2.12,,4113814246.00,A
2021-10-04,2577.36,2596.31,2542.11,2570.81,-0.26,,3627799935.00,A
2021-10-05,2569.79,2619.85,2569.79,2612.65,1.63,,2996819683.00,A
2021-10-06,2614.74,2681.10,2614.74,2681.10,2.62,,4500658142.00,A
2021-10-10,2687.19,2718.53,2654.75,2662.58,-0.69,,4498043581.00,A
2021-10-11,2667.59,2669.51,2616.75,2639.37,-0.87,,3639468093.00,A
2021-10-17,2644.41,2665.42,2625.13,2656.96,0.67,,1497375371.00,A
2021-10-18,2656.04,2656.04,2582.71,2587.45,-2.62,,2966899791.00,A
2021-10-19,2588.24,2588.24,2482.14,2510.73,-2.99,,3783422995.00,A
2021-10-20,2522.20,2589.46,2522.20,2571.66,2.41,,2679028155.00,A
2021-10-21,2573.05,2585.21,2543.11,2556.95,-0.57,,2635390460.00,A
2021-10-24,2557.00,2587.36,2546.39,2584.52,1.08,,2773420135.00,A
2021-10-25,2588.75,2672.25,2588.75,2672.25,3.39,,4308895575.00,A
2021-10-26,2678.86,2751.09,2678.86,2751.07,2.95,,6318340932.00,A
2021-10-27,2753.40,2806.65,2717.57,2769.13,0.66,,6612648840.00,A
2021-10-28,2768.88,2783.67,2747.59,2782.16,0.47,,5395268628.00,A
2021-10-31,2785.95,2837.74,2776.05,2837.61,1.99,,7823226493.00,A
2021-11-01,2852.32,2865.81,2804.84,2819.86,-0.63,,7777510778.00,A
2021-11-02,2824.83,2845.06,2789.59,2843.62,0.84,,6073716888.00,A
2021-11-03,2858.74,2877.81,2837.81,2848.84,0.18,,6553059152.00,A
2021-11-08,2854.38,2862.96,2821.73,2829.64,-0.67,,4420719103.00,A
2021-11-09,2831.00,2831.81,2730.44,2749.85,-2.82,,6527729547.00,A
2021-11-11,2750.03,2750.03,2687.83,2690.29,-2.17,,5119602540.00,A
2021-11-14,2694.05,2704.47,2668.82,2688.92,-0.05,,4096219525.40,A
2021-11-15,2688.06,2728.32,2685.81,2715.35,0.98,,4734651444.00,A
2021-11-16,2720.59,2784.58,2717.92,2784.58,2.55,,5521650856.75,A
2021-11-17,2795.19,2825.89,2795.19,2801.52,0.61,,7379446820.00,A
2021-11-18,2806.13,2808.72,2760.79,2769.13,-1.16,,6271867230.00,A
2021-11-21,2771.75,2779.84,2750.01,2757.53,-0.42,,4357309319.00,A
2021-11-22,2758.99,2777.86,2758.98,2765.43,0.29,,3929261627.00,A
2021-11-23,2765.67,2765.67,2720.03,2733.12,-1.17,,4165896578.00,A
2021-11-24,2737.09,2742.35,2694.62,2735.00,0.07,,4217415337.00,A
2021-11-25,2736.84,2746.06,2721.38,2731.78,-0.12,,3789709331.00,A
2021-11-28,2730.75,2730.75,2644.91,2651.49,-2.94,,5835135055.00,A
2021-11-29,2650.54,2677.63,2622.32,2629.97,-0.81,,4008937133.00,A
2021-11-30,2630.32,2647.85,2604.43,2628.37,-0.06,,3089041991.00,A
2021-12-01,2628.68,2649.80,2628.68,2633.65,0.20,,2742085704.00,A
2021-12-02,2633.63,2641.96,2580.68,2586.19,-1.80,,3413589126.00,A
2021-12-05,2586.82,2586.95,2505.13,2513.87,-2.80,,4090765325.00,A
2021-12-06,2508.96,2548.98,2440.24,2546.08,1.28,,4542345271.00,A
2021-12-07,2549.36,2590.39,2506.61,2508.90,-1.46,,3128341700.27,A
2021-12-08,2508.28,2511.60,2448.91,2455.80,-2.12,,2663909620.00,A
2021-12-09,2454.41,2464.70,2428.84,2449.97,-0.24,,2673308792.00,A
2021-12-12,2448.66,2455.56,2360.67,2361.27,-3.62,,3382509520.00,A
2021-12-13,2351.93,2351.93,2259.63,2281.67,-3.37,,3995604178.00,A
2021-12-14,2283.67,2418.85,2283.67,2418.85,6.01,,1842647144.00,A
2021-12-15,2433.20,2490.62,2379.30,2414.62,-0.17,,4588390678.00,A
2021-12-16,2415.77,2417.21,2372.87,2376.74,-1.57,,2301751968.00,A
2021-12-20,2390.81,2390.81,2346.96,2358.81,-0.75,,2464689863.00,A
2021-12-21,2360.33,2415.55,2360.33,2415.55,2.41,,2383259847.00,A
2021-12-22,2425.05,2508.46,2425.05,2507.70,3.82,,4523338143.00,A
2021-12-23,2522.51,2542.11,2485.55,2520.23,0.50,,4490266410.00,A
2021-12-26,2531.43,2595.71,2531.43,2591.42,2.82,,5173200503.00,A
2021-12-27,2600.21,2615.47,2518.80,2521.65,-2.69,,5607439671.00,A
2021-12-28,2523.87,2533.26,2487.41,2518.99,-0.11,,3125575632.00,A
2021-12-29,2520.55,2538.65,2513.14,2524.50,0.22,,3623480292.00,A
2022-01-02,2538.25,2584.91,2529.88,2584.91,2.39,,4126980067.52,A
2022-01-03,2595.22,2634.54,2594.04,2616.94,1.24,,4533017178.57,A
2022-01-04,2619.22,2679.95,2594.22,2679.95,2.41,,4320269828.00,A
2022-01-05,2687.75,2699.94,2641.61,2649.18,-1.15,,4621598583.00,A
2022-01-06,2647.76,2692.47,2633.91,2692.47,1.63,,3676846349.00,A
2022-01-09,2699.87,2770.06,2699.87,2765.51,2.71,,7101831591.11,A
2022-01-10,2772.09,2804.84,2756.03,2784.95,0.70,,7123424035.00,A
2022-01-11,2792.63,2847.38,2771.64,2834.13,1.77,,6724526197.50,A
2022-01-12,2839.87,2874.80,2796.66,2803.62,-1.08,,8033212742.00,A
2022-01-13,2808.80,2857.75,2802.80,2857.75,1.93,,6669748567.76,A
2022-01-16,2873.42,2940.13,2873.42,2926.74,2.41,,9676317059.00,A
2022-01-17,2944.92,2955.60,2907.95,2947.43,0.71,,7901890668.00,A
2022-01-18,2953.11,2981.35,2916.06,2936.66,-0.37,,8443419561.86,A
2022-01-19,2945.63,2950.14,2890.00,2898.31,-1.31,,6021311881.03,A
2022-01-20,2901.51,2931.34,2884.91,2931.34,1.14,,5773120409.17,A
2022-01-23,2942.97,2961.93,2906.28,2920.51,-0.37,,7030508263.00,A
2022-01-24,2926.12,2926.12,2804.07,2820.65,-3.42,,8888513178.00,A
2022-01-25,2827.75,2857.61,2781.48,2815.06,-0.20,,5395672627.02,A
2022-01-26,2817.17,2819.74,2761.28,2776.65,-1.36,,4313154042.17,A
2022-01-27,2778.89,2803.75,2776.88,2779.98,0.12,,3343413684.00,A
2022-01-30,2805.01,2885.53,2805.01,2885.53,3.80,,6324274039.00,A
2022-01-31,2895.77,2907.61,2860.92,2872.05,-0.47,,5154177598.00,A
2022-02-01,2875.74,2896.47,2856.68,2891.33,0.67,,6574842418.00,A
2022-02-03,2898.61,2925.05,2871.82,2876.74,-0.50,,8612174162.00,A
2022-02-06,2877.04,2877.04,2829.17,2836.17,-1.41,,5836414510.47,A
2022-02-07,2834.26,2853.78,2822.88,2851.88,0.55,,5022017181.00,A
2022-02-08,2877.58,2921.18,2826.35,2835.58,-0.57,,6287217985.00,A
2022-02-09,2837.33,2837.33,2800.08,2813.52,-0.78,,3471109182.00,A
2022-02-10,2813.33,2825.33,2791.10,2801.56,-0.43,,3829533350.00,A
2022-02-13,2783.89,2783.89,2697.78,2700.89,-3.59,,5977214730.64,A
2022-02-14,2697.37,2728.13,2695.12,2700.98,0.00,,3684009915.07,A
2022-02-15,2703.35,2754.29,2703.35,2754.29,1.97,,3233318614.47,A
2022-02-16,2759.37,2771.69,2725.34,2734.44,-0.72,,3026330784.14,A
2022-02-17,2735.33,2745.21,2723.77,2732.51,-0.07,,2278173660.05,A
2022-02-20,2713.52,2715.83,2670.39,2693.10,-1.44,,4086474828.31,A
2022-02-21,2695.26,2718.81,2694.16,2718.51,0.94,,2997681072.21,A
2022-02-22,2719.89,2750.09,2719.89,2735.93,0.64,,3212887822.11,A
2022-02-23,2732.48,2747.18,2716.44,2720.43,-0.57,,3131210281.88,A
2022-02-24,2715.44,2715.44,2654.98,2661.44,-2.17,,4293864191.66,A
2022-02-27,2660.39,2680.39,2638.64,2653.70,-0.29,,3273065909.76,A
2022-02-28,2662.26,2683.47,2607.00,2610.58,-1.62,,3660189867.56,A
2022-03-02,2612.51,2612.51,2542.77,2547.04,-2.43,,3621143979.32,A
2022-03-06,2542.57,2568.11,2528.15,2543.39,-0.14,,2493241272.52,A
2022-03-07,2542.66,2566.29,2538.44,2544.94,0.06,,2600930402.61,A
2022-03-09,2542.42,2557.08,2504.48,2514.58,-1.19,,2352317142.03,A
2022-03-10,2512.04,2566.90,2499.03,2566.90,2.08,,2791872969.76,A
2022-03-13,2575.27,2667.97,2575.27,2667.97,3.94,,4870715387.13,A
2022-03-14,2677.97,2682.57,2650.42,2668.11,0.01,,1342232838.50,A
2022-03-15,2673.55,2675.83,2637.23,2650.97,-0.64,,3364229175.35,A
2022-03-16,2653.57,2660.64,2626.02,2631.25,-0.74,,2570401188.08,A
2022-03-20,2634.11,2643.81,2607.98,2616.59,-0.56,,2274626190.52,A
2022-03-21,2620.13,2634.66,2601.36,2634.66,0.69,,2592718131.44,A
2022-03-22,2634.42,2658.06,2634.42,2650.70,0.61,,2518894178.29,A
2022-03-23,2651.41,2653.24,2623.08,2630.36,-0.77,,2046352547.24,A
2022-03-24,2630.93,2638.62,2611.96,2613.67,-0.63,,3248943824.64,A
2022-03-27,2623.20,2641.51,2569.02,2572.26,-1.58,,4989514415.77,A
2022-03-28,2574.12,2580.26,2538.22,2541.84,-1.18,,2545321813.93,A
2022-03-29,2542.65,2561.98,2520.19,2527.58,-0.56,,1750628199.30,A
2022-03-30,2527.77,2568.26,2516.12,2568.26,1.61,,2250117296.35,A
2022-03-31,2568.76,2584.22,2538.78,2544.31,-0.93,,1890164686.39,A
2022-04-03,2544.48,2546.65,2510.69,2513.42,-1.21,,1460773729.18,A
2022-04-04,2517.41,2525.24,2497.48,2498.53,-0.59,,1584671562.02,A
2022-04-05,2507.77,2507.77,2434.56,2452.07,-1.86,,2671232388.39,A
2022-04-06,2451.81,2457.61,2417.08,2428.66,-0.95,,1995964384.22,A
2022-04-07,2427.97,2475.78,2427.97,2464.36,1.47,,2121511279.53,A
2022-04-11,2471.81,2508.88,2416.22,2419.80,-1.81,,2260786628.14,A
2022-04-12,2424.71,2428.57,2379.57,2385.01,-1.44,,1524364418.10,A
2022-04-13,2385.24,2415.25,2367.02,2415.25,1.27,,1476318104.44,A
2022-04-17,2422.34,2437.42,2380.16,2385.65,-1.23,,1440723182.32,A
2022-04-18,2386.66,2387.12,2342.04,2343.87,-1.75,,1530692955.67,A
2022-04-19,2347.21,2372.21,2314.80,2357.25,0.57,,1326865931.83,A
2022-04-20,2364.47,2367.03,2317.01,2320.52,-1.56,,1458737755.45,A
2022-04-21,2327.08,2333.18,2287.00,2325.45,0.21,,1629168847.89,A
2022-04-24,2331.51,2430.07,2331.51,2420.97,4.11,,2531275592.84,A
2022-04-25,2423.74,2443.95,2382.37,2386.02,-1.44,,2042253182.30,A
2022-04-26,2386.04,2401.57,2358.82,2370.99,-0.63,,1046014417.20,A
2022-04-27,2373.10,2376.20,2348.76,2376.17,0.22,,1089992035.93,A
2022-04-28,2380.16,2390.11,2351.57,2356.17,-0.84,,1496246808.20,A
2022-05-02,2358.24,2359.27,2303.70,2307.44,-2.07,,1423498292.37,A
2022-05-04,2310.51,2312.07,2269.87,2275.69,-1.38,,1269219421.49,A
2022-05-05,2275.43,2275.43,2226.61,2238.62,-1.63,,1654561472.53,A
2022-05-08,2238.81,2256.58,2204.47,2256.58,0.80,,1326421671.70,A
2022-05-09,2263.06,2289.27,2255.73,2268.85,0.54,,1390607701.93,A
2022-05-10,2269.36,2313.00,2269.20,2313.00,1.95,,1356687468.49,A
2022-05-11,2313.28,2369.07,2313.28,2369.06,2.42,,2163990743.33,A
2022-05-12,2373.38,2388.49,2343.95,2350.42,-0.79,,2328434272.92,A
2022-05-17,2350.43,2350.43,2264.87,2265.52,-3.61,,1644096192.85,A
2022-05-18,2262.99,2281.82,2238.04,2274.42,0.39,,1326320346.01,A
2022-05-19,2274.80,2282.81,2247.82,2250.91,-1.03,,1300981996.43,A
2022-05-20,2251.49,2258.26,2231.46,2235.09,-0.70,,932206084.33,A
2022-05-23,2241.26,2248.91,2191.60,2200.88,-1.53,,1369513191.50,A
2022-05-24,2203.14,2227.36,2190.69,2217.19,0.74,,1088833541.72,A
2022-05-25,2222.49,2243.21,2222.24,2231.57,0.65,,1044626939.45,A
2022-05-26,2240.61,2245.18,2222.90,2239.60,0.36,,889834908.59,A
2022-05-27,2242.46,2250.37,2214.94,2223.78,-0.71,,1298905589.57,A
2022-05-30,2227.43,2232.23,2175.91,2173.44,-2.26,,1338856282.36,A
2022-05-31,2172.02,2172.02,2126.81,2137.92,-1.63,,1317699089.62,A
2022-06-01,2138.06,2154.03,2119.53,2130.73,-0.34,,1078484181.94,A
2022-06-02,2130.35,2142.46,2107.97,2112.47,-0.86,,1161514168.66,A
2022-06-03,2113.13,2117.03,2072.08,2078.71,-1.60,,1307359540.80,A
2022-06-06,2079.60,2093.08,2054.29,2065.82,-0.62,,1273385276.82,A
2022-06-07,2065.19,2065.19,2016.81,2020.23,-2.21,,1312806562.64,A
2022-06-08,2019.54,2096.14,2017.47,2080.45,2.98,,1640356608.04,A
2022-06-09,2082.45,2115.59,2058.52,2062.81,-0.85,,1472690554.24,A
2022-06-10,2067.76,2069.37,2036.61,2048.16,-0.71,,894124114.10,A
2022-06-13,2049.31,2052.29,2027.22,2032.34,-0.77,,998674262.44,A
2022-06-14,2032.53,2034.34,1990.51,1996.26,-1.78,,1185546179.44,A
2022-06-15,1999.05,1999.05,1946.47,1966.37,-1.50,,1491758817.38,A
2022-06-16,1966.89,1993.40,1950.93,1978.94,0.64,,1187145518.65,A
2022-06-17,1981.21,1990.88,1967.23,1971.38,-0.38,,736312157.98,A
2022-06-19,1971.84,1973.79,1929.24,1934.11,-1.89,,1134091212.35,A
2022-06-20,1934.03,1934.08,1880.01,1884.81,-2.55,,1750600171.41,A
2022-06-21,1884.25,1931.89,1878.39,1924.74,2.12,,1253757714.92,A
2022-06-22,1925.46,1926.07,1890.07,1893.53,-1.62,,843773459.02,A
2022-06-23,1889.40,1889.40,1836.00,1848.28,-2.39,,1499709634.92,A
2022-06-24,1848.38,1878.97,1807.18,1862.06,0.75,,1151208031.19,A
2022-06-26,1863.47,1956.99,1863.47,1956.98,5.10,,2196141848.83,A
2022-06-27,1967.30,1985.91,1931.64,1933.13,-1.22,,2044831947.70,A
2022-06-28,1935.54,1935.54,1909.29,1921.31,-0.61,,1058263522.26,A
2022-06-29,1925.74,1963.48,1915.44,1962.71,2.15,,1431400640.64,A
2022-06-30,1966.86,2037.64,1966.86,2037.64,3.82,,2458619494.89,A
2022-07-01,2041.94,2053.39,2016.75,2028.77,-0.44,,1459312015.14,A
2022-07-03,2028.79,2086.42,2021.00,2086.42,2.84,,2480473998.90,A
2022-07-04,2095.62,2148.16,2059.25,2076.67,-0.47,,4349273593.20,A
2022-07-05,2078.63,2091.29,2026.37,2030.59,-2.22,,2968485223.95,A
2022-07-06,2036.46,2046.92,1995.18,2043.92,0.66,,2178655700.71,A
2022-07-07,2051.50,2079.30,2023.13,2027.32,-0.81,,1806204764.98,A
2022-07-08,2031.87,2033.06,1988.96,1992.62,-1.71,,1168451395.02,A
2022-07-11,1993.33,1993.55,1913.19,1915.61,-3.86,,2325641022.25,A
2022-07-12,1916.41,1947.53,1908.89,1927.28,0.61,,1707752977.82,A
2022-07-13,1928.50,1986.83,1928.50,1986.82,3.09,,2044443007.47,A
2022-07-14,1987.32,2011.72,1977.26,2001.53,0.74,,2411834599.35,A
2022-07-15,2002.96,2009.47,1989.42,2009.46,0.40,,1456259832.87,A
2022-07-17,2010.92,2018.85,1994.75,2011.40,0.10,,1232488082.72,A
2022-07-18,2011.71,2029.43,2000.19,2029.43,0.90,,1312962959.61,A
2022-07-19,2029.71,2062.07,2029.29,2045.70,0.80,,2299316326.28,A
2022-07-20,2046.21,2061.31,2033.46,2050.59,0.24,,1731832270.04,A
2022-07-21,2052.95,2065.86,2038.58,2044.72,-0.29,,1642648586.50,A
2022-07-22,2046.62,2046.62,2013.75,2017.46,-1.33,,1443432770.47,A
2022-07-24,2027.80,2078.51,2027.80,2078.51,3.03,,2730937196.52,A
2022-07-25,2081.98,2134.62,2081.98,2132.96,2.62,,4106818941.36,A
2022-07-26,2134.14,2141.35,2085.93,2088.16,-2.10,,3704998398.24,A
2022-07-27,2089.01,2111.99,2066.08,2111.99,1.14,,3161455141.99,A
2022-07-28,2113.35,2156.10,2106.16,2127.47,0.73,,4976433105.02,A
2022-07-29,2130.32,2147.31,2117.53,2140.52,0.61,,2191619914.28,A
2022-07-31,2142.31,2195.10,2142.31,2195.10,2.55,,4609971271.65,A
2022-08-01,2205.77,2223.99,2183.55,2196.25,0.05,,4670798756.39,A
2022-08-02,2198.06,2202.72,2170.32,2193.48,-0.13,,3293234705.72,A
2022-08-03,2196.13,2213.70,2183.80,2186.77,-0.31,,4029931439.75,A
2022-08-04,2191.49,2192.66,2148.16,2148.16,-1.77,,3768079173.00,A
2022-08-05,2150.47,2150.47,2109.01,2113.55,-1.61,,2626154947.80,A
2022-08-07,2109.41,2132.49,2108.65,2123.82,0.49,,2673338232.35,A
2022-08-08,2128.19,2140.09,2102.34,2106.15,-0.83,,2857072961.40,A
2022-08-09,2109.79,2112.13,2060.92,2062.80,-2.06,,2815144598.31,A
2022-08-10,2064.39,2074.93,2042.95,2056.88,-0.29,,1935520146.52,A
2022-08-11,2059.83,2074.70,2037.93,2037.92,-0.92,,1761023038.83,A
2022-08-14,2035.32,2042.87,2007.73,2010.01,-1.37,,1873281897.06,A
2022-08-15,2007.19,2065.89,2004.29,2065.89,2.78,,2432984611.90,A
2022-08-16,2069.38,2088.22,2035.55,2041.06,-1.20,,2734853057.65,A
2022-08-17,2043.62,2052.90,2035.52,2040.70,-0.02,,1405974256.29,A
2022-08-18,2041.71,2072.23,2041.71,2068.26,1.35,,2057980056.54,A
2022-08-21,2070.06,2088.38,2056.43,2060.55,-0.37,,2047093688.56,A
2022-08-22,2061.03,2065.20,2044.02,2053.13,-0.36,,1726287429.58,A
2022-08-23,2053.35,2059.92,2049.04,2054.98,0.09,,1333560857.30,A
2022-08-24,2054.99,2073.28,2052.30,2057.84,0.14,,1526186217.86,A
2022-08-25,2058.01,2068.33,2036.07,2039.54,-0.89,,1717469670.12,A
2022-08-26,2040.47,2040.47,2018.27,2022.62,-0.83,,1294832820.00,A
2022-08-28,2022.32,2022.70,1987.21,1989.26,-1.65,,2059737103.35,A
2022-08-29,1989.37,1995.59,1975.24,1993.02,0.19,,1266619150.41,A
2022-08-30,1993.47,2011.82,1987.49,1995.34,0.12,,1019516696.18,A
2022-08-31,1993.38,1996.32,1968.62,1973.38,-1.10,,1126217861.98,A
2022-09-01,1972.98,1982.34,1953.65,1972.29,-0.05,,1383462162.06,A
2022-09-02,1970.78,1984.20,1964.98,1970.62,-0.08,,698805950.93,A
2022-09-04,1971.86,1988.25,1969.60,1977.30,0.34,,1071615922.48,A
2022-09-05,1978.30,1987.50,1970.91,1973.01,-0.22,,909904751.01,A
2022-09-06,1974.13,1977.86,1947.33,1951.84,-1.07,,1190765612.98,A
2022-09-07,1951.21,1955.77,1933.32,1939.88,-0.61,,826230582.89,A
2022-09-08,1940.19,1947.69,1925.48,1937.74,-0.11,,1044440646.77,A
2022-09-11,1938.20,1946.39,1922.47,1926.28,-0.59,,747226625.36,A
2022-09-12,1926.45,1928.65,1907.11,1912.74,-0.70,,831603650.57,A
2022-09-13,1913.41,1940.73,1913.33,1934.04,1.11,,922574409.66,A
2022-09-14,1936.37,1984.12,1936.37,1981.48,2.45,,1453824649.96,A
2022-09-15,1983.26,1989.85,1920.45,1924.48,-2.88,,2125655787.38,A
2022-09-16,1921.05,1921.05,1886.91,1910.38,-0.73,,908186487.98,A
2022-09-18,1910.20,1910.90,1874.40,1876.41,-1.78,,1601822954.98,A
2022-09-20,1875.41,1876.82,1833.72,1837.60,-2.07,,1229669722.27,A
2022-09-21,1838.40,1862.36,1838.23,1848.80,0.61,,721259884.67,A
2022-09-22,1848.79,1855.97,1836.34,1838.96,-0.53,,655705169.41,A
2022-09-25,1838.00,1838.68,1811.70,1815.13,-1.30,,1072480097.23,A
2022-09-27,1814.71,1842.06,1814.71,1831.05,0.88,,663013000.44,A
2022-09-28,1831.24,1845.61,1831.24,1837.46,0.35,,485408767.82,A
2022-09-29,1836.84,1853.76,1835.97,1853.76,0.89,,632407627.66,A
2022-10-09,1854.57,1898.38,1854.53,1898.38,2.41,,836873139.83,A
2022-10-10,1901.25,1907.94,1866.84,1871.22,-1.43,,971767714.44,A
2022-10-11,1871.28,1871.28,1850.13,1855.16,-0.86,,552809984.50,A
2022-10-12,1854.57,1872.75,1848.36,1866.48,0.61,,691737893.98,A
2022-10-13,1866.54,1878.14,1861.11,1870.63,0.22,,829646920.43,A
2022-10-16,1871.09,1871.59,1853.07,1860.94,-0.52,,803525533.17,A
2022-10-17,1861.55,1864.58,1854.56,1858.33,-0.14,,515818989.82,A
2022-10-19,1858.03,1861.63,1840.55,1845.52,-0.69,,643607975.25,A
2022-10-20,1845.38,1849.74,1834.41,1844.14,-0.07,,507689560.53,A
2022-10-23,1844.50,1858.49,1843.82,1858.49,0.78,,516803483.59,A
2022-10-31,1860.39,1874.88,1857.20,1874.88,0.88,,697317611.31,A
2022-11-01,1876.55,1930.98,1871.98,1930.99,2.99,,1290664641.80,A
2022-11-02,1933.24,1956.42,1916.54,1938.30,0.38,,1467914875.04,A
2022-11-03,1939.50,1940.43,1919.26,1922.16,-0.83,,898907829.98,A
2022-11-06,1924.20,1965.38,1919.90,1965.36,2.25,,1548032561.21,A
2022-11-07,1968.07,1987.26,1955.72,1958.94,-0.33,,2109163383.68,A
2022-11-08,1959.22,1965.96,1948.45,1956.36,-0.13,,1053137466.97,A
2022-11-09,1957.76,1967.63,1914.28,1917.22,-2.00,,1407395437.00,A
2022-11-10,1919.10,1929.00,1889.93,1893.70,-1.23,,1119461411.39,A
2022-11-13,1892.94,1901.04,1879.80,1883.16,-0.56,,774911706.64,A
2022-11-14,1883.58,1904.45,1879.53,1904.45,1.13,,946089521.22,A
2022-11-15,1905.21,1919.75,1896.36,1897.86,-0.35,,1023609960.42,A
2022-11-16,1898.70,1914.27,1898.70,1911.26,0.71,,859468158.30,A
2022-11-17,1912.24,1939.56,1912.24,1936.83,1.34,,1715419286.41,A
2022-11-22,1938.47,1960.85,1926.48,1929.70,-0.37,,1352885779.64,A
2022-11-23,1931.01,1933.53,1913.28,1921.99,-0.40,,1022293552.83,A
2022-11-24,1922.72,1933.55,1916.45,1933.55,0.60,,925174380.44,A
2022-11-27,1939.09,1965.98,1936.31,1965.98,1.68,,2025489052.13,A
2022-11-28,1968.93,1980.09,1948.04,1950.37,-0.79,,1494394613.65,A
2022-11-29,1951.31,1957.83,1933.97,1953.35,0.15,,957060225.95,A
2022-11-30,1953.07,1955.60,1943.37,1949.85,-0.18,,842695301.98,A
2022-12-01,1949.48,1968.95,1942.10,1961.06,0.58,,1322972185.64,A
2022-12-04,1961.07,1973.39,1957.36,1963.22,0.11,,1561702992.00,A
2022-12-05,1964.79,1965.26,1935.76,1938.76,-1.25,,1670455034.63,A
2022-12-06,1941.08,1943.63,1922.20,1933.88,-0.25,,965210899.14,A
2022-12-07,1935.08,1935.86,1916.77,1917.28,-0.86,,1654662550.98,A
2022-12-11,1916.04,1918.03,1883.23,1885.31,-1.67,,1103404045.08,A
2022-12-12,1884.22,1902.27,1868.77,1902.27,0.90,,1366010464.02,A
2022-12-13,1900.23,1904.58,1888.84,1899.70,-0.13,,777089165.15,A
2022-12-14,1900.61,1905.91,1893.20,1897.08,-0.14,,727877897.35,A
2022-12-15,1897.34,1898.86,1880.44,1882.60,-0.76,,1192616187.82,A
2022-12-18,1883.65,1883.65,1851.24,1855.06,-1.46,,1157155099.08,A
2022-12-19,1855.19,1864.87,1849.44,1858.89,0.21,,886098568.37,A
2022-12-20,1859.72,1881.04,1859.07,1873.11,0.77,,930839901.14,A
2022-12-21,1874.85,1882.84,1864.90,1867.22,-0.31,,863816561.06,A
2022-12-22,1864.41,1867.21,1850.88,1867.21,0.00,,1119797921.31,A
2022-12-26,1868.18,1924.09,1868.18,1924.09,3.05,,2097049941.35,A
2022-12-27,1928.81,1998.49,1928.81,1983.95,3.11,,3884396997.97,A
2022-12-28,1991.81,1994.07,1962.33,1972.15,-0.60,,2153547207.90,A
2022-12-29,1973.18,2029.03,1962.71,2029.03,2.88,,2860345781.68,A
2023-01-01,2037.21,2082.66,2030.41,2046.26,0.85,,4048879510.19,A
2023-01-02,2047.46,2070.31,2028.74,2063.83,0.86,,2960927440.66,A
2023-01-03,2066.02,2081.09,2051.20,2061.06,-0.15,,3458089787.92,A
2023-01-04,2069.34,2125.85,2066.89,2125.84,3.14,,3501142097.42,A
2023-01-05,2134.88,2159.82,2113.51,2143.93,0.85,,5040740937.08,A
2023-01-08,2148.93,2191.52,2127.08,2164.61,0.96,,5459925001.18,A
2023-01-09,2171.46,2211.77,2161.42,2211.76,2.18,,5314307853.42,A
2023-01-10,2215.35,2277.35,2179.25,2190.42,-0.96,,7658823579.86,A
2023-01-12,2203.84,2235.49,2144.41,2149.39,-1.87,,5477624724.37,A
2023-01-17,2152.05,2187.54,2136.61,2182.11,1.52,,3724794587.76,A
2023-01-18,2185.73,2214.39,2167.41,2173.10,-0.41,,4928714602.64,A
2023-01-19,2175.30,2191.81,2163.44,2178.81,0.26,,3044529329.67,A
2023-01-23,2184.77,2202.26,2163.41,2165.10,-0.63,,3864008973.69,A
2023-01-24,2166.05,2173.25,2140.18,2173.25,0.38,,3003230039.43,A
2023-01-25,2175.67,2199.66,2175.67,2183.62,0.48,,3466508338.64,A
2023-01-26,2186.50,2201.28,2178.29,2183.21,-0.02,,2860082839.02,A
2023-01-29,2185.32,2192.27,2164.05,2168.53,-0.67,,3017063956.47,A
2023-01-30,2166.31,2173.85,2124.97,2127.37,-1.90,,3302201825.93,A
2023-01-31,2130.29,2135.86,2108.20,2111.68,-0.74,,2824540406.61,A
2023-02-01,2111.44,2124.09,2104.55,2116.65,0.24,,1767051916.00,A
2023-02-02,2118.56,2126.01,2090.53,2094.54,-1.04,,2096419161.88,A
2023-02-05,2096.70,2118.27,2088.07,2096.08,0.07,,1931719103.92,A
2023-02-06,2096.32,2102.47,2087.48,2100.70,0.22,,1474161645.60,A
2023-02-07,2100.12,2177.35,2100.12,2177.34,3.65,,3362267078.75,A
2023-02-08,2181.62,2213.78,2161.22,2170.18,-0.33,,3691972817.14,A
2023-02-09,2171.17,2182.64,2153.57,2182.63,0.57,,2062058749.14,A
2023-02-12,2181.20,2181.20,2117.93,2121.86,-2.78,,3047739812.93,A
2023-02-14,2122.41,2122.41,2100.60,2105.46,-0.77,,1787016372.70,A
2023-02-15,2105.03,2117.50,2086.95,2091.56,-0.66,,1732575202.79,A
2023-02-16,2090.49,2099.36,2067.41,2070.41,-1.01,,1684942096.45,A
2023-02-20,2069.67,2069.67,2040.34,2046.81,-1.14,,1947623993.42,A
2023-02-22,2049.65,2083.83,2048.35,2080.38,1.64,,1803282180.68,A
2023-02-23,2078.48,2078.48,2015.04,2022.64,-2.78,,2522713153.87,A
2023-02-26,2016.54,2029.09,1961.68,2027.19,0.22,,2525071806.13,A
2023-02-27,2029.23,2042.95,1990.37,2023.54,-0.18,,1893736365.84,A
2023-02-28,2024.82,2033.70,2013.58,2019.93,-0.18,,1387865515.74,A
2023-03-01,2020.72,2024.34,1994.53,1995.49,-1.21,,1288363424.63,A
2023-03-02,1995.34,1996.56,1966.72,1969.02,-1.33,,1336333964.70,A
2023-03-05,1967.49,1975.79,1935.49,1938.25,-1.56,,1392354893.48,A
2023-03-07,1938.36,1963.76,1937.92,1952.66,0.74,,1204409411.61,A
2023-03-09,1955.57,2002.70,1955.57,2002.70,2.56,,1565558802.91,A
2023-03-12,2008.26,2016.05,1970.84,1975.90,-1.34,,1666931510.75,A
2023-03-13,1975.43,1975.43,1944.48,1951.21,-1.25,,1162503515.16,A
2023-03-14,1950.41,1964.71,1939.55,1953.06,0.09,,1135925357.90,A
2023-03-15,1953.96,1955.71,1926.64,1938.62,-0.74,,1202141882.65,A
2023-03-16,1938.62,1946.32,1920.10,1933.31,-0.27,,1141455062.49,A
2023-03-19,1933.23,1939.42,1922.63,1926.40,-0.36,,1069804825.12,A
2023-03-20,1926.28,1949.06,1926.04,1949.06,1.18,,1298583988.28,A
2023-03-22,1952.19,1962.14,1929.54,1933.29,-0.81,,1333719929.67,A
2023-03-23,1933.11,1933.21,1906.33,1915.14,-0.94,,1413172802.50,A
2023-03-26,1915.32,1915.32,1881.35,1888.30,-1.40,,1289371531.03,A
2023-03-27,1885.65,1906.85,1864.99,1906.00,0.94,,1382767991.83,A
2023-03-28,1910.35,1936.43,1906.77,1918.41,0.65,,1443713878.30,A
2023-03-29,1920.09,1921.83,1901.90,1919.42,0.05,,816219129.76,A
2023-03-30,1920.01,1932.30,1905.50,1908.55,-0.57,,899532139.40,A
2023-04-02,1910.49,1928.66,1883.04,1888.55,-1.05,,1207122600.13,A
2023-04-03,1888.61,1891.76,1866.16,1871.88,-0.88,,920249011.53,A
2023-04-04,1872.65,1880.31,1856.69,1866.68,-0.28,,917610296.04,A
2023-04-05,1866.83,1878.53,1857.63,1875.07,0.45,,816046790.00,A
2023-04-06,1875.88,1888.82,1864.51,1866.79,-0.44,,920686094.33,A
2023-04-09,1867.47,1868.34,1834.20,1838.49,-1.52,,1159448411.71,A
2023-04-10,1837.65,1851.39,1833.30,1844.02,0.30,,911976049.12,A
2023-04-11,1845.65,1871.95,1844.57,1871.34,1.48,,945249179.36,A
2023-04-12,1871.46,1963.55,1871.46,1963.55,4.93,,1976076732.33,A
2023-04-13,1973.09,1981.43,1929.21,1934.47,-1.48,,1653334665.77,A
2023-04-16,1934.51,1944.58,1918.70,1931.68,-0.14,,974599061.51,A
2023-04-17,1931.86,1937.37,1904.61,1908.05,-1.22,,920078571.12,A
2023-04-18,1905.96,1911.39,1893.33,1904.98,-0.16,,870448151.88,A
2023-04-19,1903.36,1924.06,1903.36,1920.12,0.79,,872141116.12,A
2023-04-20,1918.49,1927.92,1902.37,1904.40,-0.82,,983367311.00,A
2023-04-23,1904.94,1906.29,1881.39,1885.60,-0.99,,828534036.34,A
2023-04-24,1885.77,1891.79,1875.37,1888.32,0.14,,751330393.70,A
2023-04-25,1887.30,1905.68,1885.20,1905.68,0.92,,885578270.76,A
2023-04-26,1907.54,1913.05,1889.63,1892.00,-0.72,,847028219.40,A
2023-04-27,1892.94,1895.12,1880.29,1889.73,-0.12,,739650247.50,A
2023-04-30,1889.41,1890.06,1867.86,1870.65,-1.01,,954322377.93,A
2023-05-02,1871.63,1878.51,1860.53,1866.40,-0.23,,692271755.19,A
2023-05-03,1866.68,1868.14,1852.51,1857.23,-0.49,,620266016.87,A
2023-05-04,1856.97,1874.58,1846.92,1869.73,0.69,,732689811.89,A
2023-05-07,1870.41,1872.22,1849.09,1850.61,-1.02,,608135094.13,A
2023-05-08,1850.73,1853.87,1825.83,1833.69,-0.91,,824217001.84,A
2023-05-09,1831.64,1856.02,1829.00,1844.36,0.58,,774760647.07,A
2023-05-10,1845.71,1852.04,1835.64,1841.93,-0.13,,471574067.13,A
2023-05-11,1840.05,1843.36,1831.41,1838.59,-0.18,,578841593.52,A
2023-05-14,1840.82,1849.19,1818.50,1821.64,-0.92,,900563856.24,A
2023-05-15,1821.81,1826.63,1807.84,1818.31,-0.18,,724969980.39,A
2023-05-16,1817.87,1827.55,1810.15,1821.62,0.18,,640117260.52,A
2023-05-17,1821.54,1846.63,1821.33,1845.01,1.28,,857624318.45,A
2023-05-18,1846.69,1883.00,1844.61,1877.32,1.75,,1474765388.20,A
2023-05-21,1878.68,1902.60,1874.47,1883.20,0.31,,1600492731.52,A
2023-05-22,1883.45,1898.60,1866.11,1891.31,0.43,,1272346510.88,A
2023-05-23,1891.37,1942.63,1891.37,1942.63,2.71,,2200023945.86,A
2023-05-24,1943.81,1962.55,1928.36,1959.12,0.85,,1873018024.09,A
2023-05-28,1960.95,1977.36,1938.66,1941.74,-0.89,,2639659499.69,A
2023-05-30,1944.03,1944.03,1885.06,1888.61,-2.74,,2341777844.60,A
2023-05-31,1884.49,1893.37,1844.67,1849.79,-2.06,,2315169571.93,A
2023-06-01,1850.79,1876.98,1837.43,1866.34,0.89,,1654648922.34,A
2023-06-04,1866.35,1925.11,1865.73,1919.38,2.84,,1656340391.57,A
2023-06-05,1922.13,1935.55,1900.30,1901.99,-0.91,,1973491107.31,A
2023-06-06,1902.75,1927.66,1893.62,1927.66,1.35,,1981012701.99,A
2023-06-07,1929.16,1950.57,1928.41,1932.33,0.24,,2368815635.92,A
2023-06-08,1933.40,1946.76,1920.74,1939.61,0.38,,2305888931.71,A
2023-06-11,1941.76,1983.23,1941.76,1980.09,2.09,,3454344563.90,A
2023-06-12,1984.36,2002.00,1972.08,1987.87,0.39,,2886509415.69,A
2023-06-13,1989.43,2034.45,1977.92,2020.64,1.72,,4126695943.96,A
2023-06-14,2020.18,2066.99,2015.67,2037.06,0.81,,5017807682.79,A
2023-06-15,2040.58,2049.86,2018.05,2042.07,0.25,,3162810843.58,A
2023-06-18,2045.06,2094.33,2038.24,2094.33,2.56,,4869184016.01,A
2023-06-19,2097.53,2107.18,2075.87,2091.39,-0.14,,4740608880.28,A
2023-06-20,2093.56,2116.89,2057.52,2064.83,-1.27,,4110606953.96,A
2023-06-21,2067.21,2082.60,2044.28,2050.78,-0.68,,3496822260.78,A
2023-06-22,2054.62,2074.22,2042.45,2055.53,0.23,,3444862501.60,A
2023-06-25,2057.37,2119.40,2057.37,2117.73,3.03,,6490443184.88,A
2023-06-26,2124.01,2154.66,2121.34,2129.42,0.55,,5312422087.26,A
2023-06-27,2132.61,2186.36,2132.61,2186.36,2.67,,5476287740.47,A
2023-06-28,2193.51,2204.93,2146.57,2150.99,-1.62,,5972286481.44,A
2023-07-02,2154.80,2158.83,2094.60,2097.29,-2.50,,5081976179.38,A
2023-07-03,2096.72,2113.74,2069.86,2075.97,-1.02,,4051078375.43,A
2023-07-04,2079.42,2103.78,2067.22,2088.70,0.61,,2576140128.50,A
2023-07-05,2090.38,2101.29,2046.70,2049.44,-1.88,,3073992136.77,A
2023-07-06,2050.28,2063.54,2033.59,2049.38,0.00,,3077498315.29,A
2023-07-09,2050.36,2084.30,2050.36,2077.76,1.38,,3042543961.01,A
2023-07-10,2081.75,2101.37,2068.28,2076.96,-0.04,,3797986583.24,A
2023-07-11,2078.25,2084.90,2064.75,2072.24,-0.23,,2859490490.47,A
2023-07-12,2072.24,2099.51,2072.24,2097.55,1.22,,3187695774.33,A
2023-07-13,2095.72,2121.58,2080.91,2084.93,-0.60,,3390660605.31,A
2023-07-16,2085.68,2103.86,2079.36,2097.09,0.58,,2376427573.77,A
2023-07-17,2097.99,2144.17,2089.28,2144.16,2.24,,2560191288.71,A
2023-07-18,2147.69,2170.90,2147.13,2154.07,0.46,,3548829029.13,A
2023-07-19,2154.02,2174.41,2142.14,2165.24,0.52,,3348679900.45,A
2023-07-20,2165.70,2177.76,2153.16,2163.92,-0.06,,3052410659.63,A
2023-07-23,2166.47,2228.18,2166.47,2227.16,2.92,,4375196232.80,A
2023-07-24,2227.21,2243.78,2194.41,2200.50,-1.19,,4737608810.43,A
2023-07-25,2202.99,2205.48,2163.07,2164.31,-1.64,,2910732418.70,A
2023-07-26,2168.46,2186.16,2152.54,2156.20,-0.37,,2432508769.56,A
2023-07-27,2155.48,2165.90,2124.70,2126.48,-1.37,,2425780564.09,A
2023-07-30,2126.85,2138.63,2091.53,2100.34,-1.22,,2502886527.87,A
2023-07-31,2097.84,2126.48,2094.15,2106.18,0.27,,1858002175.73,A
2023-08-01,2106.06,2123.73,2070.68,2077.58,-1.35,,1924434899.89,A
2023-08-02,2078.59,2086.84,2062.02,2086.84,0.44,,1812473856.12,A
2023-08-03,2088.55,2109.29,2084.15,2089.84,0.14,,1781941701.80,A
2023-08-06,2095.42,2101.42,2041.92,2051.47,-1.83,,2687148234.55,A
2023-08-07,2051.56,2069.32,2030.32,2048.26,-0.15,,2333573297.98,A
2023-08-08,2047.71,2054.83,2013.75,2019.85,-1.38,,1737014499.55,A
2023-08-09,2018.72,2060.91,2000.51,2060.91,2.03,,1888326469.62,A
2023-08-10,2058.95,2080.40,2046.07,2066.05,0.24,,2156583945.67,A
2023-08-13,2065.40,2087.31,2057.77,2080.86,0.71,,3018460512.26,A
2023-08-14,2079.24,2093.81,2073.88,2077.24,-0.17,,2091390638.30,A
2023-08-15,2077.03,2078.65,2041.30,2045.44,-1.53,,2157312369.50,A
2023-08-16,2044.04,2044.04,2014.34,2025.12,-0.99,,1679980623.08,A
2023-08-17,2025.98,2042.35,2025.73,2033.13,0.39,,1541367398.79,A
2023-08-20,2033.20,2034.49,2008.13,2011.22,-1.07,,1447408942.66,A
2023-08-21,2012.45,2019.41,1991.94,1998.28,-0.64,,1408981601.68,A
2023-08-22,1998.14,2015.98,1990.34,2015.98,0.88,,1332564769.51,A
2023-08-23,2016.79,2047.87,2016.06,2045.45,1.46,,1510488984.60,A
2023-08-24,2045.85,2052.02,2009.10,2013.93,-1.54,,1550582685.37,A
2023-08-27,2014.20,2015.85,1989.42,1993.38,-1.02,,1262767876.55,A
2023-08-28,1994.03,2009.37,1989.97,1998.48,0.25,,988628562.24,A
2023-08-29,1999.00,2002.70,1988.83,1993.42,-0.25,,865120452.40,A
2023-08-30,1994.63,2001.43,1985.47,1990.59,-0.14,,1130008041.15,A
2023-09-03,1990.81,1991.04,1959.14,1960.78,-1.49,,1186618410.86,A
2023-09-04,1960.78,1977.43,1946.71,1967.83,0.35,,1099139697.15,A
2023-09-05,1966.80,1973.70,1954.37,1961.37,-0.32,,796870408.04,A
2023-09-07,1960.72,1960.72,1930.52,1932.45,-1.47,,1150920607.59,A
2023-09-10,1933.25,1946.60,1933.12,1942.68,0.52,,1072212418.60,A
2023-09-11,1942.98,1986.99,1942.25,1986.99,2.28,,1518343397.24,A
2023-09-12,1987.16,1998.17,1962.97,1967.57,-0.97,,1135057515.51,A
2023-09-13,1967.26,2007.06,1967.26,2007.06,2.00,,1495521905.76,A
2023-09-17,2009.98,2010.02,1961.67,1964.91,-2.09,,2028465610.94,A
2023-09-18,1965.44,1974.60,1953.15,1969.18,0.21,,870444156.81,A
2023-09-19,1970.41,1985.74,1960.94,1985.43,0.82,,1176680757.49,A
2023-09-21,1988.70,2040.03,1988.70,2029.78,2.23,,3293921368.31,A
2023-09-24,2029.42,2036.76,2004.26,2010.35,-0.95,,2326895206.98,A
2023-09-25,2012.21,2015.18,1999.89,2004.45,-0.29,,1565573471.78,A
2023-09-26,2006.63,2030.46,2006.24,2022.91,0.92,,2093809518.53,A
2023-09-27,2023.52,2026.54,1993.54,2004.30,-0.91,,1814359022.20,A
2023-10-01,2004.57,2004.58,1964.61,1971.10,-1.65,,1830486743.11,A
2023-10-02,1970.27,1982.49,1954.53,1976.29,0.26,,1737314092.32,A
2023-10-03,1977.82,1977.82,1954.64,1958.72,-0.88,,1199101324.81,A
2023-10-04,1958.86,1976.05,1957.28,1967.97,0.47,,1189931385.36,A
2023-10-05,1967.57,1969.00,1954.39,1956.92,-0.56,,1106519418.19,A
2023-10-08,1963.80,1963.80,1917.87,1921.24,-1.82,,1801766294.08,A
2023-10-09,1919.96,1926.64,1902.90,1908.66,-0.65,,1170172722.08,A
2023-10-10,1908.28,1912.44,1885.44,1889.59,-0.99,,1283182145.31,A
2023-10-11,1890.04,1904.45,1884.42,1894.76,0.27,,1088547980.13,A
2023-10-12,1895.27,1897.21,1870.26,1874.60,-1.06,,1700129815.00,A
2023-10-16,1874.12,1876.25,1846.82,1851.43,-1.23,,1253291070.96,A
2023-10-17,1851.17,1884.61,1851.17,1864.62,0.71,,1008437860.61,A
2023-10-18,1864.27,1908.38,1864.27,1907.89,2.32,,934894218.15,A
2023-10-19,1908.66,1915.90,1893.98,1903.84,-0.21,,970612892.03,A
2023-10-29,1903.58,1903.71,1867.47,1875.65,-1.48,,742925392.56,A
2023-10-30,1876.47,1878.70,1857.11,1878.70,0.16,,694222217.36,A
2023-10-31,1878.28,1878.60,1860.47,1864.40,-0.76,,571483276.48,A
2023-11-01,1864.18,1872.16,1853.62,1858.56,-0.31,,812089291.30,A
2023-11-02,1858.26,1859.47,1842.85,1847.70,-0.58,,964477711.41,A
2023-11-05,1846.75,1846.75,1817.94,1826.23,-1.16,,972367278.92,A
2023-11-06,1826.67,1850.41,1824.56,1847.54,1.16,,938929040.59,A
2023-11-07,1848.06,1864.83,1847.41,1858.76,0.60,,996586291.90,A
2023-11-08,1858.10,1868.92,1851.21,1863.94,0.27,,782743264.94,A
2023-11-09,1864.40,1866.16,1848.17,1852.08,-0.63,,836005656.08,A
2023-11-20,1852.28,1872.64,1846.53,1853.48,0.07,,1099318029.69,A
2023-11-21,1853.17,1853.40,1821.48,1829.65,-1.28,,950479583.91,A
2023-11-22,1830.11,1850.33,1816.68,1850.33,1.13,,1087098495.58,A
2023-11-23,1847.69,1863.93,1826.68,1860.20,0.53,,1348347430.30,A
2023-11-26,1859.24,1907.95,1852.69,1907.95,2.56,,2011763358.52,A
2023-11-27,1909.97,1926.12,1889.78,1896.67,-0.59,,1754750755.81,A
2023-11-28,1896.40,1902.17,1885.33,1894.53,-0.11,,1280228971.85,A
2023-11-29,1894.53,1906.77,1872.04,1876.60,-0.94,,1236642242.76,A
2023-11-30,1874.24,1876.07,1851.40,1858.53,-0.96,,1323519357.20,A
2023-12-03,1858.47,1861.62,1837.91,1851.23,-0.39,,964010431.27,A
2023-12-04,1848.70,1859.09,1843.39,1847.81,-0.18,,1197257894.69,A
2023-12-05,1849.00,1857.19,1833.08,1837.71,-0.54,,1544935438.34,A
2023-12-06,1837.24,1841.59,1830.63,1841.04,0.18,,1141812382.77,A
2023-12-07,1840.41,1861.19,1834.72,1852.77,0.63,,2799146433.94,A
2023-12-10,1866.06,1959.73,1866.06,1963.98,6.00,,451299087.69,A
2023-12-11,1989.53,1989.53,1928.84,1948.57,-0.78,,4842774386.83,A
2023-12-12,1952.19,1990.15,1940.61,1985.44,1.89,,4309019196.26,A
2023-12-13,1990.36,2016.87,1976.36,1988.04,0.13,,3909198570.27,A
2023-12-14,1989.53,1997.07,1974.02,1994.60,0.32,,3151635750.11,A
2023-12-17,1986.05,2022.35,1951.05,2022.35,1.39,,5157846979.04,A
2023-12-18,2025.73,2070.24,2025.73,2060.49,1.88,,6868177565.82,A
2023-12-19,2065.04,2106.48,2053.49,2106.48,2.23,,5984699175.73,A
2023-12-20,2113.94,2150.17,2111.70,2141.87,1.68,,7009575176.13,A
2023-12-21,2148.16,2154.19,2103.46,2109.10,-1.53,,6274324811.90,A
2023-12-24,2113.68,2131.63,2083.58,2088.07,-0.99,,7111733829.80,A
2023-12-27,2089.88,2107.74,2055.63,2070.84,-0.82,,5248782611.36,A
2023-12-28,2072.08,2084.90,2059.65,2068.90,-0.09,,4290932297.59,A
2024-01-01,2072.45,2095.46,2057.12,2060.15,-0.42,,4483982461.34,A
2024-01-02,2060.46,2061.45,2024.47,2030.10,-1.45,,4044659922.73,A
2024-01-03,2030.94,2058.00,2023.82,2058.00,1.37,,4048857454.59,A
2024-01-04,2058.56,2071.97,2046.19,2049.28,-0.42,,5581107804.69,A
2024-01-07,2049.90,2056.13,2019.98,2022.92,-1.28,,5241408379.84,A
2024-01-08,2025.89,2059.49,2025.89,2059.49,1.80,,4675224906.27,A
2024-01-09,2063.55,2097.93,2063.55,2080.12,1.00,,6118317866.66,A
2024-01-10,2084.59,2116.28,2084.59,2089.62,0.45,,5134848789.38,A
2024-01-11,2091.28,2106.28,2082.62,2088.99,-0.03,,4307763277.26,A
2024-01-14,2093.46,2121.39,2093.46,2120.62,1.51,,5450421806.39,A
2024-01-16,2125.19,2178.10,2125.19,2175.17,2.57,,8023862406.68,A
2024-01-17,2181.80,2215.29,2154.20,2163.06,-0.55,,9768969868.61,A
2024-01-18,2163.38,2167.15,2133.22,2155.82,-0.33,,8174986282.97,A
2024-01-21,2156.51,2165.24,2124.18,2130.18,-1.18,,7677740058.03,A
2024-01-22,2128.56,2134.24,2090.90,2098.69,-1.47,,6366070003.35,A
2024-01-23,2096.99,2111.95,2087.51,2098.29,-0.01,,4294566751.66,A
2024-01-24,2098.97,2119.55,2083.68,2088.04,-0.48,,3897022598.98,A
2024-01-25,2088.49,2096.70,2073.09,2084.09,-0.18,,3764505450.97,A
2024-01-28,2084.63,2097.47,2075.45,2094.46,0.49,,3833776580.75,A
2024-01-29,2097.48,2114.31,2097.48,2104.72,0.48,,4566522230.81,A
2024-01-30,2105.87,2127.94,2105.87,2119.61,0.70,,5544217593.12,A
2024-01-31,2119.17,2131.27,2088.70,2097.93,-1.02,,5295605057.47,A
2024-02-01,2103.20,2103.20,2063.78,2067.01,-1.47,,4180632139.37,A
2024-02-04,2067.47,2072.79,2053.90,2061.70,-0.25,,3216727221.79,A
2024-02-05,2063.92,2082.60,2060.77,2076.27,0.70,,2438058254.56,A
2024-02-06,2073.83,2086.98,2068.18,2085.71,0.45,,2591534907.76,A
2024-02-07,2095.10,2107.51,2086.97,2090.64,0.23,,2842550237.46,A
2024-02-08,2092.41,2097.89,2082.96,2096.32,0.27,,3212283453.62,A
2024-02-11,2101.27,2108.73,2083.76,2085.82,-0.50,,4085678472.16,A
2024-02-12,2085.81,2103.56,2081.99,2101.16,0.73,,3586984128.47,A
2024-02-13,2101.54,2101.54,2065.14,2070.59,-1.45,,4667179304.13,A
2024-02-14,2071.71,2081.56,2064.85,2076.50,0.28,,4252722895.25,A
2024-02-15,2075.62,2076.84,2055.82,2062.03,-0.69,,3869118741.97,A
2024-02-18,2060.67,2061.08,2030.87,2034.82,-1.31,,3775422196.16,A
2024-02-20,2034.78,2043.31,2026.24,2033.06,-0.08,,3113556978.43,A
2024-02-21,2034.38,2044.15,2021.05,2026.59,-0.31,,2241961799.36,A
2024-02-22,2027.57,2030.14,2000.63,2005.83,-1.02,,3206167025.36,A
2024-02-25,2007.41,2011.64,1977.39,1979.02,-1.33,,3086951070.50,A
2024-02-26,1980.89,1996.83,1973.35,1992.30,0.67,,2017739060.68,A
2024-02-27,1992.69,2007.66,1981.27,2001.64,0.46,,1869813526.20,A
2024-02-28,2002.50,2009.40,1992.63,2000.77,-0.04,,2038100977.41,A
2024-02-29,2001.02,2007.14,1970.42,1972.09,-1.43,,2598733478.85,A
2024-03-03,1972.62,1975.39,1946.47,1960.30,-0.59,,2082786089.07,A
2024-03-04,1977.12,2078.00,1977.12,2078.00,6.00,,375209978.32,A
2024-03-05,2094.71,2094.71,2003.98,2007.69,-3.38,,4113676958.02,A
2024-03-06,2008.92,2036.26,1992.79,2017.03,0.46,,3450838357.20,A
2024-03-07,2020.94,2040.67,2017.28,2030.55,0.67,,3199205820.34,A
2024-03-10,2032.58,2061.14,2032.58,2052.65,1.08,,2922771558.90,A
2024-03-12,2065.62,2111.21,2064.17,2111.21,2.85,,4551632347.81,A
2024-03-13,2123.91,2123.91,2094.32,2108.72,-0.11,,4248523332.22,A
2024-03-14,2110.55,2110.55,2074.18,2080.87,-1.32,,3943592302.13,A
2024-03-17,2082.41,2085.31,2064.49,2070.25,-0.51,,3387980384.32,A
2024-03-18,2073.59,2075.62,2060.48,2073.53,0.15,,2885637818.91,A
2024-03-19,2074.53,2091.19,2064.50,2067.29,-0.30,,3633936554.86,A
2024-03-20,2072.47,2084.46,2058.94,2063.95,-0.16,,3496284036.15,A
2024-03-21,2065.48,2074.86,2045.33,2048.57,-0.74,,4313017713.50,A
2024-03-25,2050.68,2037.60,2027.89,2031.55,-0.83,,2489118485.07,A
2024-03-26,2033.00,2048.63,2032.16,2041.70,0.49,,2354348503.00,A
2024-03-27,2042.09,2053.47,2025.19,2030.86,-0.53,,2235485534.30,A
2024-03-28,2033.42,2039.13,2023.21,2035.64,0.23,,2653349468.50,A
2024-03-31,2034.70,2040.27,2014.51,2018.33,-0.85,,3205313024.75,A
2024-04-01,2017.17,2019.50,2007.03,2012.07,-0.31,,2874754305.75,A
2024-04-02,2014.54,2017.82,2004.42,2010.21,-0.09,,2291645585.48,A
2024-04-03,2011.65,2017.09,2000.00,2006.78,-0.17,,2536233986.66,A
2024-04-04,2007.13,2011.24,2000.54,2004.05,-0.13,,3037267307.84,A
2024-04-07,2009.05,2026.81,2000.37,2026.81,1.13,,4256676333.55,A
2024-04-09,2035.16,2045.77,2030.66,2036.01,0.45,,4143783989.11,A
2024-04-10,2038.10,2045.20,2016.75,2025.30,-0.52,,3485660640.32,A
2024-04-14,2025.70,2031.86,2018.21,2023.35,-0.11,,3063771798.12,A
2024-04-15,2022.31,2026.83,2002.51,2006.52,-0.83,,2797577432.68,A
2024-04-16,2004.96,2004.96,1988.46,1991.71,-0.73,,2103019218.57,A
2024-04-18,1992.37,1992.37,1967.45,1972.14,-0.98,,2093612792.77,A
2024-04-21,1972.92,1984.43,1953.37,1984.43,0.62,,2259959456.88,A
2024-04-22,1984.08,1992.55,1964.60,1969.02,-0.77,,2058305185.18,A
2024-04-24,1969.41,1979.40,1963.36,1969.17,0.00,,2536431998.49,A
2024-04-25,1971.36,1974.58,1960.92,1965.93,-0.16,,2366975594.11,A
2024-04-28,1973.53,1981.31,1965.18,1980.27,0.72,,2682586955.82,A
2024-04-29,1990.31,1990.31,1974.93,1980.34,0.00,,2959458501.43,A
2024-04-30,1991.10,2016.57,1979.36,2006.28,1.30,,4800044601.66,A
2024-05-02,2025.78,2025.78,1995.84,1998.96,-0.36,,4133362726.23,A
2024-05-05,1998.44,1998.52,1970.23,1974.37,-1.23,,3795748296.38,A
2024-05-06,1980.22,1980.22,1952.96,1958.75,-0.79,,2891319979.87,A
2024-05-07,1959.91,1970.44,1955.22,1960.81,0.10,,2140502621.77,A
2024-05-08,1961.27,1967.92,1954.39,1960.60,-0.01,,2547030825.49,A
2024-05-09,1963.45,1970.35,1955.27,1966.23,0.28,,3121286362.59,A
2024-05-12,1973.78,1981.57,1962.21,1974.50,0.42,,3155142168.43,A
2024-05-13,1979.68,2000.14,1970.64,1998.89,1.23,,3408608157.91,A
2024-05-14,2000.66,2027.51,1999.56,2027.51,1.43,,4088853664.80,A
2024-05-15,2030.87,2048.23,2013.53,2017.97,-0.47,,3708430055.16,A
2024-05-16,2029.10,2029.10,2009.56,2018.76,0.03,,4233816403.70,A
2024-05-19,2044.81,2068.91,2028.15,2064.45,2.26,,5251024786.63,A
2024-05-20,2069.88,2119.89,2069.88,2092.00,1.33,,5854354212.19,A
2024-05-21,2095.56,2118.26,2081.11,2115.94,1.14,,5206208111.56,A
2024-05-22,2116.71,2140.02,2109.24,2131.49,0.73,,5687680912.80,A
2024-05-26,2135.22,2141.25,2106.44,2109.34,-1.03,,4441538471.69,A
2024-05-27,2111.67,2124.31,2097.07,2113.27,0.18,,3893764143.93,A
2024-05-29,2133.72,2152.85,2086.73,2089.42,-1.12,,4575063274.38,A
2024-05-30,2091.02,2099.87,2065.68,2069.53,-0.95,,4217494195.64,A
2024-06-02,2072.97,2085.87,2068.19,2083.04,0.65,,4311015629.95,A
2024-06-03,2087.80,2095.67,2073.29,2079.07,-0.19,,4004070243.60,A
2024-06-04,2086.91,2092.28,2078.19,2085.30,0.29,,4084715877.40,A
2024-06-05,2087.73,2091.47,2072.47,2079.71,-0.26,,3992976492.79,A
2024-06-06,2080.55,2088.61,2073.58,2077.78,-0.09,,4388278720.37,A
2024-06-09,2093.71,2093.71,2069.01,2073.19,-0.22,,5189079522.43,A
2024-06-10,2088.14,2088.77,2072.33,2082.09,0.42,,5490609782.28,A
2024-06-11,2099.77,2115.24,2087.16,2115.24,1.59,,5555361739.06,A
2024-06-12,2117.06,2133.73,2116.40,2121.62,0.30,,5894089245.13,A
2024-06-13,2125.31,2126.61,2106.65,2112.29,-0.43,,6443029208.11,A
2024-06-16,2116.03,2116.03,2090.32,2095.25,-0.80,,5472253551.85,A
2024-06-18,2098.59,2098.59,2073.98,2076.49,-0.89,,4055737884.32,A
2024-06-19,2077.74,2086.65,2073.43,2078.76,0.10,,3404372632.64,A
2024-06-20,2095.13,2095.13,2063.99,2068.31,-0.50,,3870744903.34,A
2024-06-23,2068.71,2079.15,2057.43,2062.94,-0.25,,4374597458.64,A
2024-06-24,2063.10,2079.19,2059.15,2066.16,0.15,,5077255116.14,A
2024-06-25,2067.31,2077.22,2067.31,2071.77,0.27,,4187796833.89,A
2024-06-26,2075.77,2077.11,2055.62,2060.16,-0.56,,4058047734.22,A
2024-06-27,2059.60,2059.74,2047.02,2051.92,-0.40,,3715903824.53,A
2024-06-30,2051.77,2059.28,2034.81,2037.09,-0.72,,3607198407.65,A
2024-07-01,2038.70,2053.38,2030.50,2053.38,0.80,,2999964256.53,A
2024-07-02,2085.82,2162.49,2085.82,2100.43,2.29,,4576831720.09,A
2024-07-03,2101.83,2104.22,2077.45,2104.22,0.18,,5083528935.17,A
2024-07-04,2107.77,2129.08,2106.04,2119.70,0.73,,6482546980.63,A
2024-07-07,2121.99,2146.81,2121.99,2140.97,1.00,,6002931854.70,A
2024-07-08,2143.95,2149.17,2128.79,2136.35,-0.21,,4569836106.00,A
2024-07-09,2138.61,2152.14,2130.07,2152.14,0.73,,5535958885.30,A
2024-07-10,2162.82,2176.48,2162.13,2175.40,1.08,,5744083391.51,A
2024-07-11,2188.63,2205.15,2185.02,2204.61,1.34,,7080698146.05,A
2024-07-14,2239.41,2290.95,2230.50,2257.59,2.40,,7620498520.87,A
2024-07-15,2277.85,2287.15,2231.69,2240.41,-0.76,,8731436037.14,A
2024-07-16,2243.11,2310.84,2231.83,2310.59,3.13,,9138629642.41,A
2024-07-17,2323.71,2364.76,2311.93,2364.63,2.33,,12059266113.47,A
2024-07-18,2373.57,2459.94,2355.59,2424.32,2.52,,15548684746.66,A
2024-07-21,2431.55,2494.71,2408.25,2485.94,2.54,,15238271290.97,A
2024-07-22,2491.17,2504.53,2441.56,2488.09,0.08,,13915535440.97,A
2024-07-23,2493.92,2563.45,2469.56,2563.43,3.02,,14116330995.75,A
2024-07-24,2573.28,2600.41,2513.43,2536.11,-1.06,,16208577314.52,A
2024-07-25,2540.14,2572.88,2518.47,2568.11,1.26,,14137899049.28,A
2024-07-28,2606.42,2708.58,2606.40,2681.56,4.41,,15810596235.45,A
2024-07-29,2706.73,2737.68,2655.15,2661.09,-0.76,,19609177106.29,A
2024-07-30,2669.41,2709.89,2609.02,2696.65,1.33,,17266391542.96,A
2024-07-31,2708.24,2791.02,2707.57,2760.90,2.38,,21911503161.05,A
2024-08-01,2772.23,2805.57,2742.53,2755.62,-0.19,,21713431007.73,A
2024-08-05,2770.38,2806.69,2744.10,2796.38,1.47,,21864992277.64,A
2024-08-06,2802.04,2815.94,2644.85,2651.32,-5.18,,23716716874.10,A
2024-08-07,2644.73,2759.67,2630.86,2759.67,4.08,,17950918627.83,A
2024-08-08,2772.84,2811.15,2744.86,2766.38,0.24,,20070434103.38,A
2024-08-11,2780.08,2860.96,2779.24,2860.91,3.41,,25779453509.90,A
2024-08-12,2876.48,2937.40,2876.46,2931.65,2.47,,27242034765.88,A
2024-08-13,2947.70,2971.69,2891.43,2923.46,-0.27,,21515010633.31,A
2024-08-14,2936.62,2959.19,2883.81,2957.75,1.17,,23430581150.48,A
2024-08-15,2979.89,3036.64,2975.11,3000.81,1.45,,29958519216.94,A
2024-08-18,3017.20,3048.15,2945.49,2966.33,-1.15,,28836997376.12,A
2024-08-21,2981.03,3002.74,2943.61,2968.44,0.07,,18906373792.00,A
2024-08-22,2974.78,3018.93,2967.47,2974.46,0.20,,19160652085.56,A
2024-08-25,2987.06,2990.04,2885.39,2894.57,-2.68,,19740593800.64,A
2024-08-27,2899.79,2902.75,2770.39,2782.60,-3.86,,18649533170.34,A
2024-08-28,2791.09,2860.89,2761.02,2786.40,0.13,,13727368393.64,A
2024-08-29,2791.29,2800.28,2727.57,2749.57,-1.32,,12243601365.90,A
2024-09-01,2749.68,2781.75,2686.61,2695.93,-1.95,,10517682349.32,A
2024-09-02,2698.00,2823.70,2678.91,2823.25,4.72,,13104631802.67,A
2024-09-03,2834.42,2860.43,2802.92,2830.16,0.24,,13577105289.17,A
2024-09-04,2860.07,2860.39,2732.40,2739.46,-3.20,,12925688215.22,A
2024-09-05,2740.21,2758.92,2686.62,2727.36,-0.44,,9651513246.31,A
2024-09-08,2732.82,2760.45,2697.84,2701.90,-0.93,,10122408249.12,A
2024-09-09,2702.56,2706.54,2637.71,2646.03,-2.06,,9439106425.54,A
2024-09-10,2648.57,2688.26,2616.98,2632.94,-0.49,,7245568421.39,A
2024-09-11,2636.29,2651.19,2601.91,2610.21,-0.86,,6851179051.18,A
2024-09-12,2625.46,2688.52,2604.83,2688.53,3.00,,8169274612.81,A
2024-09-15,2698.51,2734.58,2630.11,2637.79,-1.88,,10339235957.44,A
2024-09-16,2635.96,2637.53,2570.62,2580.76,-2.16,,7361988383.74,A
2024-09-18,2584.34,2606.04,2551.40,2576.76,-0.15,,5669194961.88,A
2024-09-22,2601.29,2643.51,2570.27,2588.35,0.44,,5092948690.68,A
2024-09-23,2607.85,2608.43,2517.79,2529.33,-2.28,,5660302683.50,A
2024-09-24,2529.14,2547.47,2462.61,2470.39,-2.33,,5689561356.68,A
2024-09-25,2473.06,2519.97,2443.28,2519.57,1.99,,4813223004.48,A
2024-09-26,2519.03,2541.69,2479.65,2486.76,-1.30,,4841407720.13,A
2024-09-29,2483.91,2494.57,2442.61,2464.40,-0.89,,4050658036.93,A
2024-09-30,2466.60,2508.86,2462.79,2508.86,1.80,,3715359935.11,A
2024-10-01,2510.34,2623.56,2510.11,2623.56,4.57,,7616522258.00,A
2024-10-02,2629.76,2643.76,2582.72,2597.49,-0.99,,6778195881.11,A
2024-10-06,2597.51,2653.63,2583.25,2653.58,2.15,,6138206705.70,A
2024-10-07,2656.86,2707.16,2656.35,2690.72,1.39,,7095953027.17,A
2024-10-08,2692.49,2699.55,2652.66,2663.32,-1.01,,4593727244.34,A
2024-10-09,2661.79,2672.65,2643.12,2668.17,0.18,,3761512706.84,A
2024-10-15,2668.08,2700.23,2667.82,2699.66,1.17,,3062337799.23,A
2024-10-16,2704.69,2748.80,2704.04,2742.88,1.60,,5660237737.60,A
2024-10-17,2747.69,2780.97,2734.19,2745.36,0.09,,7192792166.86,A
2024-10-20,2733.37,2748.78,2689.46,2697.91,-1.72,,8180262572.11,A
2024-10-21,2698.72,2700.82,2635.43,2639.92,-2.14,,5900791044.48,A
2024-10-22,2640.18,2669.38,2632.62,2665.81,0.98,,4171665619.69,A
2024-10-23,2675.20,2684.66,2637.54,2645.39,-0.76,,6278951853.73,A
2024-10-24,2646.49,2650.18,2614.65,2627.14,-0.68,,5419104157.29,A
2024-10-27,2629.83,2632.94,2610.14,2617.95,-0.34,,4732487864.93,A
2024-10-28,2620.93,2647.23,2620.66,2645.36,1.04,,5344800912.47,A
2024-10-29,2648.36,2692.11,2647.99,2692.05,1.76,,6128264580.33,A
2024-10-30,2693.87,2705.24,2671.30,2677.62,-0.53,,5953950787.59,A
2024-11-05,2678.97,2696.85,2670.12,2677.40,0.00,,4205505237.61,A
2024-11-06,2679.47,2684.81,2669.19,2675.51,-0.07,,5222486851.23,A
2024-11-10,2681.58,2738.12,2680.70,2738.06,2.33,,9771124073.54,A
2024-11-11,2740.12,2782.43,2734.41,2760.21,0.80,,11315207127.09,A
2024-11-12,2765.69,2788.35,2741.63,2748.96,-0.40,,7859740798.91,A
2024-11-13,2754.62,2757.38,2728.11,2734.83,-0.51,,7911976449.08,A
2024-11-14,2739.00,2762.51,2729.67,2748.78,0.51,,10320331436.20,A
2024-11-17,2753.45,2788.12,2748.29,2753.76,0.18,,11726756904.61,A
2024-11-19,2758.41,2759.54,2696.42,2702.65,-1.85,,10468320521.90,A
2024-11-20,2705.16,2713.93,2683.79,2711.75,0.33,,7092879946.39,A
2024-11-21,2711.55,2722.59,2676.25,2680.44,-1.15,,8257643886.83,A
2024-11-24,2690.52,2698.76,2661.22,2667.40,-0.48,,7728861250.73,A
2024-11-25,2682.28,2694.67,2661.21,2683.24,0.59,,6345809597.83,A
2024-11-26,2704.57,2719.84,2685.64,2716.66,1.24,,7449898987.89,A
2024-11-27,2721.76,2755.98,2721.35,2756.36,1.46,,9312754840.36,A
2024-11-28,2757.13,2774.14,2738.80,2748.05,-0.30,,8545501623.12,A
2024-12-01,2762.46,2764.85,2707.94,2738.06,-0.36,,8832306919.82,A
2024-12-02,2749.26,2773.47,2746.47,2758.04,0.72,,10541746564.07,A
2024-12-03,2772.74,2793.03,2751.31,2775.85,0.64,,8521219299.67,A
2024-12-04,2795.71,2795.78,2747.65,2750.87,-0.89,,9132468906.77,A
2024-12-05,2752.39,2764.29,2717.34,2734.93,-0.57,,8369687402.72,A
2024-12-08,2735.65,2735.67,2675.92,2689.00,-1.67,,7460304999.55,A
2024-12-09,2687.74,2709.58,2662.36,2676.15,-0.47,,5629945822.09,A
2024-12-10,2676.14,2694.85,2660.36,2669.82,-0.23,,4413320290.80,A
2024-12-11,2671.32,2715.71,2662.72,2715.71,1.71,,5050654450.09,A
2024-12-12,2715.71,2730.31,2678.09,2682.29,-1.23,,6144065744.00,A
2024-12-16,2683.99,2684.32,2622.76,2630.91,-1.91,,5935604847.03,A
2024-12-17,2633.28,2648.55,2611.89,2633.87,0.11,,4343234740.51,A
2024-12-18,2634.67,2656.08,2621.00,2628.26,-0.21,,4270082575.91,A
2024-12-19,2626.79,2634.57,2593.18,2596.82,-1.19,,4760267483.47,A
2024-12-22,2587.30,2614.28,2569.00,2583.29,-0.52,,4518385107.16,A
2024-12-23,2582.35,2612.20,2580.49,2612.20,1.11,,4430024603.33,A
2024-12-24,2615.70,2645.20,2612.94,2626.31,0.54,,5202263038.57,A
2024-12-26,2625.39,2639.08,2607.75,2630.71,0.15,,5329274454.77,A
2024-12-29,2631.98,2641.17,2601.84,2609.58,-0.80,,5474868764.77,A
2024-12-31,2613.66,2613.66,2545.51,2576.50,-1.26,,5674686091.49,A
2025-01-01,2577.43,2589.42,2567.97,2581.60,0.19,,3597445334.37,A
2025-01-02,2583.94,2586.23,2566.27,2586.23,0.17,,4603282379.17,A
2025-01-05,2586.03,2592.91,2574.43,2591.56,0.20,,4860201974.97,A
2025-01-06,2601.09,2640.73,2594.34,2640.68,1.89,,6305431854.50,A
2025-01-07,2654.34,2656.52,2625.24,2646.84,0.23,,5384672295.66,A
2025-01-08,2670.30,2672.14,2642.59,2653.23,0.24,,6407992784.10,A
2025-01-09,2656.49,2656.61,2629.06,2635.09,-0.68,,7305342581.67,A
2025-01-12,2651.67,2654.82,2602.46,2609.67,-0.96,,3997909323.86,A
2025-01-13,2610.05,2615.55,2580.74,2594.13,-0.59,,6650883103.54,A
2025-01-15,2596.82,2611.38,2589.99,2595.96,0.07,,5824904134.69,A
2025-01-16,2598.66,2616.97,2580.40,2588.62,-0.28,,5933711674.73,A
2025-01-19,2590.14,2604.01,2580.01,2601.21,0.48,,6257235624.30,A
2025-01-20,2602.88,2623.61,2600.77,2607.99,0.26,,6570477886.37,A
2025-01-21,2608.40,2618.99,2597.61,2613.08,0.19,,6190141891.18,A
2025-01-22,2616.66,2667.23,2614.37,2665.45,2.00,,9203088349.68,A
2025-01-23,2670.23,2681.49,2644.79,2654.35,-0.41,,7857792326.04,A
2025-01-26,2656.75,2662.36,2638.65,2643.93,-0.39,,9128673514.79,A
2025-01-27,2642.30,2650.71,2625.58,2633.27,-0.40,,8924065888.66,A
2025-01-28,2634.86,2657.96,2634.69,2657.77,0.93,,9402678033.93,A
2025-02-02,2662.24,2727.58,2662.01,2727.58,2.62,,12955764136.98,A
2025-02-03,2728.64,2764.17,2720.42,2730.00,0.08,,11875967538.34,A
2025-02-04,2733.41,2745.15,2707.37,2715.91,-0.51,,8919697775.36,A
2025-02-05,2719.41,2726.07,2704.24,2711.45,-0.16,,8958007305.37,A
2025-02-06,2713.66,2720.48,2691.56,2699.81,-0.42,,9247375287.26,A
2025-02-09,2697.31,2725.95,2683.28,2688.31,-0.42,,8398660628.97,A
2025-02-10,2684.80,2699.79,2666.72,2677.32,-0.40,,6960292235.03,A
2025-02-11,2678.08,2691.91,2673.03,2683.86,0.24,,7246221260.29,A
2025-02-12,2686.80,2697.41,2679.78,2685.73,0.06,,8717847062.68,A
2025-02-13,2686.77,2697.34,2673.88,2678.47,-0.27,,7921300982.67,A
2025-02-16,2676.91,2698.31,2675.90,2698.03,0.73,,9470308266.49,A
2025-02-17,2701.26,2738.00,2700.53,2727.91,1.10,,10049654832.64,A
2025-02-18,2735.97,2757.30,2726.43,2740.59,0.46,,10437006214.82,A
2025-02-20,2738.93,2752.35,2720.69,2743.74,0.11,,8627687599.85,A
2025-02-23,2724.09,2768.90,2690.42,2755.40,0.42,,11548337612.87,A
2025-02-24,2754.54,2785.10,2746.00,2758.75,0.12,,11085464758.61,A
2025-02-25,2759.07,2781.95,2758.84,2765.88,0.25,,9909386227.96,A
2025-02-27,2786.65,2827.15,2785.98,2815.04,1.77,,11392401815.90,A
2025-03-02,2829.12,2890.28,2826.86,2890.28,2.67,,14250475736.94,A
2025-03-03,2900.16,2929.21,2867.46,2876.66,-0.47,,14284510595.52,A
2025-03-04,2877.22,2894.62,2842.78,2846.30,-1.05,,12946493939.18,A
2025-03-05,2846.91,2850.16,2808.75,2821.13,-0.88,,10972654473.07,A
2025-03-06,2822.74,2834.07,2811.37,2818.43,-0.09,,10101817681.94,A
2025-03-09,2819.92,2819.92,2766.08,2772.10,-1.64,,10093624481.61,A
2025-03-10,2770.17,2791.03,2743.65,2751.42,-0.74,,8378055057.57,A
2025-03-11,2752.31,2762.25,2712.74,2719.20,-1.17,,8391149050.00,A
2025-03-12,2718.35,2745.58,2717.29,2736.48,0.63,,8235268755.31,A
2025-03-16,2735.97,2739.55,2693.55,2714.85,-0.79,,6836640407.59,A
2025-03-17,2715.75,2732.51,2699.20,2704.70,-0.37,,5408314075.31,A
2025-03-18,2721.81,2723.89,2690.58,2697.04,-0.28,,4346632263.56,A
2025-03-19,2699.18,2706.16,2676.69,2682.15,-0.55,,5143997643.35,A
2025-03-20,2679.91,2685.87,2666.69,2669.31,-0.47,,4561311282.76,A
2025-03-23,2667.61,2669.00,2614.09,2614.68,-2.04,,6320141365.59,A
2025-03-24,2610.45,2645.99,2592.32,2640.78,0.99,,4483599004.48,A
2025-03-25,2652.87,2652.87,2581.32,2582.73,-2.19,,5180718708.09,A
2025-03-26,2580.18,2625.60,2579.45,2621.86,1.51,,4204408894.89,A
2025-03-27,2632.12,2665.17,2621.46,2663.30,1.58,,5223083340.93,A
2025-03-30,2661.40,2718.95,2657.88,2693.12,1.11,,7568226197.37,A
2025-04-01,2691.59,2696.50,2654.57,2676.17,-0.62,,5797791700.14,A
2025-04-02,2693.11,2712.25,2669.06,2700.04,0.89,,5444435901.35,A
2025-04-03,2700.40,2732.85,2700.23,2703.39,0.12,,7844642487.27,A
2025-04-07,2702.09,2710.13,2667.56,2670.06,-1.23,,5658973766.40,A
2025-04-08,2671.62,2674.88,2631.68,2666.61,-0.12,,5309562287.49,A
2025-04-09,2681.86,2701.12,2671.65,2676.28,0.36,,4484619740.83,A
2025-04-10,2677.57,2687.92,2667.00,2670.70,-0.20,,5637981250.22,A
2025-04-13,2673.01,2676.70,2657.32,2662.08,-0.32,,6280296245.03,A
2025-04-15,2678.51,2704.58,2669.22,2689.22,1.01,,8544357887.81,A
2025-04-16,2702.46,2704.97,2685.36,2696.23,0.26,,7265122241.80,A
2025-04-17,2701.22,2740.13,2697.63,2722.73,0.98,,10797363282.32,A
2025-04-20,2724.51,2731.81,2700.85,2706.04,-0.61,,8433589785.29,A
2025-04-21,2704.18,2716.70,2691.07,2698.28,-0.28,,8775720293.64,A
2025-04-22,2695.14,2707.86,2682.80,2688.32,-0.36,,8321226373.33,A
2025-04-23,2687.68,2687.68,2653.74,2655.94,-1.20,,7575517246.76,A
2025-04-24,2656.49,2668.06,2641.88,2658.02,0.07,,7879381268.28,A
2025-04-27,2657.66,2684.51,2657.37,2661.60,0.13,,10875991144.35,A
2025-04-28,2661.01,2676.05,2645.24,2647.07,-0.54,,8912843919.69,A
2025-04-29,2648.98,2666.54,2630.30,2631.98,-0.57,,7575206278.35,A
2025-04-30,2631.90,2642.07,2622.72,2623.83,-0.30,,9374122655.90,A
2025-05-04,2628.03,2645.67,2619.26,2620.39,-0.13,,9245583315.99,A
2025-05-05,2618.33,2630.36,2604.79,2610.40,-0.38,,7634193693.73,A
2025-05-06,2608.59,2625.70,2608.57,2611.43,0.03,,8747668846.35,A
2025-05-07,2613.78,2676.25,2611.71,2673.69,2.38,,10518406352.63,A
2025-05-08,2674.70,2687.38,2655.79,2661.64,-0.45,,11650017851.57,A
2025-05-11,2661.55,2692.50,2648.48,2649.11,-0.47,,10202701343.99,A
2025-05-13,2650.54,2669.28,2632.29,2634.23,-0.56,,9629346053.77,A
2025-05-14,2635.21,2642.96,2619.64,2620.27,-0.53,,8736570105.44,A
2025-05-15,2623.24,2628.67,2605.89,2611.85,-0.32,,7083348240.63,A
2025-05-18,2608.25,2625.26,2606.09,2609.05,-0.10,,8509221312.61,A
2025-05-19,2606.73,2639.69,2605.03,2628.36,0.74,,7358855085.18,A
2025-05-20,2627.68,2681.58,2617.46,2677.45,1.86,,7312790196.17,A
2025-05-21,2712.35,2771.47,2667.85,2669.51,-0.29,,10698651680.69,A
2025-05-22,2674.10,2705.56,2669.58,2688.55,0.71,,9822070682.42,A
2025-05-25,2693.04,2703.78,2665.48,2679.98,-0.31,,7609514022.00,A
2025-05-26,2712.89,2745.89,2670.35,2674.76,-0.19,,7585022590.91,A
2025-05-27,2674.15,2684.77,2655.29,2675.62,0.03,,6527839581.54,A
2025-05-28,2675.60,2696.78,2666.50,2693.06,0.65,,8586004334.25,A
2025-06-02,2715.99,2726.60,2686.93,2694.66,0.05,,9226322933.09,A
2025-06-03,2694.04,2699.28,2656.34,2658.93,-1.32,,6679561324.54,A
2025-06-04,2660.21,2664.59,2641.07,2646.95,-0.45,,5163334522.53,A
2025-06-05,2643.84,2661.77,2635.30,2640.96,-0.22,,7970886663.46,A
2025-06-08,2639.24,2645.22,2626.39,2629.89,-0.41,,9137414918.93,A
2025-06-09,2629.22,2657.34,2627.76,2653.09,0.88,,8689350319.62,A
2025-06-10,2654.08,2683.25,2653.57,2678.17,0.94,,10160981076.17,A
2025-06-11,2677.52,2686.45,2660.86,2664.47,-0.51,,9907005575.07,A
2025-06-12,2665.23,2672.42,2654.69,2655.38,-0.34,,12515308961.61,A
2025-06-15,2654.61,2667.68,2653.43,2655.85,0.01,,11443272636.94,A
2025-06-16,2652.13,2679.74,2652.13,2658.66,0.10,,13186945742.15,A
2025-06-17,2659.27,2670.25,2649.60,2654.75,-0.14,,7653249312.88,A
2025-06-18,2654.50,2662.69,2649.78,2653.68,-0.04,,9085886877.10,A
2025-06-19,2650.96,2661.33,2628.27,2628.91,-0.93,,11231489964.79,A
2025-06-22,2628.83,2631.82,2594.01,2595.97,-1.25,,9145858510.43,A
2025-06-23,2598.83,2608.56,2584.47,2600.76,0.18,,6471952677.99,A
2025-06-24,2603.46,2629.26,2599.72,2600.53,0.00,,5767895001.14,A
2025-06-25,2601.03,2607.71,2594.34,2600.20,-0.01,,5942852256.20,A
2025-06-26,2599.84,2617.65,2594.71,2595.74,-0.17,,7780159283.42,A
2025-06-29,2594.97,2626.21,2594.23,2622.28,1.02,,7121736114.17,A
2025-06-30,2627.51,2638.72,2622.50,2631.48,0.35,,6387207015.18,A
2025-07-01,2633.05,2663.24,2632.19,2660.39,1.09,,7033050286.60,A
2025-07-02,2667.58,2696.13,2661.37,2694.82,1.29,,9744843375.86,A
2025-07-03,2700.13,2716.93,2685.77,2703.96,0.33,,9645550680.17,A
2025-07-06,2708.23,2721.58,2697.64,2706.36,0.08,,9500003268.95,A
2025-07-07,2715.59,2718.10,2680.45,2684.01,-0.82,,8377327147.77,A
2025-07-08,2683.77,2690.13,2662.59,2683.86,0.00,,6574166814.73,A
2025-07-09,2679.37,2707.91,2679.16,2705.90,0.82,,7451877102.10,A
2025-07-10,2708.43,2743.09,2706.89,2731.80,0.95,,9682488739.83,A
2025-07-13,2767.57,2798.75,2757.89,2760.80,1.06,,11416428466.99,A
2025-07-14,2761.96,2765.91,2723.82,2725.71,-1.27,,8172143326.07,A
2025-07-15,2725.63,2763.27,2724.90,2760.17,1.26,,9419165807.84,A
2025-07-16,2759.58,2803.78,2759.11,2794.78,1.25,,14034839880.49,A
2025-07-17,2797.41,2878.77,2796.58,2870.63,2.71,,16592105455.16,A
2025-07-20,2878.41,2922.84,2861.06,2870.95,0.01,,21464994133.01,A
2025-07-21,2874.18,2902.94,2856.88,2892.72,0.75,,16327115238.99,A
2025-07-22,2895.07,2975.77,2894.48,2973.70,2.79,,20085367293.75,A
2025-07-23,2976.19,2992.26,2947.86,2978.88,0.17,,19575270557.66,A
2025-07-24,2982.97,2990.45,2963.79,2982.64,0.12,,18490428794.07,A
2025-07-27,2984.91,3013.17,2958.34,2964.20,-0.61,,26577438237.50,A
2025-07-28,2967.51,2976.92,2917.51,2971.31,0.23,,19360873034.29,A
2025-07-29,2976.00,3028.79,2976.00,3002.07,1.03,,18529322885.92,A
2025-07-30,3008.33,3020.17,2947.71,2954.14,-1.59,,16441354408.52,A
2025-07-31,2961.99,2967.03,2915.47,2922.63,-1.06,,15988911994.36,A
2025-08-03,2923.87,2923.88,2856.95,2858.90,-2.18,,13075004920.33,A
2025-08-04,2857.27,2890.05,2832.60,2875.36,0.57,,10822449402.92,A
2025-08-05,2875.60,2906.24,2831.63,2834.00,-1.43,,9333976881.84,A
2025-08-06,2840.03,2856.63,2826.86,2832.06,-0.06,,7631375952.79,A
2025-08-07,2831.29,2861.34,2831.27,2850.37,0.64,,8537581254.95,A
2025-08-11,2852.72,2875.45,2820.05,2822.46,-0.97,,10210142308.44,A
2025-08-12,2824.00,2828.57,2796.56,2796.24,-0.92,,6918983507.82,A
2025-08-13,2799.13,2813.59,2784.49,2785.74,-0.37,,6161894734.55,A
2025-08-14,2789.54,2802.14,2784.15,2788.36,0.09,,7464177704.29,A
2025-08-17,2789.85,2803.25,2761.37,2761.22,-0.97,,7735195094.63,A
2025-08-18,2760.55,2779.68,2755.88,2770.39,0.33,,6179855209.52,A
2025-08-19,2769.39,2796.88,2769.23,2776.90,0.23,,5636548038.26,A
2025-08-20,2773.36,2783.02,2766.64,2767.20,-0.34,,5200753868.01,A
2025-08-21,2767.51,2775.34,2756.85,2757.97,-0.33,,5020104816.55,A
2025-08-24,2754.57,2770.80,2737.85,2739.95,-0.65,,6548638335.92,A
2025-08-25,2740.30,2764.95,2730.74,2761.26,0.77,,5753219652.78,A
2025-08-26,2764.30,2775.09,2760.73,2766.09,0.17,,4185315734.37,A
2025-08-27,2781.32,2822.79,2767.77,2819.10,1.91,,7683386441.70,A
2025-08-28,2820.00,2824.85,2778.92,2781.00,-1.35,,8095610445.99,A
2025-08-31,2784.12,2784.56,2745.69,2749.83,-1.12,,6061822379.10,A
2025-09-01,2768.39,2773.69,2741.39,2761.86,0.43,,5105746657.64,A
2025-09-02,2777.38,2791.67,2741.46,2741.97,-0.72,,4438251812.70,A
2025-09-03,2744.33,2749.88,2724.99,2726.33,-0.57,,4728052860.97,A
2025-09-04,2723.81,2732.75,2702.25,2719.77,-0.24,,5144322258.75,A
2025-09-07,2714.23,2727.47,2705.77,2708.25,-0.42,,4402767271.72,A
2025-09-08,2707.10,2711.84,2663.78,2672.25,-1.32,,5233766698.23,A
2025-09-18,2637.96,2637.97,2511.91,2511.91,-6.00,,728702830.70,A
2025-09-21,2488.04,2634.55,2483.15,2623.62,4.44,,8737881678.51,A
2025-09-23,2631.12,2682.28,2630.97,2682.25,2.23,,5292773925.38,A
2025-09-24,2683.54,2689.67,2645.30,2654.35,-1.03,,4124769656.78,A
2025-09-25,2654.00,2661.42,2637.37,2652.00,-0.08,,3260440604.17,A
2025-09-28,2655.79,2671.68,2647.96,2663.51,0.43,,2935914910.73,A
2025-10-07,2662.53,2664.99,2596.04,2604.96,-2.19,,4629042656.66,A
2025-10-08,2610.27,2610.31,2535.30,2559.59,-1.74,,5762701110.82,A
2025-10-09,2585.76,2677.09,2575.51,2582.18,0.88,,5273221479.75,A
2025-10-12,2583.97,2584.24,2493.16,2503.35,-3.05,,6707245266.37,A
2025-10-13,2521.00,2547.81,2478.39,2547.60,1.76,,4975408545.45,A
2025-10-14,2547.76,2553.57,2523.58,2528.16,-0.76,,3366198262.34,A
2025-10-15,2527.95,2528.59,2498.87,2505.58,-0.89,,3101830945.45,A
2025-10-16,2505.71,2522.59,2478.56,2487.17,-0.73,,3270054864.16,A
2025-10-19,2489.07,2507.12,2482.94,2503.85,0.67,,2791189909.03,A
2025-10-26,2503.32,2509.08,2469.37,2509.04,0.20,,2661302284.84,A
2025-10-28,2506.89,2576.41,2503.98,2571.34,2.48,,4573943405.50,A
2025-10-29,2570.58,2602.98,2557.74,2566.16,-0.20,,5459767681.89,A
2025-10-30,2568.62,2605.50,2548.39,2600.38,1.33,,7513938473.44,A
2025-11-02,2614.13,2638.12,2593.67,2631.14,1.18,,9203146429.51,A
2025-11-03,2629.66,2650.61,2610.96,2622.89,-0.31,,6052226903.77,A
2025-11-04,2623.73,2627.56,2587.28,2595.24,-1.05,,5150768938.97,A
2025-11-05,2596.81,2612.53,2576.83,2607.42,0.46,,4681922814.96,A
2025-11-06,2609.70,2622.44,2589.63,2596.12,-0.43,,5416939357.22,A
2025-11-09,2598.43,2599.27,2560.92,2566.09,-1.15,,4907624328.39,A
2025-11-10,2570.15,2576.85,2544.10,2561.94,-0.16,,4514408236.33,A
2025-11-11,2563.87,2569.99,2548.01,2565.16,0.12,,3626175110.66,A
2025-11-12,2565.72,2569.52,2540.24,2544.59,-0.80,,3848586411.67,A
2025-11-13,2538.53,2559.01,2530.32,2545.73,0.04,,3499817772.82,A
2025-11-16,2549.85,2550.18,2533.03,2540.57,-0.20,,3893975793.73,A
2025-11-17,2543.82,2555.32,2534.97,2550.36,0.38,,3946074358.89,A
2025-11-18,2549.20,2579.12,2547.42,2566.07,0.61,,4105406134.01,A
2025-11-19,2570.94,2580.09,2550.62,2561.08,-0.19,,3778632771.30,A
2025-11-20,2560.11,2563.92,2549.82,2560.29,-0.03,,4688868299.23,A
2025-11-23,2562.34,2600.93,2562.34,2600.22,1.55,,6286733916.87,A
2025-11-24,2601.20,2647.58,2601.11,2650.66,1.94,,7035480136.98,A
2025-11-25,2654.20,2658.19,2635.55,2655.99,0.20,,5823028663.96,A
2025-11-26,2661.64,2671.91,2647.39,2665.60,0.36,,6692971095.04,A
2025-11-27,2670.07,2678.29,2658.12,2676.03,0.39,,6662383143.46,A
2025-11-30,2675.17,2694.89,2644.13,2649.52,-0.99,,7085449433.59,A
2025-12-01,2648.33,2658.42,2630.66,2645.24,-0.16,,4716383580.85,A
2025-12-02,2640.90,2652.52,2638.17,2644.70,-0.02,,4481394149.97,A
2025-12-03,2647.52,2658.27,2623.10,2631.17,-0.51,,5235699337.33,A
2025-12-07,2629.69,2636.97,2602.95,2609.69,-0.81,,5334415331.05,A
2025-12-08,2609.79,2618.22,2601.38,2606.67,-0.11,,4669548742.61,A
2025-12-09,2607.35,2620.57,2605.60,2614.07,0.28,,3755027795.92,A
2025-12-10,2613.63,2618.53,2596.70,2609.03,-0.19,,3738772373.24,A
2025-12-11,2608.15,2611.99,2601.50,2607.37,-0.06,,3497979756.56,A
2025-12-14,2607.08,2614.31,2587.88,2594.87,-0.47,,4007455076.99,A
2025-12-15,2593.52,2602.89,2587.23,2601.61,0.25,,3441903770.17,A
2025-12-16,2602.19,2619.99,2600.86,2619.99,0.70,,3294227122.33,A
2025-12-17,2622.32,2632.81,2619.14,2625.69,0.21,,4053720782.10,A
2025-12-18,2629.92,2631.09,2608.89,2615.03,-0.40,,4577827903.19,A
2025-12-21,2614.45,2616.25,2588.73,2595.10,-0.76,,4528715671.14,A
2025-12-22,2595.07,2597.16,2574.84,2581.21,-0.53,,3515930718.49,A
2025-12-23,2579.38,2584.72,2568.94,2584.49,0.12,,3429893942.06,A
2025-12-24,2585.51,2593.57,2577.63,2585.87,0.05,,3224664663.45,A
2025-12-28,2586.64,2633.80,2586.41,2633.42,1.83,,5531370061.57,A
2025-12-29,2639.98,2642.67,2618.19,2622.88,-0.40,,4774786034.55,A
2025-12-31,2622.65,2643.64,2622.10,2633.76,0.41,,5134850052.24,A
2026-01-01,2634.96,2637.10,2613.50,2620.92,-0.48,,4713905470.50,A
2026-01-04,2616.81,2618.62,2604.42,2610.63,-0.39,,5017587294.33,A
2026-01-05,2610.57,2639.56,2609.51,2639.37,1.10,,6473736099.26,A
2026-01-06,2640.81,2662.66,2639.88,2649.30,0.37,,7123365296.18,A
2026-01-07,2651.04,2654.62,2630.86,2635.94,-0.50,,5175091991.59,A
2026-01-08,2633.84,2640.56,2627.88,2640.54,0.17,,4908094092.73,A
2026-01-12,2643.18,2651.76,2628.98,2635.00,-0.20,,6472607801.60,A
2026-01-13,2633.21,2653.66,2631.78,2639.91,0.18,,6990484039.45,A
2026-01-14,2636.51,2648.98,2633.00,2641.43,0.05,,6209438906.36,A
2026-01-18,2640.54,2672.73,2640.13,2672.55,1.17,,8402797775.59,A
2026-01-20,2679.10,2726.74,2678.81,2714.81,1.58,,11858421070.67,A
2026-01-21,2717.70,2728.05,2695.10,2705.38,-0.34,,8923650346.99,A
2026-01-22,2706.36,2714.67,2693.04,2714.61,0.34,,9073978098.78,A
2026-01-25,2716.25,2772.22,2715.78,2772.17,2.12,,13785729645.05,A
2026-01-26,2776.84,2788.09,2746.87,2769.09,-0.11,,16355730466.82,A
2026-01-27,2769.00,2782.96,2718.85,2726.51,-1.53,,14167179442.71,A
2026-01-28,2728.31,2735.55,2702.56,2731.59,0.18,,11493989185.27,A
2026-01-29,2732.04,2742.53,2710.04,2714.05,-0.64,,14563138865.71,A
2026-02-01,2714.86,2719.62,2688.08,2694.20,-0.73,,9109457278.45,A
2026-02-02,2680.46,2706.98,2679.86,2695.73,0.05,,8223965669.86,A
2026-02-03,2695.11,2709.89,2675.16,2683.15,-0.46,,8631512542.17,A
2026-02-04,2660.88,2702.90,2659.86,2681.50,-0.06,,7499742098.45,A
2026-02-05,2681.26,2709.00,2679.75,2708.70,1.01,,11582893800.91,A
2026-02-08,2712.33,2728.43,2695.20,2698.45,-0.37,,11659752143.11,A
2026-02-09,2701.60,2702.75,2665.02,2672.39,-0.96,,10773915289.21,A
2026-02-10,2671.86,2682.41,2655.30,2662.14,-0.38,,8616410132.45,A
2026-02-11,2674.06,2692.55,2656.36,2662.09,0.00,,8692250855.87,A
2026-02-12,2666.73,2681.65,2657.86,2671.07,0.33,,11102550966.55,A
2026-02-16,2674.53,2682.20,2657.67,2662.91,-0.30,,7942760220.64,A
2026-02-17,2663.57,2665.82,2636.40,2642.15,-0.77,,8364424555.43,A
2026-02-22,2640.66,2642.37,2610.70,2614.55,-1.04,,6699721204.47,A
2026-02-23,2613.40,2627.06,2608.95,2616.97,0.09,,5138649946.77,A
2026-02-24,2614.88,2638.64,2614.26,2638.60,0.82,,4232407613.55,A
2026-02-25,2637.96,2653.65,2637.79,2648.90,0.39,,4451149080.40,A
2026-02-26,2665.79,2666.22,2646.43,2654.93,0.22,,4174630515.28,A
2026-03-01,2661.44,2674.20,2626.70,2673.97,0.71,,5648319041.35,A
2026-03-03,2689.91,2712.60,2666.05,2712.49,1.44,,6234381480.75,A
2026-03-09,2757.13,2875.43,2757.12,2875.43,6.00,,285125835.29,A
2026-03-10,2909.64,2911.36,2796.13,2843.35,-1.11,,21502031320.33,A
2026-03-11,2852.62,2854.48,2793.39,2796.57,-1.64,,13180255157.51,A
2026-03-12,2800.05,2830.27,2781.00,2820.44,0.85,,14551946230.26,A
2026-03-15,2824.87,2839.35,2808.57,2824.90,0.15,,14329604315.89,A
2026-03-16,2827.18,2827.62,2792.13,2798.83,-0.92,,11974696088.00,A
2026-03-17,2800.71,2812.34,2787.37,2812.34,0.48,,12034406328.72,A
2026-03-19,2814.32,2882.86,2814.24,2877.03,2.30,,21223494886.97,A
2026-03-22,2891.07,2939.08,2890.68,2931.55,1.89,,23597712182.84,A
2026-03-23,2939.55,2941.53,2906.05,2936.56,0.17,,15786313440.11,A
2026-03-24,2943.61,2960.40,2928.34,2960.40,0.81,,14839183643.29,A
2026-03-25,2964.67,2969.50,2929.44,2935.94,-0.82,,15090416846.15,A
2026-03-26,2933.89,2951.28,2918.22,2950.16,0.48,,13162299017.47,A
2026-03-29,2958.68,2958.79,2872.99,2879.11,-2.40,,15033310867.98,A
2026-03-30,2881.80,2891.53,2821.82,2831.39,-1.65,,12966659168.04,A
2026-03-31,2830.44,2860.55,2788.84,2851.09,0.69,,11112418806.95,A
2026-04-01,2851.53,2851.65,2761.27,2776.36,-2.62,,12109525561.59,A
2026-04-02,2771.09,2808.96,2740.22,2782.18,0.20,,8819723335.29,A
2026-04-05,2778.27,2778.58,2672.50,2676.68,-3.79,,12380914570.46,A
2026-04-06,2675.75,2776.08,2669.70,2760.02,3.11,,10928506863.01,A
2026-04-07,2762.77,2794.94,2743.36,2757.40,-0.09,,6737148150.66,A
2026-04-08,2772.09,2802.52,2766.99,2802.52,1.63,,8318908441.51,A
2026-04-09,2805.17,2854.66,2797.49,2851.24,1.73,,9919210211.24,A
2026-04-10,2857.98,2866.63,2825.30,2837.78,-0.47,,8993280967.98,A
2026-04-13,2842.26,2849.09,2827.06,2833.60,-0.14,,8665568641.79,A
2026-04-15,2834.46,2879.21,2834.31,2866.87,1.17,,10537008796.56,A
2026-04-16,2868.76,2869.67,2822.68,2833.03,-1.18,,9312860808.27,A
2026-04-17,2835.24,2843.57,2808.02,2838.40,0.18,,7460698098.47,A
2026-04-20,2831.80,2846.39,2813.24,2825.23,-0.46,,5434240276.30,A
2026-04-21,2838.06,2838.59,2796.92,2807.12,-0.64,,5774317879.28,A
2026-04-22,2810.44,2818.20,2762.37,2804.17,-0.10,,7813947342.89,A
2026-04-23,2806.74,2817.10,2779.86,2787.15,-0.60,,5095905757.17,A
2026-04-24,2794.89,2794.89,2759.78,2788.70,0.05,,5270399727.63,A
2026-04-27,2795.74,2806.96,2789.22,2796.43,0.27,,4748809127.76,A
2026-04-28,2799.37,2812.29,2765.18,2770.26,-0.93,,6531723226.36,A
2026-04-29,2771.75,2774.16,2734.33,2744.45,-0.93,,4986294173.38,A
2026-04-30,2738.88,2745.55,2708.34,2738.72,-0.20,,4916626848.56,A
2026-05-04,2739.98,2742.58,2697.14,2704.08,-1.26,,4265385417.21,A
2026-05-05,2700.92,2726.18,2684.62,2712.86,0.32,,3439068392.76,A
2026-05-06,2717.62,2724.27,2705.55,2711.22,-0.06,,3197766779.16,A
2026-05-07,2706.67,2718.16,2700.97,2718.16,0.25,,2931968877.56,A
2026-05-08,2720.28,2745.79,2717.96,2745.65,1.01,,3286870559.39,A
2026-05-11,2747.62,2783.99,2747.18,2783.85,1.39,,4613563635.83,A
2026-05-12,2788.95,2802.38,2741.17,2744.40,-1.41,,4665020677.74,A
2026-05-13,2746.96,2747.84,2720.41,2740.25,-0.15,,2807446361.52,A
2026-05-14,2742.05,2743.25,2717.45,2730.17,-0.36,,3290244619.94,A
2026-05-15,2726.98,2744.05,2724.88,2731.94,0.06,,3097953486.77,A
2026-05-18,2738.73,2740.20,2722.67,2730.91,-0.03,,2450878449.29,A
2026-05-19,2727.52,2734.73,2719.27,2724.39,-0.23,,3087730962.63,A
2026-05-20,2722.19,2756.11,2720.75,2754.48,1.10,,3820895086.84,A
2026-05-21,2762.03,2764.14,2734.21,2742.11,-0.44,,3898418385.27,A
2026-05-22,2743.01,2758.49,2736.15,2758.49,0.59,,4498516094.10,A
2026-05-25,2752.96,2790.34,2752.46,2786.35,1.00,,5986412600.49,A
2026-05-26,2784.02,2791.85,2767.18,2777.10,-0.33,,4854444170.67,A
2026-05-27,2777.04,2785.33,2766.78,2782.10,0.17,,6030064840.95,A
2026-06-01,2783.00,2789.56,2745.20,2755.37,-0.96,,5614374928.73,A
2026-06-02,2758.05,2777.28,2745.66,2777.58,0.80,,5265275299.01,A
2026-06-03,2779.92,2799.15,2768.82,2780.25,0.09,,5738178165.24,A
2026-06-04,2779.84,2786.50,2762.74,2766.78,-0.48,,4703326944.96,A
2026-06-05,2759.69,2769.32,2749.26,2755.41,-0.41,,5624895823.70,A
2026-06-08,2749.98,2754.58,2726.38,2735.14,-0.73,,4084896190.31,A
2026-06-09,2739.80,2741.31,2701.86,2733.59,-0.05,,6443190291.71,A
2026-06-10,2722.80,2744.18,2722.66,2736.17,0.09,,4297464327.59,A
2026-06-11,2736.94,2740.61,2722.42,2728.03,-0.29,,3906244894.05,A
2026-06-12,2731.35,2733.31,2717.69,2724.03,-0.14,,4341094764.18,A
2026-06-15,2720.77,2729.59,2705.03,2711.76,-0.45,,4412048609.89,A
2026-06-16,2722.77,2722.81,2701.56,2705.45,-0.23,,4047858084.12,A
2026-06-17,2696.92,2714.67,2696.81,2705.53,0.00,,3637589010.09,A
2026-06-18,2699.03,2709.79,2692.76,2700.47,-0.18,,3414823798.67,A
2026-06-19,2709.26,2712.45,2691.86,2702.11,0.06,,4534983568.16,A
2026-06-22,2711.31,2719.16,2694.19,2700.65,-0.05,,4446520247.39,A
2026-06-23,2696.56,2700.01,2669.25,2674.48,-0.96,,4362194771.58,A
2026-06-24,2668.44,2678.29,2633.93,2660.02,-0.54,,4418607486.62,A
2026-06-25,2656.35,2663.47,2643.59,2651.52,-0.31,,2838279411.62,A
2026-06-26,2649.76,2662.44,2640.26,2649.51,-0.07,,3945804552.35,A
2026-06-29,2643.22,2649.11,2623.93,2632.96,-0.62,,2671832965.38,A
2026-06-30,2631.46,2638.17,2603.44,2608.33,-0.93,,3258758014.09,A
2026-07-01,2605.10,2654.02,2602.39,2652.93,1.70,,3861183410.26,A
2026-07-02,2659.68,2662.01,2625.46,2661.71,0.33,,4117785700.28,A
2026-07-03,2672.83,2673.14,2646.78,2653.40,-0.31,,4412339537.04,A
2026-07-06,2659.06,2661.46,2623.25,2627.11,-0.99,,3557981498.90,A
2026-07-07,2620.56,2651.86,2619.68,2651.68,0.93,,4400613242.10,A
2026-07-08,2646.67,2649.56,2610.33,2621.59,-1.13,,4826084825.27,A
2026-07-09,2619.69,2620.87,2595.76,2601.92,-0.75,,4611954782.83,A
2026-07-10,2595.75,2623.24,2592.67,2600.78,-0.04,,6860718658.00,A
2026-07-13,2599.58,2607.04,2566.27,2570.18,-1.17,,7468416116.81,A
2026-07-14,2569.47,2584.30,2546.69,2576.29,0.23,,8417570425.82,A
2026-07-15,2577.19,2601.99,2576.61,2590.29,0.54,,4170398049.64,A
2026-07-16,2605.32,2606.89,2581.09,2597.80,0.28,,2870096911.41,A
2026-07-17,2598.95,2677.64,2598.24,2677.54,3.06,,4575094723.51,A
2026-07-20,2661.83,2719.28,2659.53,2719.24,1.55,,5512688979.27,A
2026-07-21,2719.31,2754.08,2704.96,2726.49,0.26,,6671017971.84,A
2026-07-22,2719.46,2722.58,2694.54,2712.54,-0.51,,5187467073.77,A
2026-07-23,2695.38,2726.77,2689.30,2726.72,0.52,,4693449370.67,A
2026-07-24,2719.62,2747.23,2715.51,2734.60,0.28,,6267226722.57,A
2026-07-27,2715.45,2744.89,2693.03,2701.32,-1.21,,6080863354.65,A
2026-07-28,2704.71,2705.83,2680.87,2696.67,-0.17,,4427298446.66,A
2026-07-29,2698.41,2706.85,2681.15,2688.88,-0.28,,4029457701.28,A
2026-07-30,2658.53,2695.86,2657.63,2672.58,-0.60,,3381318248.01,A
2026-07-31,2665.75,2692.23,2653.23,2685.54,0.48,,3759722340.76,A
2026-08-03,2658.61,2705.46,2658.08,2684.33,-0.04,,4572084231.39,A
2026-08-04,2685.75,2687.17,2659.80,2663.18,-0.78,,4070853610.94,A
2026-08-05,2665.42,2673.12,2652.91,2667.97,0.18,,4409872057.71,A
2026-08-06,2667.41,2678.22,2647.72,2654.15,-0.51,,4622777442.28,A
2026-08-07,2652.66,2657.44,2641.93,2650.09,-0.15,,3774361541.21,A
2026-08-10,2651.50,2653.95,2636.28,2641.06,-0.34,,3674419766.29,A
2026-08-11,2631.21,2656.21,2629.76,2641.85,0.03,,4110974674.86,A
2026-08-12,2639.99,2648.57,2629.22,2642.40,0.02,,3532105518.26,A
2026-08-13,2642.77,2656.54,2636.93,2651.21,0.33,,3724731079.99,A
2026-08-14,2649.24,2653.48,2638.64,2643.83,-0.27,,4275675402.84,A
2026-08-17,2641.09,2648.57,2633.37,2641.82,-0.07,,5525511872.75,A
2026-08-18,2644.49,2646.86,2616.17,2622.48,-0.73,,5073518662.89,A
2026-08-19,2622.92,2627.11,2609.84,2622.22,0.00,,3298019571.28,A
2026-08-20,2622.00,2629.56,2608.38,2629.40,0.27,,4401409858.13,A
2026-08-21,2626.53,2631.28,2614.04,2618.72,-0.40,,4167618882.31,A
2026-08-24,2618.54,2620.13,2593.31,2599.58,-0.73,,3239760549.52,A
2026-08-25,2598.47,2608.73,2588.11,2594.27,-0.20,,4109751730.02,A
2026-08-26,2591.95,2592.12,2546.94,2558.35,-1.38,,4773857657.45,A
2026-08-27,2554.55,2566.78,2517.79,2557.31,-0.04,,3786454594.27,A
